,size,avg_latency_us,experiment,cloud,env,env_type,nodes,gpu_count
0,4.0,148.34,google/gke/gpu/osu_allreduce,google,gke,gpu,4,32
1,8.0,146.69,google/gke/gpu/osu_allreduce,google,gke,gpu,4,32
2,16.0,147.78,google/gke/gpu/osu_allreduce,google,gke,gpu,4,32
3,32.0,147.4,google/gke/gpu/osu_allreduce,google,gke,gpu,4,32
4,64.0,147.89,google/gke/gpu/osu_allreduce,google,gke,gpu,4,32
5,128.0,253.02,google/gke/gpu/osu_allreduce,google,gke,gpu,4,32
6,256.0,250.66,google/gke/gpu/osu_allreduce,google,gke,gpu,4,32
7,512.0,252.43,google/gke/gpu/osu_allreduce,google,gke,gpu,4,32
8,1024.0,262.48,google/gke/gpu/osu_allreduce,google,gke,gpu,4,32
9,2048.0,286.76,google/gke/gpu/osu_allreduce,google,gke,gpu,4,32
10,4096.0,294.68,google/gke/gpu/osu_allreduce,google,gke,gpu,4,32
11,8192.0,317.22,google/gke/gpu/osu_allreduce,google,gke,gpu,4,32
12,16384.0,348.85,google/gke/gpu/osu_allreduce,google,gke,gpu,4,32
13,32768.0,398.12,google/gke/gpu/osu_allreduce,google,gke,gpu,4,32
14,65536.0,479.1,google/gke/gpu/osu_allreduce,google,gke,gpu,4,32
15,131072.0,647.88,google/gke/gpu/osu_allreduce,google,gke,gpu,4,32
16,262144.0,1013.53,google/gke/gpu/osu_allreduce,google,gke,gpu,4,32
17,524288.0,1726.45,google/gke/gpu/osu_allreduce,google,gke,gpu,4,32
18,1048576.0,3521.65,google/gke/gpu/osu_allreduce,google,gke,gpu,4,32
19,4.0,144.63,google/gke/gpu/osu_allreduce,google,gke,gpu,4,32
20,8.0,140.97,google/gke/gpu/osu_allreduce,google,gke,gpu,4,32
21,16.0,141.3,google/gke/gpu/osu_allreduce,google,gke,gpu,4,32
22,32.0,145.43,google/gke/gpu/osu_allreduce,google,gke,gpu,4,32
23,64.0,144.82,google/gke/gpu/osu_allreduce,google,gke,gpu,4,32
24,128.0,249.9,google/gke/gpu/osu_allreduce,google,gke,gpu,4,32
25,256.0,251.15,google/gke/gpu/osu_allreduce,google,gke,gpu,4,32
26,512.0,247.97,google/gke/gpu/osu_allreduce,google,gke,gpu,4,32
27,1024.0,275.27,google/gke/gpu/osu_allreduce,google,gke,gpu,4,32
28,2048.0,304.15,google/gke/gpu/osu_allreduce,google,gke,gpu,4,32
29,4096.0,300.49,google/gke/gpu/osu_allreduce,google,gke,gpu,4,32
30,8192.0,315.67,google/gke/gpu/osu_allreduce,google,gke,gpu,4,32
31,16384.0,343.73,google/gke/gpu/osu_allreduce,google,gke,gpu,4,32
32,32768.0,395.13,google/gke/gpu/osu_allreduce,google,gke,gpu,4,32
33,65536.0,476.42,google/gke/gpu/osu_allreduce,google,gke,gpu,4,32
34,131072.0,654.61,google/gke/gpu/osu_allreduce,google,gke,gpu,4,32
35,262144.0,1022.78,google/gke/gpu/osu_allreduce,google,gke,gpu,4,32
36,524288.0,1728.12,google/gke/gpu/osu_allreduce,google,gke,gpu,4,32
37,1048576.0,3531.27,google/gke/gpu/osu_allreduce,google,gke,gpu,4,32
38,4.0,144.91,google/gke/gpu/osu_allreduce,google,gke,gpu,4,32
39,8.0,145.19,google/gke/gpu/osu_allreduce,google,gke,gpu,4,32
40,16.0,144.15,google/gke/gpu/osu_allreduce,google,gke,gpu,4,32
41,32.0,143.86,google/gke/gpu/osu_allreduce,google,gke,gpu,4,32
42,64.0,149.81,google/gke/gpu/osu_allreduce,google,gke,gpu,4,32
43,128.0,246.58,google/gke/gpu/osu_allreduce,google,gke,gpu,4,32
44,256.0,254.65,google/gke/gpu/osu_allreduce,google,gke,gpu,4,32
45,512.0,247.29,google/gke/gpu/osu_allreduce,google,gke,gpu,4,32
46,1024.0,254.09,google/gke/gpu/osu_allreduce,google,gke,gpu,4,32
47,2048.0,283.68,google/gke/gpu/osu_allreduce,google,gke,gpu,4,32
48,4096.0,289.21,google/gke/gpu/osu_allreduce,google,gke,gpu,4,32
49,8192.0,313.2,google/gke/gpu/osu_allreduce,google,gke,gpu,4,32
50,16384.0,345.32,google/gke/gpu/osu_allreduce,google,gke,gpu,4,32
51,32768.0,397.71,google/gke/gpu/osu_allreduce,google,gke,gpu,4,32
52,65536.0,470.76,google/gke/gpu/osu_allreduce,google,gke,gpu,4,32
53,131072.0,659.97,google/gke/gpu/osu_allreduce,google,gke,gpu,4,32
54,262144.0,1018.85,google/gke/gpu/osu_allreduce,google,gke,gpu,4,32
55,524288.0,1726.0,google/gke/gpu/osu_allreduce,google,gke,gpu,4,32
56,1048576.0,3528.87,google/gke/gpu/osu_allreduce,google,gke,gpu,4,32
57,4.0,149.22,google/gke/gpu/osu_allreduce,google,gke,gpu,4,32
58,8.0,148.99,google/gke/gpu/osu_allreduce,google,gke,gpu,4,32
59,16.0,154.48,google/gke/gpu/osu_allreduce,google,gke,gpu,4,32
60,32.0,147.99,google/gke/gpu/osu_allreduce,google,gke,gpu,4,32
61,64.0,154.05,google/gke/gpu/osu_allreduce,google,gke,gpu,4,32
62,128.0,253.6,google/gke/gpu/osu_allreduce,google,gke,gpu,4,32
63,256.0,255.83,google/gke/gpu/osu_allreduce,google,gke,gpu,4,32
64,512.0,255.92,google/gke/gpu/osu_allreduce,google,gke,gpu,4,32
65,1024.0,263.24,google/gke/gpu/osu_allreduce,google,gke,gpu,4,32
66,2048.0,287.37,google/gke/gpu/osu_allreduce,google,gke,gpu,4,32
67,4096.0,298.36,google/gke/gpu/osu_allreduce,google,gke,gpu,4,32
68,8192.0,328.01,google/gke/gpu/osu_allreduce,google,gke,gpu,4,32
69,16384.0,359.63,google/gke/gpu/osu_allreduce,google,gke,gpu,4,32
70,32768.0,403.49,google/gke/gpu/osu_allreduce,google,gke,gpu,4,32
71,65536.0,484.83,google/gke/gpu/osu_allreduce,google,gke,gpu,4,32
72,131072.0,666.55,google/gke/gpu/osu_allreduce,google,gke,gpu,4,32
73,262144.0,1015.0,google/gke/gpu/osu_allreduce,google,gke,gpu,4,32
74,524288.0,1727.63,google/gke/gpu/osu_allreduce,google,gke,gpu,4,32
75,1048576.0,3532.54,google/gke/gpu/osu_allreduce,google,gke,gpu,4,32
76,4.0,1460.08,google/compute-engine/gpu/osu_allreduce,google,compute-engine,gpu,4,32
77,8.0,2879.47,google/compute-engine/gpu/osu_allreduce,google,compute-engine,gpu,4,32
78,16.0,1383.28,google/compute-engine/gpu/osu_allreduce,google,compute-engine,gpu,4,32
79,32.0,900.97,google/compute-engine/gpu/osu_allreduce,google,compute-engine,gpu,4,32
80,64.0,1455.55,google/compute-engine/gpu/osu_allreduce,google,compute-engine,gpu,4,32
81,128.0,6536.93,google/compute-engine/gpu/osu_allreduce,google,compute-engine,gpu,4,32
82,256.0,6977.9,google/compute-engine/gpu/osu_allreduce,google,compute-engine,gpu,4,32
83,512.0,7457.98,google/compute-engine/gpu/osu_allreduce,google,compute-engine,gpu,4,32
84,1024.0,7591.48,google/compute-engine/gpu/osu_allreduce,google,compute-engine,gpu,4,32
85,2048.0,8259.52,google/compute-engine/gpu/osu_allreduce,google,compute-engine,gpu,4,32
86,4096.0,9867.84,google/compute-engine/gpu/osu_allreduce,google,compute-engine,gpu,4,32
87,8192.0,9382.92,google/compute-engine/gpu/osu_allreduce,google,compute-engine,gpu,4,32
88,16384.0,11120.29,google/compute-engine/gpu/osu_allreduce,google,compute-engine,gpu,4,32
89,32768.0,6696.03,google/compute-engine/gpu/osu_allreduce,google,compute-engine,gpu,4,32
90,65536.0,1889.54,google/compute-engine/gpu/osu_allreduce,google,compute-engine,gpu,4,32
91,131072.0,6104.61,google/compute-engine/gpu/osu_allreduce,google,compute-engine,gpu,4,32
92,262144.0,6234.43,google/compute-engine/gpu/osu_allreduce,google,compute-engine,gpu,4,32
93,524288.0,14970.47,google/compute-engine/gpu/osu_allreduce,google,compute-engine,gpu,4,32
94,1048576.0,14854.26,google/compute-engine/gpu/osu_allreduce,google,compute-engine,gpu,4,32
95,4.0,2167.16,google/compute-engine/gpu/osu_allreduce,google,compute-engine,gpu,4,32
96,8.0,1621.67,google/compute-engine/gpu/osu_allreduce,google,compute-engine,gpu,4,32
97,16.0,1515.93,google/compute-engine/gpu/osu_allreduce,google,compute-engine,gpu,4,32
98,32.0,1905.04,google/compute-engine/gpu/osu_allreduce,google,compute-engine,gpu,4,32
99,64.0,864.77,google/compute-engine/gpu/osu_allreduce,google,compute-engine,gpu,4,32
100,128.0,7218.73,google/compute-engine/gpu/osu_allreduce,google,compute-engine,gpu,4,32
101,256.0,8803.96,google/compute-engine/gpu/osu_allreduce,google,compute-engine,gpu,4,32
102,512.0,7944.37,google/compute-engine/gpu/osu_allreduce,google,compute-engine,gpu,4,32
103,1024.0,7372.2,google/compute-engine/gpu/osu_allreduce,google,compute-engine,gpu,4,32
104,2048.0,7371.11,google/compute-engine/gpu/osu_allreduce,google,compute-engine,gpu,4,32
105,4096.0,9028.17,google/compute-engine/gpu/osu_allreduce,google,compute-engine,gpu,4,32
106,8192.0,7643.04,google/compute-engine/gpu/osu_allreduce,google,compute-engine,gpu,4,32
107,16384.0,10829.68,google/compute-engine/gpu/osu_allreduce,google,compute-engine,gpu,4,32
108,32768.0,3900.07,google/compute-engine/gpu/osu_allreduce,google,compute-engine,gpu,4,32
109,65536.0,2306.47,google/compute-engine/gpu/osu_allreduce,google,compute-engine,gpu,4,32
110,131072.0,2571.35,google/compute-engine/gpu/osu_allreduce,google,compute-engine,gpu,4,32
111,262144.0,7300.71,google/compute-engine/gpu/osu_allreduce,google,compute-engine,gpu,4,32
112,524288.0,13188.72,google/compute-engine/gpu/osu_allreduce,google,compute-engine,gpu,4,32
113,1048576.0,23216.19,google/compute-engine/gpu/osu_allreduce,google,compute-engine,gpu,4,32
114,4.0,120.23,google/compute-engine/gpu/osu_allreduce,google,compute-engine,gpu,4,32
115,8.0,120.62,google/compute-engine/gpu/osu_allreduce,google,compute-engine,gpu,4,32
116,16.0,119.43,google/compute-engine/gpu/osu_allreduce,google,compute-engine,gpu,4,32
117,32.0,120.08,google/compute-engine/gpu/osu_allreduce,google,compute-engine,gpu,4,32
118,64.0,120.23,google/compute-engine/gpu/osu_allreduce,google,compute-engine,gpu,4,32
119,128.0,878.64,google/compute-engine/gpu/osu_allreduce,google,compute-engine,gpu,4,32
120,256.0,855.55,google/compute-engine/gpu/osu_allreduce,google,compute-engine,gpu,4,32
121,512.0,853.88,google/compute-engine/gpu/osu_allreduce,google,compute-engine,gpu,4,32
122,1024.0,849.81,google/compute-engine/gpu/osu_allreduce,google,compute-engine,gpu,4,32
123,2048.0,867.45,google/compute-engine/gpu/osu_allreduce,google,compute-engine,gpu,4,32
124,4096.0,1107.52,google/compute-engine/gpu/osu_allreduce,google,compute-engine,gpu,4,32
125,8192.0,1116.67,google/compute-engine/gpu/osu_allreduce,google,compute-engine,gpu,4,32
126,16384.0,1137.01,google/compute-engine/gpu/osu_allreduce,google,compute-engine,gpu,4,32
127,32768.0,448.19,google/compute-engine/gpu/osu_allreduce,google,compute-engine,gpu,4,32
128,65536.0,471.37,google/compute-engine/gpu/osu_allreduce,google,compute-engine,gpu,4,32
129,131072.0,1169.17,google/compute-engine/gpu/osu_allreduce,google,compute-engine,gpu,4,32
130,262144.0,1144.54,google/compute-engine/gpu/osu_allreduce,google,compute-engine,gpu,4,32
131,524288.0,1947.16,google/compute-engine/gpu/osu_allreduce,google,compute-engine,gpu,4,32
132,1048576.0,3680.22,google/compute-engine/gpu/osu_allreduce,google,compute-engine,gpu,4,32
133,4.0,124.94,google/compute-engine/gpu/osu_allreduce,google,compute-engine,gpu,4,32
134,8.0,123.73,google/compute-engine/gpu/osu_allreduce,google,compute-engine,gpu,4,32
135,16.0,123.68,google/compute-engine/gpu/osu_allreduce,google,compute-engine,gpu,4,32
136,32.0,126.95,google/compute-engine/gpu/osu_allreduce,google,compute-engine,gpu,4,32
137,64.0,123.45,google/compute-engine/gpu/osu_allreduce,google,compute-engine,gpu,4,32
138,128.0,1027.2,google/compute-engine/gpu/osu_allreduce,google,compute-engine,gpu,4,32
139,256.0,1017.35,google/compute-engine/gpu/osu_allreduce,google,compute-engine,gpu,4,32
140,512.0,1006.95,google/compute-engine/gpu/osu_allreduce,google,compute-engine,gpu,4,32
141,1024.0,948.44,google/compute-engine/gpu/osu_allreduce,google,compute-engine,gpu,4,32
142,2048.0,985.1,google/compute-engine/gpu/osu_allreduce,google,compute-engine,gpu,4,32
143,4096.0,1260.45,google/compute-engine/gpu/osu_allreduce,google,compute-engine,gpu,4,32
144,8192.0,1231.59,google/compute-engine/gpu/osu_allreduce,google,compute-engine,gpu,4,32
145,16384.0,1279.7,google/compute-engine/gpu/osu_allreduce,google,compute-engine,gpu,4,32
146,32768.0,818.21,google/compute-engine/gpu/osu_allreduce,google,compute-engine,gpu,4,32
147,65536.0,440.49,google/compute-engine/gpu/osu_allreduce,google,compute-engine,gpu,4,32
148,131072.0,1164.35,google/compute-engine/gpu/osu_allreduce,google,compute-engine,gpu,4,32
149,262144.0,1128.71,google/compute-engine/gpu/osu_allreduce,google,compute-engine,gpu,4,32
150,524288.0,1930.97,google/compute-engine/gpu/osu_allreduce,google,compute-engine,gpu,4,32
151,1048576.0,3625.9,google/compute-engine/gpu/osu_allreduce,google,compute-engine,gpu,4,32
152,4.0,122.61,google/compute-engine/gpu/osu_allreduce,google,compute-engine,gpu,4,32
153,8.0,120.59,google/compute-engine/gpu/osu_allreduce,google,compute-engine,gpu,4,32
154,16.0,124.77,google/compute-engine/gpu/osu_allreduce,google,compute-engine,gpu,4,32
155,32.0,121.92,google/compute-engine/gpu/osu_allreduce,google,compute-engine,gpu,4,32
156,64.0,121.73,google/compute-engine/gpu/osu_allreduce,google,compute-engine,gpu,4,32
157,128.0,1211.14,google/compute-engine/gpu/osu_allreduce,google,compute-engine,gpu,4,32
158,256.0,1205.27,google/compute-engine/gpu/osu_allreduce,google,compute-engine,gpu,4,32
159,512.0,1200.07,google/compute-engine/gpu/osu_allreduce,google,compute-engine,gpu,4,32
160,1024.0,1206.73,google/compute-engine/gpu/osu_allreduce,google,compute-engine,gpu,4,32
161,2048.0,1211.98,google/compute-engine/gpu/osu_allreduce,google,compute-engine,gpu,4,32
162,4096.0,1291.23,google/compute-engine/gpu/osu_allreduce,google,compute-engine,gpu,4,32
163,8192.0,1302.26,google/compute-engine/gpu/osu_allreduce,google,compute-engine,gpu,4,32
164,16384.0,1455.13,google/compute-engine/gpu/osu_allreduce,google,compute-engine,gpu,4,32
165,32768.0,1003.03,google/compute-engine/gpu/osu_allreduce,google,compute-engine,gpu,4,32
166,65536.0,456.58,google/compute-engine/gpu/osu_allreduce,google,compute-engine,gpu,4,32
167,131072.0,1148.02,google/compute-engine/gpu/osu_allreduce,google,compute-engine,gpu,4,32
168,262144.0,1139.79,google/compute-engine/gpu/osu_allreduce,google,compute-engine,gpu,4,32
169,524288.0,1900.22,google/compute-engine/gpu/osu_allreduce,google,compute-engine,gpu,4,32
170,1048576.0,3676.37,google/compute-engine/gpu/osu_allreduce,google,compute-engine,gpu,4,32
171,4.0,130.33,google/compute-engine/gpu/osu_allreduce,google,compute-engine,gpu,4,32
172,8.0,128.26,google/compute-engine/gpu/osu_allreduce,google,compute-engine,gpu,4,32
173,16.0,120.97,google/compute-engine/gpu/osu_allreduce,google,compute-engine,gpu,4,32
174,32.0,119.96,google/compute-engine/gpu/osu_allreduce,google,compute-engine,gpu,4,32
175,64.0,122.33,google/compute-engine/gpu/osu_allreduce,google,compute-engine,gpu,4,32
176,128.0,794.34,google/compute-engine/gpu/osu_allreduce,google,compute-engine,gpu,4,32
177,256.0,803.91,google/compute-engine/gpu/osu_allreduce,google,compute-engine,gpu,4,32
178,512.0,796.83,google/compute-engine/gpu/osu_allreduce,google,compute-engine,gpu,4,32
179,1024.0,790.73,google/compute-engine/gpu/osu_allreduce,google,compute-engine,gpu,4,32
180,2048.0,767.61,google/compute-engine/gpu/osu_allreduce,google,compute-engine,gpu,4,32
181,4096.0,1157.6,google/compute-engine/gpu/osu_allreduce,google,compute-engine,gpu,4,32
182,8192.0,1175.97,google/compute-engine/gpu/osu_allreduce,google,compute-engine,gpu,4,32
183,16384.0,1206.63,google/compute-engine/gpu/osu_allreduce,google,compute-engine,gpu,4,32
184,32768.0,453.68,google/compute-engine/gpu/osu_allreduce,google,compute-engine,gpu,4,32
185,65536.0,439.18,google/compute-engine/gpu/osu_allreduce,google,compute-engine,gpu,4,32
186,131072.0,1164.54,google/compute-engine/gpu/osu_allreduce,google,compute-engine,gpu,4,32
187,262144.0,1105.13,google/compute-engine/gpu/osu_allreduce,google,compute-engine,gpu,4,32
188,524288.0,1886.87,google/compute-engine/gpu/osu_allreduce,google,compute-engine,gpu,4,32
189,1048576.0,3615.52,google/compute-engine/gpu/osu_allreduce,google,compute-engine,gpu,4,32
190,4.0,120.64,google/compute-engine/gpu/osu_allreduce,google,compute-engine,gpu,4,32
191,8.0,117.45,google/compute-engine/gpu/osu_allreduce,google,compute-engine,gpu,4,32
192,16.0,118.16,google/compute-engine/gpu/osu_allreduce,google,compute-engine,gpu,4,32
193,32.0,119.35,google/compute-engine/gpu/osu_allreduce,google,compute-engine,gpu,4,32
194,64.0,121.69,google/compute-engine/gpu/osu_allreduce,google,compute-engine,gpu,4,32
195,128.0,1062.47,google/compute-engine/gpu/osu_allreduce,google,compute-engine,gpu,4,32
196,256.0,1067.66,google/compute-engine/gpu/osu_allreduce,google,compute-engine,gpu,4,32
197,512.0,1081.21,google/compute-engine/gpu/osu_allreduce,google,compute-engine,gpu,4,32
198,1024.0,1067.91,google/compute-engine/gpu/osu_allreduce,google,compute-engine,gpu,4,32
199,2048.0,1106.7,google/compute-engine/gpu/osu_allreduce,google,compute-engine,gpu,4,32
200,4096.0,1310.59,google/compute-engine/gpu/osu_allreduce,google,compute-engine,gpu,4,32
201,8192.0,1293.39,google/compute-engine/gpu/osu_allreduce,google,compute-engine,gpu,4,32
202,16384.0,1431.55,google/compute-engine/gpu/osu_allreduce,google,compute-engine,gpu,4,32
203,32768.0,794.28,google/compute-engine/gpu/osu_allreduce,google,compute-engine,gpu,4,32
204,65536.0,466.3,google/compute-engine/gpu/osu_allreduce,google,compute-engine,gpu,4,32
205,131072.0,1142.26,google/compute-engine/gpu/osu_allreduce,google,compute-engine,gpu,4,32
206,262144.0,1118.42,google/compute-engine/gpu/osu_allreduce,google,compute-engine,gpu,4,32
207,524288.0,1920.21,google/compute-engine/gpu/osu_allreduce,google,compute-engine,gpu,4,32
208,1048576.0,3623.13,google/compute-engine/gpu/osu_allreduce,google,compute-engine,gpu,4,32
209,4.0,7.61,on-premises/lassen/gpu/osu_allreduce,on-premises,lassen,gpu,8,32
210,8.0,7.53,on-premises/lassen/gpu/osu_allreduce,on-premises,lassen,gpu,8,32
211,16.0,7.75,on-premises/lassen/gpu/osu_allreduce,on-premises,lassen,gpu,8,32
212,32.0,7.08,on-premises/lassen/gpu/osu_allreduce,on-premises,lassen,gpu,8,32
213,64.0,7.13,on-premises/lassen/gpu/osu_allreduce,on-premises,lassen,gpu,8,32
214,128.0,7.59,on-premises/lassen/gpu/osu_allreduce,on-premises,lassen,gpu,8,32
215,256.0,9.36,on-premises/lassen/gpu/osu_allreduce,on-premises,lassen,gpu,8,32
216,512.0,10.76,on-premises/lassen/gpu/osu_allreduce,on-premises,lassen,gpu,8,32
217,1024.0,13.38,on-premises/lassen/gpu/osu_allreduce,on-premises,lassen,gpu,8,32
218,2048.0,16.63,on-premises/lassen/gpu/osu_allreduce,on-premises,lassen,gpu,8,32
219,4096.0,27.13,on-premises/lassen/gpu/osu_allreduce,on-premises,lassen,gpu,8,32
220,8192.0,41.19,on-premises/lassen/gpu/osu_allreduce,on-premises,lassen,gpu,8,32
221,16384.0,68.51,on-premises/lassen/gpu/osu_allreduce,on-premises,lassen,gpu,8,32
222,32768.0,87.94,on-premises/lassen/gpu/osu_allreduce,on-premises,lassen,gpu,8,32
223,65536.0,113.68,on-premises/lassen/gpu/osu_allreduce,on-premises,lassen,gpu,8,32
224,131072.0,182.26,on-premises/lassen/gpu/osu_allreduce,on-premises,lassen,gpu,8,32
225,262144.0,288.51,on-premises/lassen/gpu/osu_allreduce,on-premises,lassen,gpu,8,32
226,524288.0,591.88,on-premises/lassen/gpu/osu_allreduce,on-premises,lassen,gpu,8,32
227,1048576.0,918.48,on-premises/lassen/gpu/osu_allreduce,on-premises,lassen,gpu,8,32
228,4.0,7.51,on-premises/lassen/gpu/osu_allreduce,on-premises,lassen,gpu,8,32
229,8.0,7.42,on-premises/lassen/gpu/osu_allreduce,on-premises,lassen,gpu,8,32
230,16.0,7.17,on-premises/lassen/gpu/osu_allreduce,on-premises,lassen,gpu,8,32
231,32.0,7.43,on-premises/lassen/gpu/osu_allreduce,on-premises,lassen,gpu,8,32
232,64.0,7.18,on-premises/lassen/gpu/osu_allreduce,on-premises,lassen,gpu,8,32
233,128.0,7.61,on-premises/lassen/gpu/osu_allreduce,on-premises,lassen,gpu,8,32
234,256.0,9.54,on-premises/lassen/gpu/osu_allreduce,on-premises,lassen,gpu,8,32
235,512.0,10.93,on-premises/lassen/gpu/osu_allreduce,on-premises,lassen,gpu,8,32
236,1024.0,13.38,on-premises/lassen/gpu/osu_allreduce,on-premises,lassen,gpu,8,32
237,2048.0,16.57,on-premises/lassen/gpu/osu_allreduce,on-premises,lassen,gpu,8,32
238,4096.0,27.09,on-premises/lassen/gpu/osu_allreduce,on-premises,lassen,gpu,8,32
239,8192.0,41.32,on-premises/lassen/gpu/osu_allreduce,on-premises,lassen,gpu,8,32
240,16384.0,68.59,on-premises/lassen/gpu/osu_allreduce,on-premises,lassen,gpu,8,32
241,32768.0,87.71,on-premises/lassen/gpu/osu_allreduce,on-premises,lassen,gpu,8,32
242,65536.0,113.41,on-premises/lassen/gpu/osu_allreduce,on-premises,lassen,gpu,8,32
243,131072.0,187.3,on-premises/lassen/gpu/osu_allreduce,on-premises,lassen,gpu,8,32
244,262144.0,287.59,on-premises/lassen/gpu/osu_allreduce,on-premises,lassen,gpu,8,32
245,524288.0,586.68,on-premises/lassen/gpu/osu_allreduce,on-premises,lassen,gpu,8,32
246,1048576.0,914.73,on-premises/lassen/gpu/osu_allreduce,on-premises,lassen,gpu,8,32
247,4.0,7.84,on-premises/lassen/gpu/osu_allreduce,on-premises,lassen,gpu,8,32
248,8.0,8.22,on-premises/lassen/gpu/osu_allreduce,on-premises,lassen,gpu,8,32
249,16.0,7.62,on-premises/lassen/gpu/osu_allreduce,on-premises,lassen,gpu,8,32
250,32.0,7.15,on-premises/lassen/gpu/osu_allreduce,on-premises,lassen,gpu,8,32
251,64.0,7.21,on-premises/lassen/gpu/osu_allreduce,on-premises,lassen,gpu,8,32
252,128.0,7.63,on-premises/lassen/gpu/osu_allreduce,on-premises,lassen,gpu,8,32
253,256.0,9.49,on-premises/lassen/gpu/osu_allreduce,on-premises,lassen,gpu,8,32
254,512.0,10.76,on-premises/lassen/gpu/osu_allreduce,on-premises,lassen,gpu,8,32
255,1024.0,13.41,on-premises/lassen/gpu/osu_allreduce,on-premises,lassen,gpu,8,32
256,2048.0,16.64,on-premises/lassen/gpu/osu_allreduce,on-premises,lassen,gpu,8,32
257,4096.0,27.18,on-premises/lassen/gpu/osu_allreduce,on-premises,lassen,gpu,8,32
258,8192.0,41.13,on-premises/lassen/gpu/osu_allreduce,on-premises,lassen,gpu,8,32
259,16384.0,67.94,on-premises/lassen/gpu/osu_allreduce,on-premises,lassen,gpu,8,32
260,32768.0,87.63,on-premises/lassen/gpu/osu_allreduce,on-premises,lassen,gpu,8,32
261,65536.0,113.52,on-premises/lassen/gpu/osu_allreduce,on-premises,lassen,gpu,8,32
262,131072.0,200.14,on-premises/lassen/gpu/osu_allreduce,on-premises,lassen,gpu,8,32
263,262144.0,287.4,on-premises/lassen/gpu/osu_allreduce,on-premises,lassen,gpu,8,32
264,524288.0,587.66,on-premises/lassen/gpu/osu_allreduce,on-premises,lassen,gpu,8,32
265,1048576.0,917.38,on-premises/lassen/gpu/osu_allreduce,on-premises,lassen,gpu,8,32
266,4.0,8.99,on-premises/lassen/gpu/osu_allreduce,on-premises,lassen,gpu,8,32
267,8.0,9.03,on-premises/lassen/gpu/osu_allreduce,on-premises,lassen,gpu,8,32
268,16.0,7.03,on-premises/lassen/gpu/osu_allreduce,on-premises,lassen,gpu,8,32
269,32.0,7.16,on-premises/lassen/gpu/osu_allreduce,on-premises,lassen,gpu,8,32
270,64.0,7.16,on-premises/lassen/gpu/osu_allreduce,on-premises,lassen,gpu,8,32
271,128.0,7.66,on-premises/lassen/gpu/osu_allreduce,on-premises,lassen,gpu,8,32
272,256.0,9.42,on-premises/lassen/gpu/osu_allreduce,on-premises,lassen,gpu,8,32
273,512.0,10.72,on-premises/lassen/gpu/osu_allreduce,on-premises,lassen,gpu,8,32
274,1024.0,13.45,on-premises/lassen/gpu/osu_allreduce,on-premises,lassen,gpu,8,32
275,2048.0,16.59,on-premises/lassen/gpu/osu_allreduce,on-premises,lassen,gpu,8,32
276,4096.0,27.16,on-premises/lassen/gpu/osu_allreduce,on-premises,lassen,gpu,8,32
277,8192.0,41.07,on-premises/lassen/gpu/osu_allreduce,on-premises,lassen,gpu,8,32
278,16384.0,68.08,on-premises/lassen/gpu/osu_allreduce,on-premises,lassen,gpu,8,32
279,32768.0,87.92,on-premises/lassen/gpu/osu_allreduce,on-premises,lassen,gpu,8,32
280,65536.0,113.46,on-premises/lassen/gpu/osu_allreduce,on-premises,lassen,gpu,8,32
281,131072.0,187.61,on-premises/lassen/gpu/osu_allreduce,on-premises,lassen,gpu,8,32
282,262144.0,287.25,on-premises/lassen/gpu/osu_allreduce,on-premises,lassen,gpu,8,32
283,524288.0,591.68,on-premises/lassen/gpu/osu_allreduce,on-premises,lassen,gpu,8,32
284,1048576.0,916.68,on-premises/lassen/gpu/osu_allreduce,on-premises,lassen,gpu,8,32
285,4.0,7.79,on-premises/lassen/gpu/osu_allreduce,on-premises,lassen,gpu,8,32
286,8.0,7.54,on-premises/lassen/gpu/osu_allreduce,on-premises,lassen,gpu,8,32
287,16.0,7.61,on-premises/lassen/gpu/osu_allreduce,on-premises,lassen,gpu,8,32
288,32.0,7.4,on-premises/lassen/gpu/osu_allreduce,on-premises,lassen,gpu,8,32
289,64.0,7.07,on-premises/lassen/gpu/osu_allreduce,on-premises,lassen,gpu,8,32
290,128.0,7.64,on-premises/lassen/gpu/osu_allreduce,on-premises,lassen,gpu,8,32
291,256.0,9.41,on-premises/lassen/gpu/osu_allreduce,on-premises,lassen,gpu,8,32
292,512.0,10.75,on-premises/lassen/gpu/osu_allreduce,on-premises,lassen,gpu,8,32
293,1024.0,13.39,on-premises/lassen/gpu/osu_allreduce,on-premises,lassen,gpu,8,32
294,2048.0,16.59,on-premises/lassen/gpu/osu_allreduce,on-premises,lassen,gpu,8,32
295,4096.0,27.15,on-premises/lassen/gpu/osu_allreduce,on-premises,lassen,gpu,8,32
296,8192.0,41.11,on-premises/lassen/gpu/osu_allreduce,on-premises,lassen,gpu,8,32
297,16384.0,68.66,on-premises/lassen/gpu/osu_allreduce,on-premises,lassen,gpu,8,32
298,32768.0,87.79,on-premises/lassen/gpu/osu_allreduce,on-premises,lassen,gpu,8,32
299,65536.0,113.39,on-premises/lassen/gpu/osu_allreduce,on-premises,lassen,gpu,8,32
300,131072.0,186.86,on-premises/lassen/gpu/osu_allreduce,on-premises,lassen,gpu,8,32
301,262144.0,287.34,on-premises/lassen/gpu/osu_allreduce,on-premises,lassen,gpu,8,32
302,524288.0,590.69,on-premises/lassen/gpu/osu_allreduce,on-premises,lassen,gpu,8,32
303,1048576.0,913.19,on-premises/lassen/gpu/osu_allreduce,on-premises,lassen,gpu,8,32
304,4.0,7.58,on-premises/lassen/gpu/osu_allreduce,on-premises,lassen,gpu,8,32
305,8.0,8.05,on-premises/lassen/gpu/osu_allreduce,on-premises,lassen,gpu,8,32
306,16.0,7.7,on-premises/lassen/gpu/osu_allreduce,on-premises,lassen,gpu,8,32
307,32.0,7.55,on-premises/lassen/gpu/osu_allreduce,on-premises,lassen,gpu,8,32
308,64.0,7.58,on-premises/lassen/gpu/osu_allreduce,on-premises,lassen,gpu,8,32
309,128.0,8.1,on-premises/lassen/gpu/osu_allreduce,on-premises,lassen,gpu,8,32
310,256.0,9.67,on-premises/lassen/gpu/osu_allreduce,on-premises,lassen,gpu,8,32
311,512.0,11.02,on-premises/lassen/gpu/osu_allreduce,on-premises,lassen,gpu,8,32
312,1024.0,13.68,on-premises/lassen/gpu/osu_allreduce,on-premises,lassen,gpu,8,32
313,2048.0,16.89,on-premises/lassen/gpu/osu_allreduce,on-premises,lassen,gpu,8,32
314,4096.0,27.54,on-premises/lassen/gpu/osu_allreduce,on-premises,lassen,gpu,8,32
315,8192.0,41.45,on-premises/lassen/gpu/osu_allreduce,on-premises,lassen,gpu,8,32
316,16384.0,68.9,on-premises/lassen/gpu/osu_allreduce,on-premises,lassen,gpu,8,32
317,32768.0,88.73,on-premises/lassen/gpu/osu_allreduce,on-premises,lassen,gpu,8,32
318,65536.0,115.53,on-premises/lassen/gpu/osu_allreduce,on-premises,lassen,gpu,8,32
319,131072.0,183.3,on-premises/lassen/gpu/osu_allreduce,on-premises,lassen,gpu,8,32
320,262144.0,287.76,on-premises/lassen/gpu/osu_allreduce,on-premises,lassen,gpu,8,32
321,524288.0,590.11,on-premises/lassen/gpu/osu_allreduce,on-premises,lassen,gpu,8,32
322,1048576.0,913.99,on-premises/lassen/gpu/osu_allreduce,on-premises,lassen,gpu,8,32
323,4.0,8.63,on-premises/lassen/gpu/osu_allreduce,on-premises,lassen,gpu,8,32
324,8.0,8.39,on-premises/lassen/gpu/osu_allreduce,on-premises,lassen,gpu,8,32
325,16.0,8.06,on-premises/lassen/gpu/osu_allreduce,on-premises,lassen,gpu,8,32
326,32.0,8.19,on-premises/lassen/gpu/osu_allreduce,on-premises,lassen,gpu,8,32
327,64.0,7.52,on-premises/lassen/gpu/osu_allreduce,on-premises,lassen,gpu,8,32
328,128.0,8.18,on-premises/lassen/gpu/osu_allreduce,on-premises,lassen,gpu,8,32
329,256.0,9.68,on-premises/lassen/gpu/osu_allreduce,on-premises,lassen,gpu,8,32
330,512.0,11.07,on-premises/lassen/gpu/osu_allreduce,on-premises,lassen,gpu,8,32
331,1024.0,13.65,on-premises/lassen/gpu/osu_allreduce,on-premises,lassen,gpu,8,32
332,2048.0,16.95,on-premises/lassen/gpu/osu_allreduce,on-premises,lassen,gpu,8,32
333,4096.0,27.49,on-premises/lassen/gpu/osu_allreduce,on-premises,lassen,gpu,8,32
334,8192.0,41.58,on-premises/lassen/gpu/osu_allreduce,on-premises,lassen,gpu,8,32
335,16384.0,69.22,on-premises/lassen/gpu/osu_allreduce,on-premises,lassen,gpu,8,32
336,32768.0,88.8,on-premises/lassen/gpu/osu_allreduce,on-premises,lassen,gpu,8,32
337,65536.0,124.89,on-premises/lassen/gpu/osu_allreduce,on-premises,lassen,gpu,8,32
338,131072.0,177.6,on-premises/lassen/gpu/osu_allreduce,on-premises,lassen,gpu,8,32
339,262144.0,288.12,on-premises/lassen/gpu/osu_allreduce,on-premises,lassen,gpu,8,32
340,524288.0,588.68,on-premises/lassen/gpu/osu_allreduce,on-premises,lassen,gpu,8,32
341,1048576.0,915.31,on-premises/lassen/gpu/osu_allreduce,on-premises,lassen,gpu,8,32
342,4.0,7.6,on-premises/lassen/gpu/osu_allreduce,on-premises,lassen,gpu,8,32
343,8.0,8.75,on-premises/lassen/gpu/osu_allreduce,on-premises,lassen,gpu,8,32
344,16.0,7.73,on-premises/lassen/gpu/osu_allreduce,on-premises,lassen,gpu,8,32
345,32.0,7.53,on-premises/lassen/gpu/osu_allreduce,on-premises,lassen,gpu,8,32
346,64.0,7.49,on-premises/lassen/gpu/osu_allreduce,on-premises,lassen,gpu,8,32
347,128.0,8.07,on-premises/lassen/gpu/osu_allreduce,on-premises,lassen,gpu,8,32
348,256.0,9.72,on-premises/lassen/gpu/osu_allreduce,on-premises,lassen,gpu,8,32
349,512.0,11.02,on-premises/lassen/gpu/osu_allreduce,on-premises,lassen,gpu,8,32
350,1024.0,13.68,on-premises/lassen/gpu/osu_allreduce,on-premises,lassen,gpu,8,32
351,2048.0,16.91,on-premises/lassen/gpu/osu_allreduce,on-premises,lassen,gpu,8,32
352,4096.0,27.56,on-premises/lassen/gpu/osu_allreduce,on-premises,lassen,gpu,8,32
353,8192.0,41.73,on-premises/lassen/gpu/osu_allreduce,on-premises,lassen,gpu,8,32
354,16384.0,69.16,on-premises/lassen/gpu/osu_allreduce,on-premises,lassen,gpu,8,32
355,32768.0,88.66,on-premises/lassen/gpu/osu_allreduce,on-premises,lassen,gpu,8,32
356,65536.0,122.52,on-premises/lassen/gpu/osu_allreduce,on-premises,lassen,gpu,8,32
357,131072.0,177.22,on-premises/lassen/gpu/osu_allreduce,on-premises,lassen,gpu,8,32
358,262144.0,288.27,on-premises/lassen/gpu/osu_allreduce,on-premises,lassen,gpu,8,32
359,524288.0,588.97,on-premises/lassen/gpu/osu_allreduce,on-premises,lassen,gpu,8,32
360,1048576.0,917.05,on-premises/lassen/gpu/osu_allreduce,on-premises,lassen,gpu,8,32
361,4.0,10.38,on-premises/lassen/gpu/osu_allreduce,on-premises,lassen,gpu,8,32
362,8.0,8.27,on-premises/lassen/gpu/osu_allreduce,on-premises,lassen,gpu,8,32
363,16.0,7.56,on-premises/lassen/gpu/osu_allreduce,on-premises,lassen,gpu,8,32
364,32.0,7.35,on-premises/lassen/gpu/osu_allreduce,on-premises,lassen,gpu,8,32
365,64.0,7.48,on-premises/lassen/gpu/osu_allreduce,on-premises,lassen,gpu,8,32
366,128.0,8.02,on-premises/lassen/gpu/osu_allreduce,on-premises,lassen,gpu,8,32
367,256.0,9.69,on-premises/lassen/gpu/osu_allreduce,on-premises,lassen,gpu,8,32
368,512.0,11.01,on-premises/lassen/gpu/osu_allreduce,on-premises,lassen,gpu,8,32
369,1024.0,13.62,on-premises/lassen/gpu/osu_allreduce,on-premises,lassen,gpu,8,32
370,2048.0,16.93,on-premises/lassen/gpu/osu_allreduce,on-premises,lassen,gpu,8,32
371,4096.0,27.53,on-premises/lassen/gpu/osu_allreduce,on-premises,lassen,gpu,8,32
372,8192.0,41.71,on-premises/lassen/gpu/osu_allreduce,on-premises,lassen,gpu,8,32
373,16384.0,69.56,on-premises/lassen/gpu/osu_allreduce,on-premises,lassen,gpu,8,32
374,32768.0,89.02,on-premises/lassen/gpu/osu_allreduce,on-premises,lassen,gpu,8,32
375,65536.0,121.61,on-premises/lassen/gpu/osu_allreduce,on-premises,lassen,gpu,8,32
376,131072.0,177.92,on-premises/lassen/gpu/osu_allreduce,on-premises,lassen,gpu,8,32
377,262144.0,288.13,on-premises/lassen/gpu/osu_allreduce,on-premises,lassen,gpu,8,32
378,524288.0,589.43,on-premises/lassen/gpu/osu_allreduce,on-premises,lassen,gpu,8,32
379,1048576.0,915.88,on-premises/lassen/gpu/osu_allreduce,on-premises,lassen,gpu,8,32
380,4.0,10.02,on-premises/lassen/gpu/osu_allreduce,on-premises,lassen,gpu,8,32
381,8.0,8.07,on-premises/lassen/gpu/osu_allreduce,on-premises,lassen,gpu,8,32
382,16.0,7.6,on-premises/lassen/gpu/osu_allreduce,on-premises,lassen,gpu,8,32
383,32.0,7.52,on-premises/lassen/gpu/osu_allreduce,on-premises,lassen,gpu,8,32
384,64.0,7.45,on-premises/lassen/gpu/osu_allreduce,on-premises,lassen,gpu,8,32
385,128.0,8.15,on-premises/lassen/gpu/osu_allreduce,on-premises,lassen,gpu,8,32
386,256.0,9.64,on-premises/lassen/gpu/osu_allreduce,on-premises,lassen,gpu,8,32
387,512.0,11.04,on-premises/lassen/gpu/osu_allreduce,on-premises,lassen,gpu,8,32
388,1024.0,13.53,on-premises/lassen/gpu/osu_allreduce,on-premises,lassen,gpu,8,32
389,2048.0,16.99,on-premises/lassen/gpu/osu_allreduce,on-premises,lassen,gpu,8,32
390,4096.0,27.44,on-premises/lassen/gpu/osu_allreduce,on-premises,lassen,gpu,8,32
391,8192.0,41.99,on-premises/lassen/gpu/osu_allreduce,on-premises,lassen,gpu,8,32
392,16384.0,69.74,on-premises/lassen/gpu/osu_allreduce,on-premises,lassen,gpu,8,32
393,32768.0,89.16,on-premises/lassen/gpu/osu_allreduce,on-premises,lassen,gpu,8,32
394,65536.0,124.16,on-premises/lassen/gpu/osu_allreduce,on-premises,lassen,gpu,8,32
395,131072.0,177.4,on-premises/lassen/gpu/osu_allreduce,on-premises,lassen,gpu,8,32
396,262144.0,287.72,on-premises/lassen/gpu/osu_allreduce,on-premises,lassen,gpu,8,32
397,524288.0,592.71,on-premises/lassen/gpu/osu_allreduce,on-premises,lassen,gpu,8,32
398,1048576.0,917.04,on-premises/lassen/gpu/osu_allreduce,on-premises,lassen,gpu,8,32
399,4.0,9.61,on-premises/lassen/gpu/osu_allreduce,on-premises,lassen,gpu,8,32
400,8.0,8.33,on-premises/lassen/gpu/osu_allreduce,on-premises,lassen,gpu,8,32
401,16.0,8.29,on-premises/lassen/gpu/osu_allreduce,on-premises,lassen,gpu,8,32
402,32.0,7.4,on-premises/lassen/gpu/osu_allreduce,on-premises,lassen,gpu,8,32
403,64.0,7.42,on-premises/lassen/gpu/osu_allreduce,on-premises,lassen,gpu,8,32
404,128.0,8.02,on-premises/lassen/gpu/osu_allreduce,on-premises,lassen,gpu,8,32
405,256.0,9.76,on-premises/lassen/gpu/osu_allreduce,on-premises,lassen,gpu,8,32
406,512.0,11.17,on-premises/lassen/gpu/osu_allreduce,on-premises,lassen,gpu,8,32
407,1024.0,13.77,on-premises/lassen/gpu/osu_allreduce,on-premises,lassen,gpu,8,32
408,2048.0,17.02,on-premises/lassen/gpu/osu_allreduce,on-premises,lassen,gpu,8,32
409,4096.0,27.57,on-premises/lassen/gpu/osu_allreduce,on-premises,lassen,gpu,8,32
410,8192.0,41.58,on-premises/lassen/gpu/osu_allreduce,on-premises,lassen,gpu,8,32
411,16384.0,70.04,on-premises/lassen/gpu/osu_allreduce,on-premises,lassen,gpu,8,32
412,32768.0,89.09,on-premises/lassen/gpu/osu_allreduce,on-premises,lassen,gpu,8,32
413,65536.0,118.43,on-premises/lassen/gpu/osu_allreduce,on-premises,lassen,gpu,8,32
414,131072.0,178.71,on-premises/lassen/gpu/osu_allreduce,on-premises,lassen,gpu,8,32
415,262144.0,294.07,on-premises/lassen/gpu/osu_allreduce,on-premises,lassen,gpu,8,32
416,524288.0,588.7,on-premises/lassen/gpu/osu_allreduce,on-premises,lassen,gpu,8,32
417,1048576.0,916.91,on-premises/lassen/gpu/osu_allreduce,on-premises,lassen,gpu,8,32
418,4.0,7.93,on-premises/lassen/gpu/osu_allreduce,on-premises,lassen,gpu,8,32
419,8.0,8.44,on-premises/lassen/gpu/osu_allreduce,on-premises,lassen,gpu,8,32
420,16.0,7.6,on-premises/lassen/gpu/osu_allreduce,on-premises,lassen,gpu,8,32
421,32.0,7.58,on-premises/lassen/gpu/osu_allreduce,on-premises,lassen,gpu,8,32
422,64.0,7.55,on-premises/lassen/gpu/osu_allreduce,on-premises,lassen,gpu,8,32
423,128.0,8.04,on-premises/lassen/gpu/osu_allreduce,on-premises,lassen,gpu,8,32
424,256.0,9.79,on-premises/lassen/gpu/osu_allreduce,on-premises,lassen,gpu,8,32
425,512.0,11.13,on-premises/lassen/gpu/osu_allreduce,on-premises,lassen,gpu,8,32
426,1024.0,13.79,on-premises/lassen/gpu/osu_allreduce,on-premises,lassen,gpu,8,32
427,2048.0,17.05,on-premises/lassen/gpu/osu_allreduce,on-premises,lassen,gpu,8,32
428,4096.0,27.52,on-premises/lassen/gpu/osu_allreduce,on-premises,lassen,gpu,8,32
429,8192.0,41.5,on-premises/lassen/gpu/osu_allreduce,on-premises,lassen,gpu,8,32
430,16384.0,69.95,on-premises/lassen/gpu/osu_allreduce,on-premises,lassen,gpu,8,32
431,32768.0,89.07,on-premises/lassen/gpu/osu_allreduce,on-premises,lassen,gpu,8,32
432,65536.0,124.41,on-premises/lassen/gpu/osu_allreduce,on-premises,lassen,gpu,8,32
433,131072.0,177.43,on-premises/lassen/gpu/osu_allreduce,on-premises,lassen,gpu,8,32
434,262144.0,287.68,on-premises/lassen/gpu/osu_allreduce,on-premises,lassen,gpu,8,32
435,524288.0,588.83,on-premises/lassen/gpu/osu_allreduce,on-premises,lassen,gpu,8,32
436,1048576.0,919.64,on-premises/lassen/gpu/osu_allreduce,on-premises,lassen,gpu,8,32
437,4.0,8.0,on-premises/lassen/gpu/osu_allreduce,on-premises,lassen,gpu,8,32
438,8.0,7.79,on-premises/lassen/gpu/osu_allreduce,on-premises,lassen,gpu,8,32
439,16.0,7.52,on-premises/lassen/gpu/osu_allreduce,on-premises,lassen,gpu,8,32
440,32.0,7.46,on-premises/lassen/gpu/osu_allreduce,on-premises,lassen,gpu,8,32
441,64.0,7.57,on-premises/lassen/gpu/osu_allreduce,on-premises,lassen,gpu,8,32
442,128.0,8.01,on-premises/lassen/gpu/osu_allreduce,on-premises,lassen,gpu,8,32
443,256.0,9.77,on-premises/lassen/gpu/osu_allreduce,on-premises,lassen,gpu,8,32
444,512.0,11.14,on-premises/lassen/gpu/osu_allreduce,on-premises,lassen,gpu,8,32
445,1024.0,13.76,on-premises/lassen/gpu/osu_allreduce,on-premises,lassen,gpu,8,32
446,2048.0,17.04,on-premises/lassen/gpu/osu_allreduce,on-premises,lassen,gpu,8,32
447,4096.0,27.48,on-premises/lassen/gpu/osu_allreduce,on-premises,lassen,gpu,8,32
448,8192.0,41.61,on-premises/lassen/gpu/osu_allreduce,on-premises,lassen,gpu,8,32
449,16384.0,69.79,on-premises/lassen/gpu/osu_allreduce,on-premises,lassen,gpu,8,32
450,32768.0,89.16,on-premises/lassen/gpu/osu_allreduce,on-premises,lassen,gpu,8,32
451,65536.0,116.8,on-premises/lassen/gpu/osu_allreduce,on-premises,lassen,gpu,8,32
452,131072.0,177.91,on-premises/lassen/gpu/osu_allreduce,on-premises,lassen,gpu,8,32
453,262144.0,288.15,on-premises/lassen/gpu/osu_allreduce,on-premises,lassen,gpu,8,32
454,524288.0,589.89,on-premises/lassen/gpu/osu_allreduce,on-premises,lassen,gpu,8,32
455,1048576.0,918.48,on-premises/lassen/gpu/osu_allreduce,on-premises,lassen,gpu,8,32
456,4.0,8.79,on-premises/lassen/gpu/osu_allreduce,on-premises,lassen,gpu,8,32
457,8.0,9.52,on-premises/lassen/gpu/osu_allreduce,on-premises,lassen,gpu,8,32
458,16.0,7.61,on-premises/lassen/gpu/osu_allreduce,on-premises,lassen,gpu,8,32
459,32.0,7.38,on-premises/lassen/gpu/osu_allreduce,on-premises,lassen,gpu,8,32
460,64.0,7.48,on-premises/lassen/gpu/osu_allreduce,on-premises,lassen,gpu,8,32
461,128.0,8.06,on-premises/lassen/gpu/osu_allreduce,on-premises,lassen,gpu,8,32
462,256.0,9.81,on-premises/lassen/gpu/osu_allreduce,on-premises,lassen,gpu,8,32
463,512.0,11.16,on-premises/lassen/gpu/osu_allreduce,on-premises,lassen,gpu,8,32
464,1024.0,13.81,on-premises/lassen/gpu/osu_allreduce,on-premises,lassen,gpu,8,32
465,2048.0,17.0,on-premises/lassen/gpu/osu_allreduce,on-premises,lassen,gpu,8,32
466,4096.0,27.51,on-premises/lassen/gpu/osu_allreduce,on-premises,lassen,gpu,8,32
467,8192.0,41.64,on-premises/lassen/gpu/osu_allreduce,on-premises,lassen,gpu,8,32
468,16384.0,69.94,on-premises/lassen/gpu/osu_allreduce,on-premises,lassen,gpu,8,32
469,32768.0,89.42,on-premises/lassen/gpu/osu_allreduce,on-premises,lassen,gpu,8,32
470,65536.0,126.52,on-premises/lassen/gpu/osu_allreduce,on-premises,lassen,gpu,8,32
471,131072.0,177.03,on-premises/lassen/gpu/osu_allreduce,on-premises,lassen,gpu,8,32
472,262144.0,288.12,on-premises/lassen/gpu/osu_allreduce,on-premises,lassen,gpu,8,32
473,524288.0,590.14,on-premises/lassen/gpu/osu_allreduce,on-premises,lassen,gpu,8,32
474,1048576.0,913.87,on-premises/lassen/gpu/osu_allreduce,on-premises,lassen,gpu,8,32
475,4.0,8.4,on-premises/lassen/gpu/osu_allreduce,on-premises,lassen,gpu,8,32
476,8.0,7.67,on-premises/lassen/gpu/osu_allreduce,on-premises,lassen,gpu,8,32
477,16.0,8.06,on-premises/lassen/gpu/osu_allreduce,on-premises,lassen,gpu,8,32
478,32.0,7.7,on-premises/lassen/gpu/osu_allreduce,on-premises,lassen,gpu,8,32
479,64.0,7.53,on-premises/lassen/gpu/osu_allreduce,on-premises,lassen,gpu,8,32
480,128.0,8.05,on-premises/lassen/gpu/osu_allreduce,on-premises,lassen,gpu,8,32
481,256.0,9.77,on-premises/lassen/gpu/osu_allreduce,on-premises,lassen,gpu,8,32
482,512.0,11.14,on-premises/lassen/gpu/osu_allreduce,on-premises,lassen,gpu,8,32
483,1024.0,13.77,on-premises/lassen/gpu/osu_allreduce,on-premises,lassen,gpu,8,32
484,2048.0,17.09,on-premises/lassen/gpu/osu_allreduce,on-premises,lassen,gpu,8,32
485,4096.0,27.44,on-premises/lassen/gpu/osu_allreduce,on-premises,lassen,gpu,8,32
486,8192.0,41.66,on-premises/lassen/gpu/osu_allreduce,on-premises,lassen,gpu,8,32
487,16384.0,70.09,on-premises/lassen/gpu/osu_allreduce,on-premises,lassen,gpu,8,32
488,32768.0,89.72,on-premises/lassen/gpu/osu_allreduce,on-premises,lassen,gpu,8,32
489,65536.0,122.95,on-premises/lassen/gpu/osu_allreduce,on-premises,lassen,gpu,8,32
490,131072.0,178.63,on-premises/lassen/gpu/osu_allreduce,on-premises,lassen,gpu,8,32
491,262144.0,288.28,on-premises/lassen/gpu/osu_allreduce,on-premises,lassen,gpu,8,32
492,524288.0,588.48,on-premises/lassen/gpu/osu_allreduce,on-premises,lassen,gpu,8,32
493,1048576.0,919.14,on-premises/lassen/gpu/osu_allreduce,on-premises,lassen,gpu,8,32
494,4.0,9.11,on-premises/lassen/gpu/osu_allreduce,on-premises,lassen,gpu,8,32
495,8.0,8.45,on-premises/lassen/gpu/osu_allreduce,on-premises,lassen,gpu,8,32
496,16.0,7.55,on-premises/lassen/gpu/osu_allreduce,on-premises,lassen,gpu,8,32
497,32.0,7.35,on-premises/lassen/gpu/osu_allreduce,on-premises,lassen,gpu,8,32
498,64.0,7.39,on-premises/lassen/gpu/osu_allreduce,on-premises,lassen,gpu,8,32
499,128.0,8.11,on-premises/lassen/gpu/osu_allreduce,on-premises,lassen,gpu,8,32
500,256.0,9.75,on-premises/lassen/gpu/osu_allreduce,on-premises,lassen,gpu,8,32
501,512.0,11.13,on-premises/lassen/gpu/osu_allreduce,on-premises,lassen,gpu,8,32
502,1024.0,13.76,on-premises/lassen/gpu/osu_allreduce,on-premises,lassen,gpu,8,32
503,2048.0,17.01,on-premises/lassen/gpu/osu_allreduce,on-premises,lassen,gpu,8,32
504,4096.0,27.49,on-premises/lassen/gpu/osu_allreduce,on-premises,lassen,gpu,8,32
505,8192.0,41.74,on-premises/lassen/gpu/osu_allreduce,on-premises,lassen,gpu,8,32
506,16384.0,70.12,on-premises/lassen/gpu/osu_allreduce,on-premises,lassen,gpu,8,32
507,32768.0,89.41,on-premises/lassen/gpu/osu_allreduce,on-premises,lassen,gpu,8,32
508,65536.0,125.95,on-premises/lassen/gpu/osu_allreduce,on-premises,lassen,gpu,8,32
509,131072.0,178.19,on-premises/lassen/gpu/osu_allreduce,on-premises,lassen,gpu,8,32
510,262144.0,290.94,on-premises/lassen/gpu/osu_allreduce,on-premises,lassen,gpu,8,32
511,524288.0,590.75,on-premises/lassen/gpu/osu_allreduce,on-premises,lassen,gpu,8,32
512,1048576.0,918.94,on-premises/lassen/gpu/osu_allreduce,on-premises,lassen,gpu,8,32
513,4.0,9.8,on-premises/lassen/gpu/osu_allreduce,on-premises,lassen,gpu,8,32
514,8.0,7.9,on-premises/lassen/gpu/osu_allreduce,on-premises,lassen,gpu,8,32
515,16.0,7.54,on-premises/lassen/gpu/osu_allreduce,on-premises,lassen,gpu,8,32
516,32.0,7.49,on-premises/lassen/gpu/osu_allreduce,on-premises,lassen,gpu,8,32
517,64.0,7.42,on-premises/lassen/gpu/osu_allreduce,on-premises,lassen,gpu,8,32
518,128.0,8.03,on-premises/lassen/gpu/osu_allreduce,on-premises,lassen,gpu,8,32
519,256.0,9.75,on-premises/lassen/gpu/osu_allreduce,on-premises,lassen,gpu,8,32
520,512.0,11.21,on-premises/lassen/gpu/osu_allreduce,on-premises,lassen,gpu,8,32
521,1024.0,13.79,on-premises/lassen/gpu/osu_allreduce,on-premises,lassen,gpu,8,32
522,2048.0,17.02,on-premises/lassen/gpu/osu_allreduce,on-premises,lassen,gpu,8,32
523,4096.0,27.47,on-premises/lassen/gpu/osu_allreduce,on-premises,lassen,gpu,8,32
524,8192.0,41.64,on-premises/lassen/gpu/osu_allreduce,on-premises,lassen,gpu,8,32
525,16384.0,70.07,on-premises/lassen/gpu/osu_allreduce,on-premises,lassen,gpu,8,32
526,32768.0,89.12,on-premises/lassen/gpu/osu_allreduce,on-premises,lassen,gpu,8,32
527,65536.0,127.47,on-premises/lassen/gpu/osu_allreduce,on-premises,lassen,gpu,8,32
528,131072.0,177.24,on-premises/lassen/gpu/osu_allreduce,on-premises,lassen,gpu,8,32
529,262144.0,287.78,on-premises/lassen/gpu/osu_allreduce,on-premises,lassen,gpu,8,32
530,524288.0,590.13,on-premises/lassen/gpu/osu_allreduce,on-premises,lassen,gpu,8,32
531,1048576.0,919.05,on-premises/lassen/gpu/osu_allreduce,on-premises,lassen,gpu,8,32
532,4.0,8.73,on-premises/lassen/gpu/osu_allreduce,on-premises,lassen,gpu,8,32
533,8.0,8.09,on-premises/lassen/gpu/osu_allreduce,on-premises,lassen,gpu,8,32
534,16.0,7.96,on-premises/lassen/gpu/osu_allreduce,on-premises,lassen,gpu,8,32
535,32.0,7.44,on-premises/lassen/gpu/osu_allreduce,on-premises,lassen,gpu,8,32
536,64.0,7.52,on-premises/lassen/gpu/osu_allreduce,on-premises,lassen,gpu,8,32
537,128.0,8.08,on-premises/lassen/gpu/osu_allreduce,on-premises,lassen,gpu,8,32
538,256.0,9.79,on-premises/lassen/gpu/osu_allreduce,on-premises,lassen,gpu,8,32
539,512.0,11.13,on-premises/lassen/gpu/osu_allreduce,on-premises,lassen,gpu,8,32
540,1024.0,13.82,on-premises/lassen/gpu/osu_allreduce,on-premises,lassen,gpu,8,32
541,2048.0,17.03,on-premises/lassen/gpu/osu_allreduce,on-premises,lassen,gpu,8,32
542,4096.0,27.51,on-premises/lassen/gpu/osu_allreduce,on-premises,lassen,gpu,8,32
543,8192.0,41.71,on-premises/lassen/gpu/osu_allreduce,on-premises,lassen,gpu,8,32
544,16384.0,70.14,on-premises/lassen/gpu/osu_allreduce,on-premises,lassen,gpu,8,32
545,32768.0,89.43,on-premises/lassen/gpu/osu_allreduce,on-premises,lassen,gpu,8,32
546,65536.0,132.86,on-premises/lassen/gpu/osu_allreduce,on-premises,lassen,gpu,8,32
547,131072.0,177.96,on-premises/lassen/gpu/osu_allreduce,on-premises,lassen,gpu,8,32
548,262144.0,288.69,on-premises/lassen/gpu/osu_allreduce,on-premises,lassen,gpu,8,32
549,524288.0,588.49,on-premises/lassen/gpu/osu_allreduce,on-premises,lassen,gpu,8,32
550,1048576.0,917.78,on-premises/lassen/gpu/osu_allreduce,on-premises,lassen,gpu,8,32
551,4.0,7.38,on-premises/lassen/gpu/osu_allreduce,on-premises,lassen,gpu,8,32
552,8.0,9.1,on-premises/lassen/gpu/osu_allreduce,on-premises,lassen,gpu,8,32
553,16.0,8.08,on-premises/lassen/gpu/osu_allreduce,on-premises,lassen,gpu,8,32
554,32.0,7.42,on-premises/lassen/gpu/osu_allreduce,on-premises,lassen,gpu,8,32
555,64.0,7.56,on-premises/lassen/gpu/osu_allreduce,on-premises,lassen,gpu,8,32
556,128.0,8.06,on-premises/lassen/gpu/osu_allreduce,on-premises,lassen,gpu,8,32
557,256.0,9.78,on-premises/lassen/gpu/osu_allreduce,on-premises,lassen,gpu,8,32
558,512.0,11.2,on-premises/lassen/gpu/osu_allreduce,on-premises,lassen,gpu,8,32
559,1024.0,13.82,on-premises/lassen/gpu/osu_allreduce,on-premises,lassen,gpu,8,32
560,2048.0,17.04,on-premises/lassen/gpu/osu_allreduce,on-premises,lassen,gpu,8,32
561,4096.0,27.57,on-premises/lassen/gpu/osu_allreduce,on-premises,lassen,gpu,8,32
562,8192.0,41.61,on-premises/lassen/gpu/osu_allreduce,on-premises,lassen,gpu,8,32
563,16384.0,70.01,on-premises/lassen/gpu/osu_allreduce,on-premises,lassen,gpu,8,32
564,32768.0,88.99,on-premises/lassen/gpu/osu_allreduce,on-premises,lassen,gpu,8,32
565,65536.0,132.38,on-premises/lassen/gpu/osu_allreduce,on-premises,lassen,gpu,8,32
566,131072.0,180.34,on-premises/lassen/gpu/osu_allreduce,on-premises,lassen,gpu,8,32
567,262144.0,288.71,on-premises/lassen/gpu/osu_allreduce,on-premises,lassen,gpu,8,32
568,524288.0,590.09,on-premises/lassen/gpu/osu_allreduce,on-premises,lassen,gpu,8,32
569,1048576.0,914.23,on-premises/lassen/gpu/osu_allreduce,on-premises,lassen,gpu,8,32
570,4.0,7.76,on-premises/lassen/gpu/osu_allreduce,on-premises,lassen,gpu,8,32
571,8.0,8.09,on-premises/lassen/gpu/osu_allreduce,on-premises,lassen,gpu,8,32
572,16.0,8.17,on-premises/lassen/gpu/osu_allreduce,on-premises,lassen,gpu,8,32
573,32.0,7.44,on-premises/lassen/gpu/osu_allreduce,on-premises,lassen,gpu,8,32
574,64.0,7.69,on-premises/lassen/gpu/osu_allreduce,on-premises,lassen,gpu,8,32
575,128.0,8.06,on-premises/lassen/gpu/osu_allreduce,on-premises,lassen,gpu,8,32
576,256.0,9.83,on-premises/lassen/gpu/osu_allreduce,on-premises,lassen,gpu,8,32
577,512.0,11.11,on-premises/lassen/gpu/osu_allreduce,on-premises,lassen,gpu,8,32
578,1024.0,13.78,on-premises/lassen/gpu/osu_allreduce,on-premises,lassen,gpu,8,32
579,2048.0,16.98,on-premises/lassen/gpu/osu_allreduce,on-premises,lassen,gpu,8,32
580,4096.0,27.51,on-premises/lassen/gpu/osu_allreduce,on-premises,lassen,gpu,8,32
581,8192.0,41.56,on-premises/lassen/gpu/osu_allreduce,on-premises,lassen,gpu,8,32
582,16384.0,70.17,on-premises/lassen/gpu/osu_allreduce,on-premises,lassen,gpu,8,32
583,32768.0,89.32,on-premises/lassen/gpu/osu_allreduce,on-premises,lassen,gpu,8,32
584,65536.0,119.61,on-premises/lassen/gpu/osu_allreduce,on-premises,lassen,gpu,8,32
585,131072.0,177.73,on-premises/lassen/gpu/osu_allreduce,on-premises,lassen,gpu,8,32
586,262144.0,288.39,on-premises/lassen/gpu/osu_allreduce,on-premises,lassen,gpu,8,32
587,524288.0,587.48,on-premises/lassen/gpu/osu_allreduce,on-premises,lassen,gpu,8,32
588,1048576.0,914.95,on-premises/lassen/gpu/osu_allreduce,on-premises,lassen,gpu,8,32
589,4.0,8.33,on-premises/lassen/gpu/osu_allreduce,on-premises,lassen,gpu,8,32
590,8.0,8.45,on-premises/lassen/gpu/osu_allreduce,on-premises,lassen,gpu,8,32
591,16.0,7.6,on-premises/lassen/gpu/osu_allreduce,on-premises,lassen,gpu,8,32
592,32.0,7.46,on-premises/lassen/gpu/osu_allreduce,on-premises,lassen,gpu,8,32
593,64.0,7.55,on-premises/lassen/gpu/osu_allreduce,on-premises,lassen,gpu,8,32
594,128.0,8.15,on-premises/lassen/gpu/osu_allreduce,on-premises,lassen,gpu,8,32
595,256.0,9.65,on-premises/lassen/gpu/osu_allreduce,on-premises,lassen,gpu,8,32
596,512.0,11.0,on-premises/lassen/gpu/osu_allreduce,on-premises,lassen,gpu,8,32
597,1024.0,13.67,on-premises/lassen/gpu/osu_allreduce,on-premises,lassen,gpu,8,32
598,2048.0,16.94,on-premises/lassen/gpu/osu_allreduce,on-premises,lassen,gpu,8,32
599,4096.0,27.49,on-premises/lassen/gpu/osu_allreduce,on-premises,lassen,gpu,8,32
600,8192.0,41.59,on-premises/lassen/gpu/osu_allreduce,on-premises,lassen,gpu,8,32
601,16384.0,69.63,on-premises/lassen/gpu/osu_allreduce,on-premises,lassen,gpu,8,32
602,32768.0,88.93,on-premises/lassen/gpu/osu_allreduce,on-premises,lassen,gpu,8,32
603,65536.0,126.4,on-premises/lassen/gpu/osu_allreduce,on-premises,lassen,gpu,8,32
604,131072.0,178.05,on-premises/lassen/gpu/osu_allreduce,on-premises,lassen,gpu,8,32
605,262144.0,287.71,on-premises/lassen/gpu/osu_allreduce,on-premises,lassen,gpu,8,32
606,524288.0,588.26,on-premises/lassen/gpu/osu_allreduce,on-premises,lassen,gpu,8,32
607,1048576.0,916.82,on-premises/lassen/gpu/osu_allreduce,on-premises,lassen,gpu,8,32
608,4.0,8.61,on-premises/lassen/gpu/osu_allreduce,on-premises,lassen,gpu,8,32
609,8.0,8.52,on-premises/lassen/gpu/osu_allreduce,on-premises,lassen,gpu,8,32
610,16.0,7.79,on-premises/lassen/gpu/osu_allreduce,on-premises,lassen,gpu,8,32
611,32.0,7.42,on-premises/lassen/gpu/osu_allreduce,on-premises,lassen,gpu,8,32
612,64.0,7.52,on-premises/lassen/gpu/osu_allreduce,on-premises,lassen,gpu,8,32
613,128.0,8.08,on-premises/lassen/gpu/osu_allreduce,on-premises,lassen,gpu,8,32
614,256.0,9.68,on-premises/lassen/gpu/osu_allreduce,on-premises,lassen,gpu,8,32
615,512.0,11.01,on-premises/lassen/gpu/osu_allreduce,on-premises,lassen,gpu,8,32
616,1024.0,13.61,on-premises/lassen/gpu/osu_allreduce,on-premises,lassen,gpu,8,32
617,2048.0,16.92,on-premises/lassen/gpu/osu_allreduce,on-premises,lassen,gpu,8,32
618,4096.0,27.51,on-premises/lassen/gpu/osu_allreduce,on-premises,lassen,gpu,8,32
619,8192.0,41.65,on-premises/lassen/gpu/osu_allreduce,on-premises,lassen,gpu,8,32
620,16384.0,69.98,on-premises/lassen/gpu/osu_allreduce,on-premises,lassen,gpu,8,32
621,32768.0,88.92,on-premises/lassen/gpu/osu_allreduce,on-premises,lassen,gpu,8,32
622,65536.0,125.35,on-premises/lassen/gpu/osu_allreduce,on-premises,lassen,gpu,8,32
623,131072.0,177.19,on-premises/lassen/gpu/osu_allreduce,on-premises,lassen,gpu,8,32
624,262144.0,288.86,on-premises/lassen/gpu/osu_allreduce,on-premises,lassen,gpu,8,32
625,524288.0,588.51,on-premises/lassen/gpu/osu_allreduce,on-premises,lassen,gpu,8,32
626,1048576.0,913.98,on-premises/lassen/gpu/osu_allreduce,on-premises,lassen,gpu,8,32
627,4.0,8.83,on-premises/lassen/gpu/osu_allreduce,on-premises,lassen,gpu,8,32
628,8.0,8.13,on-premises/lassen/gpu/osu_allreduce,on-premises,lassen,gpu,8,32
629,16.0,7.95,on-premises/lassen/gpu/osu_allreduce,on-premises,lassen,gpu,8,32
630,32.0,7.44,on-premises/lassen/gpu/osu_allreduce,on-premises,lassen,gpu,8,32
631,64.0,7.48,on-premises/lassen/gpu/osu_allreduce,on-premises,lassen,gpu,8,32
632,128.0,8.28,on-premises/lassen/gpu/osu_allreduce,on-premises,lassen,gpu,8,32
633,256.0,9.79,on-premises/lassen/gpu/osu_allreduce,on-premises,lassen,gpu,8,32
634,512.0,11.18,on-premises/lassen/gpu/osu_allreduce,on-premises,lassen,gpu,8,32
635,1024.0,13.72,on-premises/lassen/gpu/osu_allreduce,on-premises,lassen,gpu,8,32
636,2048.0,17.02,on-premises/lassen/gpu/osu_allreduce,on-premises,lassen,gpu,8,32
637,4096.0,27.52,on-premises/lassen/gpu/osu_allreduce,on-premises,lassen,gpu,8,32
638,8192.0,41.88,on-premises/lassen/gpu/osu_allreduce,on-premises,lassen,gpu,8,32
639,16384.0,69.38,on-premises/lassen/gpu/osu_allreduce,on-premises,lassen,gpu,8,32
640,32768.0,88.84,on-premises/lassen/gpu/osu_allreduce,on-premises,lassen,gpu,8,32
641,65536.0,125.34,on-premises/lassen/gpu/osu_allreduce,on-premises,lassen,gpu,8,32
642,131072.0,177.7,on-premises/lassen/gpu/osu_allreduce,on-premises,lassen,gpu,8,32
643,262144.0,288.38,on-premises/lassen/gpu/osu_allreduce,on-premises,lassen,gpu,8,32
644,524288.0,590.77,on-premises/lassen/gpu/osu_allreduce,on-premises,lassen,gpu,8,32
645,1048576.0,917.69,on-premises/lassen/gpu/osu_allreduce,on-premises,lassen,gpu,8,32
646,4.0,7.69,on-premises/lassen/gpu/osu_allreduce,on-premises,lassen,gpu,8,32
647,8.0,8.53,on-premises/lassen/gpu/osu_allreduce,on-premises,lassen,gpu,8,32
648,16.0,8.2,on-premises/lassen/gpu/osu_allreduce,on-premises,lassen,gpu,8,32
649,32.0,7.56,on-premises/lassen/gpu/osu_allreduce,on-premises,lassen,gpu,8,32
650,64.0,7.51,on-premises/lassen/gpu/osu_allreduce,on-premises,lassen,gpu,8,32
651,128.0,8.07,on-premises/lassen/gpu/osu_allreduce,on-premises,lassen,gpu,8,32
652,256.0,9.62,on-premises/lassen/gpu/osu_allreduce,on-premises,lassen,gpu,8,32
653,512.0,11.01,on-premises/lassen/gpu/osu_allreduce,on-premises,lassen,gpu,8,32
654,1024.0,13.61,on-premises/lassen/gpu/osu_allreduce,on-premises,lassen,gpu,8,32
655,2048.0,16.93,on-premises/lassen/gpu/osu_allreduce,on-premises,lassen,gpu,8,32
656,4096.0,27.49,on-premises/lassen/gpu/osu_allreduce,on-premises,lassen,gpu,8,32
657,8192.0,41.67,on-premises/lassen/gpu/osu_allreduce,on-premises,lassen,gpu,8,32
658,16384.0,69.63,on-premises/lassen/gpu/osu_allreduce,on-premises,lassen,gpu,8,32
659,32768.0,89.09,on-premises/lassen/gpu/osu_allreduce,on-premises,lassen,gpu,8,32
660,65536.0,130.45,on-premises/lassen/gpu/osu_allreduce,on-premises,lassen,gpu,8,32
661,131072.0,178.51,on-premises/lassen/gpu/osu_allreduce,on-premises,lassen,gpu,8,32
662,262144.0,288.38,on-premises/lassen/gpu/osu_allreduce,on-premises,lassen,gpu,8,32
663,524288.0,590.71,on-premises/lassen/gpu/osu_allreduce,on-premises,lassen,gpu,8,32
664,1048576.0,917.41,on-premises/lassen/gpu/osu_allreduce,on-premises,lassen,gpu,8,32
665,4.0,9.27,on-premises/lassen/gpu/osu_allreduce,on-premises,lassen,gpu,8,32
666,8.0,8.57,on-premises/lassen/gpu/osu_allreduce,on-premises,lassen,gpu,8,32
667,16.0,7.59,on-premises/lassen/gpu/osu_allreduce,on-premises,lassen,gpu,8,32
668,32.0,7.56,on-premises/lassen/gpu/osu_allreduce,on-premises,lassen,gpu,8,32
669,64.0,7.6,on-premises/lassen/gpu/osu_allreduce,on-premises,lassen,gpu,8,32
670,128.0,8.16,on-premises/lassen/gpu/osu_allreduce,on-premises,lassen,gpu,8,32
671,256.0,9.74,on-premises/lassen/gpu/osu_allreduce,on-premises,lassen,gpu,8,32
672,512.0,11.09,on-premises/lassen/gpu/osu_allreduce,on-premises,lassen,gpu,8,32
673,1024.0,13.63,on-premises/lassen/gpu/osu_allreduce,on-premises,lassen,gpu,8,32
674,2048.0,16.97,on-premises/lassen/gpu/osu_allreduce,on-premises,lassen,gpu,8,32
675,4096.0,27.5,on-premises/lassen/gpu/osu_allreduce,on-premises,lassen,gpu,8,32
676,8192.0,41.77,on-premises/lassen/gpu/osu_allreduce,on-premises,lassen,gpu,8,32
677,16384.0,69.45,on-premises/lassen/gpu/osu_allreduce,on-premises,lassen,gpu,8,32
678,32768.0,89.19,on-premises/lassen/gpu/osu_allreduce,on-premises,lassen,gpu,8,32
679,65536.0,124.66,on-premises/lassen/gpu/osu_allreduce,on-premises,lassen,gpu,8,32
680,131072.0,177.41,on-premises/lassen/gpu/osu_allreduce,on-premises,lassen,gpu,8,32
681,262144.0,288.81,on-premises/lassen/gpu/osu_allreduce,on-premises,lassen,gpu,8,32
682,524288.0,588.39,on-premises/lassen/gpu/osu_allreduce,on-premises,lassen,gpu,8,32
683,1048576.0,916.67,on-premises/lassen/gpu/osu_allreduce,on-premises,lassen,gpu,8,32
684,4.0,131.86,azure/cyclecloud/gpu/osu_allreduce,azure,cyclecloud,gpu,4,32
685,8.0,131.27,azure/cyclecloud/gpu/osu_allreduce,azure,cyclecloud,gpu,4,32
686,16.0,130.92,azure/cyclecloud/gpu/osu_allreduce,azure,cyclecloud,gpu,4,32
687,32.0,132.36,azure/cyclecloud/gpu/osu_allreduce,azure,cyclecloud,gpu,4,32
688,64.0,132.6,azure/cyclecloud/gpu/osu_allreduce,azure,cyclecloud,gpu,4,32
689,128.0,134.57,azure/cyclecloud/gpu/osu_allreduce,azure,cyclecloud,gpu,4,32
690,256.0,133.15,azure/cyclecloud/gpu/osu_allreduce,azure,cyclecloud,gpu,4,32
691,512.0,134.32,azure/cyclecloud/gpu/osu_allreduce,azure,cyclecloud,gpu,4,32
692,1024.0,136.78,azure/cyclecloud/gpu/osu_allreduce,azure,cyclecloud,gpu,4,32
693,2048.0,143.21,azure/cyclecloud/gpu/osu_allreduce,azure,cyclecloud,gpu,4,32
694,4096.0,247.61,azure/cyclecloud/gpu/osu_allreduce,azure,cyclecloud,gpu,4,32
695,8192.0,255.18,azure/cyclecloud/gpu/osu_allreduce,azure,cyclecloud,gpu,4,32
696,16384.0,260.31,azure/cyclecloud/gpu/osu_allreduce,azure,cyclecloud,gpu,4,32
697,32768.0,272.9,azure/cyclecloud/gpu/osu_allreduce,azure,cyclecloud,gpu,4,32
698,65536.0,295.11,azure/cyclecloud/gpu/osu_allreduce,azure,cyclecloud,gpu,4,32
699,131072.0,321.65,azure/cyclecloud/gpu/osu_allreduce,azure,cyclecloud,gpu,4,32
700,262144.0,400.4,azure/cyclecloud/gpu/osu_allreduce,azure,cyclecloud,gpu,4,32
701,524288.0,610.81,azure/cyclecloud/gpu/osu_allreduce,azure,cyclecloud,gpu,4,32
702,1048576.0,1088.39,azure/cyclecloud/gpu/osu_allreduce,azure,cyclecloud,gpu,4,32
703,4.0,131.75,azure/cyclecloud/gpu/osu_allreduce,azure,cyclecloud,gpu,4,32
704,8.0,130.94,azure/cyclecloud/gpu/osu_allreduce,azure,cyclecloud,gpu,4,32
705,16.0,131.0,azure/cyclecloud/gpu/osu_allreduce,azure,cyclecloud,gpu,4,32
706,32.0,132.94,azure/cyclecloud/gpu/osu_allreduce,azure,cyclecloud,gpu,4,32
707,64.0,132.18,azure/cyclecloud/gpu/osu_allreduce,azure,cyclecloud,gpu,4,32
708,128.0,133.54,azure/cyclecloud/gpu/osu_allreduce,azure,cyclecloud,gpu,4,32
709,256.0,133.71,azure/cyclecloud/gpu/osu_allreduce,azure,cyclecloud,gpu,4,32
710,512.0,134.0,azure/cyclecloud/gpu/osu_allreduce,azure,cyclecloud,gpu,4,32
711,1024.0,137.37,azure/cyclecloud/gpu/osu_allreduce,azure,cyclecloud,gpu,4,32
712,2048.0,142.95,azure/cyclecloud/gpu/osu_allreduce,azure,cyclecloud,gpu,4,32
713,4096.0,244.72,azure/cyclecloud/gpu/osu_allreduce,azure,cyclecloud,gpu,4,32
714,8192.0,257.17,azure/cyclecloud/gpu/osu_allreduce,azure,cyclecloud,gpu,4,32
715,16384.0,260.1,azure/cyclecloud/gpu/osu_allreduce,azure,cyclecloud,gpu,4,32
716,32768.0,271.53,azure/cyclecloud/gpu/osu_allreduce,azure,cyclecloud,gpu,4,32
717,65536.0,294.98,azure/cyclecloud/gpu/osu_allreduce,azure,cyclecloud,gpu,4,32
718,131072.0,321.0,azure/cyclecloud/gpu/osu_allreduce,azure,cyclecloud,gpu,4,32
719,262144.0,396.72,azure/cyclecloud/gpu/osu_allreduce,azure,cyclecloud,gpu,4,32
720,524288.0,615.54,azure/cyclecloud/gpu/osu_allreduce,azure,cyclecloud,gpu,4,32
721,1048576.0,1077.07,azure/cyclecloud/gpu/osu_allreduce,azure,cyclecloud,gpu,4,32
722,4.0,132.0,azure/cyclecloud/gpu/osu_allreduce,azure,cyclecloud,gpu,4,32
723,8.0,131.0,azure/cyclecloud/gpu/osu_allreduce,azure,cyclecloud,gpu,4,32
724,16.0,130.82,azure/cyclecloud/gpu/osu_allreduce,azure,cyclecloud,gpu,4,32
725,32.0,132.76,azure/cyclecloud/gpu/osu_allreduce,azure,cyclecloud,gpu,4,32
726,64.0,132.47,azure/cyclecloud/gpu/osu_allreduce,azure,cyclecloud,gpu,4,32
727,128.0,135.22,azure/cyclecloud/gpu/osu_allreduce,azure,cyclecloud,gpu,4,32
728,256.0,134.48,azure/cyclecloud/gpu/osu_allreduce,azure,cyclecloud,gpu,4,32
729,512.0,134.03,azure/cyclecloud/gpu/osu_allreduce,azure,cyclecloud,gpu,4,32
730,1024.0,136.74,azure/cyclecloud/gpu/osu_allreduce,azure,cyclecloud,gpu,4,32
731,2048.0,143.12,azure/cyclecloud/gpu/osu_allreduce,azure,cyclecloud,gpu,4,32
732,4096.0,247.52,azure/cyclecloud/gpu/osu_allreduce,azure,cyclecloud,gpu,4,32
733,8192.0,258.09,azure/cyclecloud/gpu/osu_allreduce,azure,cyclecloud,gpu,4,32
734,16384.0,261.01,azure/cyclecloud/gpu/osu_allreduce,azure,cyclecloud,gpu,4,32
735,32768.0,272.88,azure/cyclecloud/gpu/osu_allreduce,azure,cyclecloud,gpu,4,32
736,65536.0,294.65,azure/cyclecloud/gpu/osu_allreduce,azure,cyclecloud,gpu,4,32
737,131072.0,321.16,azure/cyclecloud/gpu/osu_allreduce,azure,cyclecloud,gpu,4,32
738,262144.0,395.71,azure/cyclecloud/gpu/osu_allreduce,azure,cyclecloud,gpu,4,32
739,524288.0,607.93,azure/cyclecloud/gpu/osu_allreduce,azure,cyclecloud,gpu,4,32
740,1048576.0,1073.72,azure/cyclecloud/gpu/osu_allreduce,azure,cyclecloud,gpu,4,32
741,4.0,131.83,azure/cyclecloud/gpu/osu_allreduce,azure,cyclecloud,gpu,4,32
742,8.0,130.95,azure/cyclecloud/gpu/osu_allreduce,azure,cyclecloud,gpu,4,32
743,16.0,130.87,azure/cyclecloud/gpu/osu_allreduce,azure,cyclecloud,gpu,4,32
744,32.0,132.35,azure/cyclecloud/gpu/osu_allreduce,azure,cyclecloud,gpu,4,32
745,64.0,132.39,azure/cyclecloud/gpu/osu_allreduce,azure,cyclecloud,gpu,4,32
746,128.0,134.33,azure/cyclecloud/gpu/osu_allreduce,azure,cyclecloud,gpu,4,32
747,256.0,133.08,azure/cyclecloud/gpu/osu_allreduce,azure,cyclecloud,gpu,4,32
748,512.0,133.79,azure/cyclecloud/gpu/osu_allreduce,azure,cyclecloud,gpu,4,32
749,1024.0,136.79,azure/cyclecloud/gpu/osu_allreduce,azure,cyclecloud,gpu,4,32
750,2048.0,143.01,azure/cyclecloud/gpu/osu_allreduce,azure,cyclecloud,gpu,4,32
751,4096.0,242.86,azure/cyclecloud/gpu/osu_allreduce,azure,cyclecloud,gpu,4,32
752,8192.0,259.29,azure/cyclecloud/gpu/osu_allreduce,azure,cyclecloud,gpu,4,32
753,16384.0,259.61,azure/cyclecloud/gpu/osu_allreduce,azure,cyclecloud,gpu,4,32
754,32768.0,271.49,azure/cyclecloud/gpu/osu_allreduce,azure,cyclecloud,gpu,4,32
755,65536.0,296.05,azure/cyclecloud/gpu/osu_allreduce,azure,cyclecloud,gpu,4,32
756,131072.0,320.89,azure/cyclecloud/gpu/osu_allreduce,azure,cyclecloud,gpu,4,32
757,262144.0,397.08,azure/cyclecloud/gpu/osu_allreduce,azure,cyclecloud,gpu,4,32
758,524288.0,606.67,azure/cyclecloud/gpu/osu_allreduce,azure,cyclecloud,gpu,4,32
759,1048576.0,1069.25,azure/cyclecloud/gpu/osu_allreduce,azure,cyclecloud,gpu,4,32
760,4.0,131.59,azure/cyclecloud/gpu/osu_allreduce,azure,cyclecloud,gpu,4,32
761,8.0,130.63,azure/cyclecloud/gpu/osu_allreduce,azure,cyclecloud,gpu,4,32
762,16.0,130.61,azure/cyclecloud/gpu/osu_allreduce,azure,cyclecloud,gpu,4,32
763,32.0,132.42,azure/cyclecloud/gpu/osu_allreduce,azure,cyclecloud,gpu,4,32
764,64.0,132.27,azure/cyclecloud/gpu/osu_allreduce,azure,cyclecloud,gpu,4,32
765,128.0,134.77,azure/cyclecloud/gpu/osu_allreduce,azure,cyclecloud,gpu,4,32
766,256.0,133.19,azure/cyclecloud/gpu/osu_allreduce,azure,cyclecloud,gpu,4,32
767,512.0,133.93,azure/cyclecloud/gpu/osu_allreduce,azure,cyclecloud,gpu,4,32
768,1024.0,136.69,azure/cyclecloud/gpu/osu_allreduce,azure,cyclecloud,gpu,4,32
769,2048.0,143.31,azure/cyclecloud/gpu/osu_allreduce,azure,cyclecloud,gpu,4,32
770,4096.0,249.53,azure/cyclecloud/gpu/osu_allreduce,azure,cyclecloud,gpu,4,32
771,8192.0,256.7,azure/cyclecloud/gpu/osu_allreduce,azure,cyclecloud,gpu,4,32
772,16384.0,259.54,azure/cyclecloud/gpu/osu_allreduce,azure,cyclecloud,gpu,4,32
773,32768.0,272.29,azure/cyclecloud/gpu/osu_allreduce,azure,cyclecloud,gpu,4,32
774,65536.0,298.49,azure/cyclecloud/gpu/osu_allreduce,azure,cyclecloud,gpu,4,32
775,131072.0,320.06,azure/cyclecloud/gpu/osu_allreduce,azure,cyclecloud,gpu,4,32
776,262144.0,394.73,azure/cyclecloud/gpu/osu_allreduce,azure,cyclecloud,gpu,4,32
777,524288.0,606.64,azure/cyclecloud/gpu/osu_allreduce,azure,cyclecloud,gpu,4,32
778,1048576.0,1069.7,azure/cyclecloud/gpu/osu_allreduce,azure,cyclecloud,gpu,4,32
779,4.0,4.23,azure/aks/gpu/osu_allreduce,azure,aks,gpu,4,32
780,8.0,4.26,azure/aks/gpu/osu_allreduce,azure,aks,gpu,4,32
781,16.0,4.21,azure/aks/gpu/osu_allreduce,azure,aks,gpu,4,32
782,32.0,4.23,azure/aks/gpu/osu_allreduce,azure,aks,gpu,4,32
783,64.0,5.14,azure/aks/gpu/osu_allreduce,azure,aks,gpu,4,32
784,128.0,5.33,azure/aks/gpu/osu_allreduce,azure,aks,gpu,4,32
785,256.0,6.38,azure/aks/gpu/osu_allreduce,azure,aks,gpu,4,32
786,512.0,7.27,azure/aks/gpu/osu_allreduce,azure,aks,gpu,4,32
787,1024.0,8.16,azure/aks/gpu/osu_allreduce,azure,aks,gpu,4,32
788,2048.0,9.2,azure/aks/gpu/osu_allreduce,azure,aks,gpu,4,32
789,4096.0,19.12,azure/aks/gpu/osu_allreduce,azure,aks,gpu,4,32
790,8192.0,47.02,azure/aks/gpu/osu_allreduce,azure,aks,gpu,4,32
791,16384.0,56.52,azure/aks/gpu/osu_allreduce,azure,aks,gpu,4,32
792,32768.0,81.49,azure/aks/gpu/osu_allreduce,azure,aks,gpu,4,32
793,65536.0,125.03,azure/aks/gpu/osu_allreduce,azure,aks,gpu,4,32
794,131072.0,217.81,azure/aks/gpu/osu_allreduce,azure,aks,gpu,4,32
795,262144.0,410.86,azure/aks/gpu/osu_allreduce,azure,aks,gpu,4,32
796,524288.0,800.3,azure/aks/gpu/osu_allreduce,azure,aks,gpu,4,32
797,1048576.0,1735.84,azure/aks/gpu/osu_allreduce,azure,aks,gpu,4,32
798,4.0,4.2,azure/aks/gpu/osu_allreduce,azure,aks,gpu,4,32
799,8.0,4.24,azure/aks/gpu/osu_allreduce,azure,aks,gpu,4,32
800,16.0,4.18,azure/aks/gpu/osu_allreduce,azure,aks,gpu,4,32
801,32.0,4.2,azure/aks/gpu/osu_allreduce,azure,aks,gpu,4,32
802,64.0,5.12,azure/aks/gpu/osu_allreduce,azure,aks,gpu,4,32
803,128.0,5.48,azure/aks/gpu/osu_allreduce,azure,aks,gpu,4,32
804,256.0,6.29,azure/aks/gpu/osu_allreduce,azure,aks,gpu,4,32
805,512.0,7.48,azure/aks/gpu/osu_allreduce,azure,aks,gpu,4,32
806,1024.0,8.05,azure/aks/gpu/osu_allreduce,azure,aks,gpu,4,32
807,2048.0,9.17,azure/aks/gpu/osu_allreduce,azure,aks,gpu,4,32
808,4096.0,14.95,azure/aks/gpu/osu_allreduce,azure,aks,gpu,4,32
809,8192.0,46.54,azure/aks/gpu/osu_allreduce,azure,aks,gpu,4,32
810,16384.0,56.89,azure/aks/gpu/osu_allreduce,azure,aks,gpu,4,32
811,32768.0,81.14,azure/aks/gpu/osu_allreduce,azure,aks,gpu,4,32
812,65536.0,125.41,azure/aks/gpu/osu_allreduce,azure,aks,gpu,4,32
813,131072.0,217.03,azure/aks/gpu/osu_allreduce,azure,aks,gpu,4,32
814,262144.0,404.79,azure/aks/gpu/osu_allreduce,azure,aks,gpu,4,32
815,524288.0,796.11,azure/aks/gpu/osu_allreduce,azure,aks,gpu,4,32
816,1048576.0,1736.39,azure/aks/gpu/osu_allreduce,azure,aks,gpu,4,32
817,4.0,4.25,azure/aks/gpu/osu_allreduce,azure,aks,gpu,4,32
818,8.0,4.27,azure/aks/gpu/osu_allreduce,azure,aks,gpu,4,32
819,16.0,4.24,azure/aks/gpu/osu_allreduce,azure,aks,gpu,4,32
820,32.0,4.22,azure/aks/gpu/osu_allreduce,azure,aks,gpu,4,32
821,64.0,5.15,azure/aks/gpu/osu_allreduce,azure,aks,gpu,4,32
822,128.0,5.48,azure/aks/gpu/osu_allreduce,azure,aks,gpu,4,32
823,256.0,6.27,azure/aks/gpu/osu_allreduce,azure,aks,gpu,4,32
824,512.0,7.63,azure/aks/gpu/osu_allreduce,azure,aks,gpu,4,32
825,1024.0,8.15,azure/aks/gpu/osu_allreduce,azure,aks,gpu,4,32
826,2048.0,9.68,azure/aks/gpu/osu_allreduce,azure,aks,gpu,4,32
827,4096.0,17.26,azure/aks/gpu/osu_allreduce,azure,aks,gpu,4,32
828,8192.0,45.86,azure/aks/gpu/osu_allreduce,azure,aks,gpu,4,32
829,16384.0,56.29,azure/aks/gpu/osu_allreduce,azure,aks,gpu,4,32
830,32768.0,81.41,azure/aks/gpu/osu_allreduce,azure,aks,gpu,4,32
831,65536.0,124.49,azure/aks/gpu/osu_allreduce,azure,aks,gpu,4,32
832,131072.0,217.04,azure/aks/gpu/osu_allreduce,azure,aks,gpu,4,32
833,262144.0,406.78,azure/aks/gpu/osu_allreduce,azure,aks,gpu,4,32
834,524288.0,797.75,azure/aks/gpu/osu_allreduce,azure,aks,gpu,4,32
835,1048576.0,1737.45,azure/aks/gpu/osu_allreduce,azure,aks,gpu,4,32
836,4.0,4.2,azure/aks/gpu/osu_allreduce,azure,aks,gpu,4,32
837,8.0,4.27,azure/aks/gpu/osu_allreduce,azure,aks,gpu,4,32
838,16.0,4.17,azure/aks/gpu/osu_allreduce,azure,aks,gpu,4,32
839,32.0,4.19,azure/aks/gpu/osu_allreduce,azure,aks,gpu,4,32
840,64.0,5.13,azure/aks/gpu/osu_allreduce,azure,aks,gpu,4,32
841,128.0,5.31,azure/aks/gpu/osu_allreduce,azure,aks,gpu,4,32
842,256.0,6.43,azure/aks/gpu/osu_allreduce,azure,aks,gpu,4,32
843,512.0,7.26,azure/aks/gpu/osu_allreduce,azure,aks,gpu,4,32
844,1024.0,8.18,azure/aks/gpu/osu_allreduce,azure,aks,gpu,4,32
845,2048.0,9.15,azure/aks/gpu/osu_allreduce,azure,aks,gpu,4,32
846,4096.0,17.19,azure/aks/gpu/osu_allreduce,azure,aks,gpu,4,32
847,8192.0,46.06,azure/aks/gpu/osu_allreduce,azure,aks,gpu,4,32
848,16384.0,57.02,azure/aks/gpu/osu_allreduce,azure,aks,gpu,4,32
849,32768.0,81.7,azure/aks/gpu/osu_allreduce,azure,aks,gpu,4,32
850,65536.0,125.64,azure/aks/gpu/osu_allreduce,azure,aks,gpu,4,32
851,131072.0,217.17,azure/aks/gpu/osu_allreduce,azure,aks,gpu,4,32
852,262144.0,407.68,azure/aks/gpu/osu_allreduce,azure,aks,gpu,4,32
853,524288.0,803.7,azure/aks/gpu/osu_allreduce,azure,aks,gpu,4,32
854,1048576.0,1738.76,azure/aks/gpu/osu_allreduce,azure,aks,gpu,4,32
855,4.0,4.18,azure/aks/gpu/osu_allreduce,azure,aks,gpu,4,32
856,8.0,4.23,azure/aks/gpu/osu_allreduce,azure,aks,gpu,4,32
857,16.0,4.2,azure/aks/gpu/osu_allreduce,azure,aks,gpu,4,32
858,32.0,4.19,azure/aks/gpu/osu_allreduce,azure,aks,gpu,4,32
859,64.0,5.09,azure/aks/gpu/osu_allreduce,azure,aks,gpu,4,32
860,128.0,5.56,azure/aks/gpu/osu_allreduce,azure,aks,gpu,4,32
861,256.0,6.38,azure/aks/gpu/osu_allreduce,azure,aks,gpu,4,32
862,512.0,7.95,azure/aks/gpu/osu_allreduce,azure,aks,gpu,4,32
863,1024.0,8.07,azure/aks/gpu/osu_allreduce,azure,aks,gpu,4,32
864,2048.0,9.19,azure/aks/gpu/osu_allreduce,azure,aks,gpu,4,32
865,4096.0,17.28,azure/aks/gpu/osu_allreduce,azure,aks,gpu,4,32
866,8192.0,45.86,azure/aks/gpu/osu_allreduce,azure,aks,gpu,4,32
867,16384.0,56.07,azure/aks/gpu/osu_allreduce,azure,aks,gpu,4,32
868,32768.0,81.65,azure/aks/gpu/osu_allreduce,azure,aks,gpu,4,32
869,65536.0,125.06,azure/aks/gpu/osu_allreduce,azure,aks,gpu,4,32
870,131072.0,217.67,azure/aks/gpu/osu_allreduce,azure,aks,gpu,4,32
871,262144.0,406.88,azure/aks/gpu/osu_allreduce,azure,aks,gpu,4,32
872,524288.0,797.9,azure/aks/gpu/osu_allreduce,azure,aks,gpu,4,32
873,1048576.0,1732.21,azure/aks/gpu/osu_allreduce,azure,aks,gpu,4,32
