,experiment,cloud,env,env_type,nodes,application,problem_size,metric,value
0,google/gke/cpu,google,gke,cpu,64,minife,230nx-ny-nz,workload_manager_wrapper_seconds,9.860478401184082
1,google/gke/cpu,google,gke,cpu,64,minife,230nx-ny-nz,resid_norm,0.00135012
2,google/gke/cpu,google,gke,cpu,64,minife,230nx-ny-nz,workload_manager_wrapper_seconds,9.916286706924438
3,google/gke/cpu,google,gke,cpu,64,minife,230nx-ny-nz,resid_norm,0.00135012
4,google/gke/cpu,google,gke,cpu,64,minife,230nx-ny-nz,workload_manager_wrapper_seconds,9.228781700134277
5,google/gke/cpu,google,gke,cpu,64,minife,230nx-ny-nz,resid_norm,0.00135012
6,google/gke/cpu,google,gke,cpu,64,minife,230nx-ny-nz,workload_manager_wrapper_seconds,9.485229253768921
7,google/gke/cpu,google,gke,cpu,64,minife,230nx-ny-nz,resid_norm,0.00135012
8,google/gke/cpu,google,gke,cpu,64,minife,230nx-ny-nz,workload_manager_wrapper_seconds,9.941704034805298
9,google/gke/cpu,google,gke,cpu,64,minife,230nx-ny-nz,resid_norm,0.00135012
10,google/gke/cpu,google,gke,cpu,32,minife,230nx-ny-nz,workload_manager_wrapper_seconds,5.010292291641235
11,google/gke/cpu,google,gke,cpu,32,minife,230nx-ny-nz,resid_norm,0.0013501
12,google/gke/cpu,google,gke,cpu,32,minife,230nx-ny-nz,workload_manager_wrapper_seconds,5.231531858444214
13,google/gke/cpu,google,gke,cpu,32,minife,230nx-ny-nz,resid_norm,0.0013501
14,google/gke/cpu,google,gke,cpu,32,minife,230nx-ny-nz,workload_manager_wrapper_seconds,6.310527324676514
15,google/gke/cpu,google,gke,cpu,32,minife,230nx-ny-nz,resid_norm,0.0013501
16,google/gke/cpu,google,gke,cpu,32,minife,230nx-ny-nz,workload_manager_wrapper_seconds,5.566661596298218
17,google/gke/cpu,google,gke,cpu,32,minife,230nx-ny-nz,resid_norm,0.0013501
18,google/gke/cpu,google,gke,cpu,32,minife,230nx-ny-nz,workload_manager_wrapper_seconds,5.532505989074707
19,google/gke/cpu,google,gke,cpu,32,minife,230nx-ny-nz,resid_norm,0.0013501
20,google/gke/cpu,google,gke,cpu,128,minife,230nx-ny-nz,workload_manager_wrapper_seconds,31.773131370544434
21,google/gke/cpu,google,gke,cpu,128,minife,230nx-ny-nz,resid_norm,0.00132271
22,google/gke/cpu,google,gke,cpu,128,minife,230nx-ny-nz,workload_manager_wrapper_seconds,30.68494963645935
23,google/gke/cpu,google,gke,cpu,128,minife,230nx-ny-nz,resid_norm,0.00132271
24,google/gke/cpu,google,gke,cpu,128,minife,230nx-ny-nz,workload_manager_wrapper_seconds,30.92422914505005
25,google/gke/cpu,google,gke,cpu,128,minife,230nx-ny-nz,resid_norm,0.00132271
26,google/gke/cpu,google,gke,cpu,128,minife,230nx-ny-nz,workload_manager_wrapper_seconds,30.246959447860718
27,google/gke/cpu,google,gke,cpu,128,minife,230nx-ny-nz,resid_norm,0.00132271
28,google/gke/cpu,google,gke,cpu,128,minife,230nx-ny-nz,workload_manager_wrapper_seconds,30.36477303504944
29,google/gke/cpu,google,gke,cpu,128,minife,230nx-ny-nz,resid_norm,0.00132271
30,google/gke/cpu,google,gke,cpu,256,minife,230nx-ny-nz,workload_manager_wrapper_seconds,107.46666693687439
31,google/gke/cpu,google,gke,cpu,256,minife,230nx-ny-nz,resid_norm,0.0014242
32,google/gke/cpu,google,gke,cpu,256,minife,230nx-ny-nz,workload_manager_wrapper_seconds,107.516437292099
33,google/gke/cpu,google,gke,cpu,256,minife,230nx-ny-nz,resid_norm,0.0014242
34,google/gke/cpu,google,gke,cpu,256,minife,230nx-ny-nz,workload_manager_wrapper_seconds,107.84719467163086
35,google/gke/cpu,google,gke,cpu,256,minife,230nx-ny-nz,resid_norm,0.0014242
36,google/gke/gpu,google,gke,gpu,32,minife,230nx-ny-nz,workload_manager_wrapper_seconds,6.730879306793213
37,google/gke/gpu,google,gke,gpu,32,minife,230nx-ny-nz,resid_norm,3.38732e-10
38,google/gke/gpu,google,gke,gpu,32,minife,230nx-ny-nz,workload_manager_wrapper_seconds,6.086816310882568
39,google/gke/gpu,google,gke,gpu,32,minife,230nx-ny-nz,resid_norm,2.32339e-09
40,google/gke/gpu,google,gke,gpu,32,minife,230nx-ny-nz,workload_manager_wrapper_seconds,6.108659505844116
41,google/gke/gpu,google,gke,gpu,32,minife,230nx-ny-nz,resid_norm,4.67256e-10
42,google/gke/gpu,google,gke,gpu,32,minife,640nx-ny-nz,workload_manager_wrapper_seconds,7.410757303237915
43,google/gke/gpu,google,gke,gpu,32,minife,640nx-ny-nz,resid_norm,0.000142534
44,google/gke/gpu,google,gke,gpu,32,minife,230nx-ny-nz,workload_manager_wrapper_seconds,6.1061317920684814
45,google/gke/gpu,google,gke,gpu,32,minife,230nx-ny-nz,resid_norm,6.52044e-09
46,google/gke/gpu,google,gke,gpu,32,minife,640nx-ny-nz,workload_manager_wrapper_seconds,7.467031002044678
47,google/gke/gpu,google,gke,gpu,32,minife,640nx-ny-nz,resid_norm,0.000302889
48,google/gke/gpu,google,gke,gpu,32,minife,640nx-ny-nz,workload_manager_wrapper_seconds,7.525033473968506
49,google/gke/gpu,google,gke,gpu,32,minife,640nx-ny-nz,resid_norm,0.0065048
50,google/gke/gpu,google,gke,gpu,32,minife,230nx-ny-nz,workload_manager_wrapper_seconds,6.086610555648804
51,google/gke/gpu,google,gke,gpu,32,minife,230nx-ny-nz,resid_norm,3.38424e-10
52,google/gke/gpu,google,gke,gpu,32,minife,230nx-ny-nz,workload_manager_wrapper_seconds,6.006612062454224
53,google/gke/gpu,google,gke,gpu,32,minife,230nx-ny-nz,resid_norm,3.38525e-10
54,google/gke/gpu,google,gke,gpu,32,minife,230nx-ny-nz,workload_manager_wrapper_seconds,6.153712749481201
55,google/gke/gpu,google,gke,gpu,32,minife,230nx-ny-nz,resid_norm,4.56372e-10
56,google/gke/gpu,google,gke,gpu,32,minife,640nx-ny-nz,workload_manager_wrapper_seconds,7.42380166053772
57,google/gke/gpu,google,gke,gpu,32,minife,640nx-ny-nz,resid_norm,0.000142619
58,google/gke/gpu,google,gke,gpu,32,minife,640nx-ny-nz,workload_manager_wrapper_seconds,7.498213291168213
59,google/gke/gpu,google,gke,gpu,32,minife,640nx-ny-nz,resid_norm,0.000150551
60,google/gke/gpu,google,gke,gpu,32,minife,640nx-ny-nz,workload_manager_wrapper_seconds,7.518262624740601
61,google/gke/gpu,google,gke,gpu,32,minife,640nx-ny-nz,resid_norm,0.00572569
62,google/gke/gpu,google,gke,gpu,32,minife,640nx-ny-nz,workload_manager_wrapper_seconds,7.505464315414429
63,google/gke/gpu,google,gke,gpu,32,minife,640nx-ny-nz,resid_norm,0.000150562
64,google/gke/gpu,google,gke,gpu,32,minife,230nx-ny-nz,workload_manager_wrapper_seconds,6.174931764602661
65,google/gke/gpu,google,gke,gpu,32,minife,230nx-ny-nz,resid_norm,6.00572e-09
66,google/gke/gpu,google,gke,gpu,32,minife,640nx-ny-nz,workload_manager_wrapper_seconds,7.555207014083862
67,google/gke/gpu,google,gke,gpu,32,minife,640nx-ny-nz,resid_norm,0.000157502
68,google/gke/gpu,google,gke,gpu,32,minife,640nx-ny-nz,workload_manager_wrapper_seconds,7.483001232147217
69,google/gke/gpu,google,gke,gpu,32,minife,640nx-ny-nz,resid_norm,0.000142534
70,google/gke/gpu,google,gke,gpu,32,minife,640nx-ny-nz,workload_manager_wrapper_seconds,7.505584001541138
71,google/gke/gpu,google,gke,gpu,32,minife,640nx-ny-nz,resid_norm,0.00643234
72,google/gke/gpu,google,gke,gpu,32,minife,640nx-ny-nz,workload_manager_wrapper_seconds,7.441272735595703
73,google/gke/gpu,google,gke,gpu,32,minife,640nx-ny-nz,resid_norm,0.000481548
74,google/gke/gpu,google,gke,gpu,32,minife,230nx-ny-nz,workload_manager_wrapper_seconds,6.1135804653167725
75,google/gke/gpu,google,gke,gpu,32,minife,230nx-ny-nz,resid_norm,3.38424e-10
76,google/gke/gpu,google,gke,gpu,32,minife,640nx-ny-nz,workload_manager_wrapper_seconds,7.5070788860321045
77,google/gke/gpu,google,gke,gpu,32,minife,640nx-ny-nz,resid_norm,0.000158316
78,google/gke/gpu,google,gke,gpu,32,minife,230nx-ny-nz,workload_manager_wrapper_seconds,6.7326812744140625
79,google/gke/gpu,google,gke,gpu,32,minife,230nx-ny-nz,resid_norm,7.90737e-09
80,google/gke/gpu,google,gke,gpu,32,minife,230nx-ny-nz,workload_manager_wrapper_seconds,4.895663738250732
81,google/gke/gpu,google,gke,gpu,32,minife,230nx-ny-nz,resid_norm,3.38444e-10
82,google/gke/gpu,google,gke,gpu,32,minife,640nx-ny-nz,workload_manager_wrapper_seconds,7.4807822704315186
83,google/gke/gpu,google,gke,gpu,32,minife,640nx-ny-nz,resid_norm,0.00117883
84,google/gke/gpu,google,gke,gpu,32,minife,640nx-ny-nz,workload_manager_wrapper_seconds,7.544874906539917
85,google/gke/gpu,google,gke,gpu,32,minife,640nx-ny-nz,resid_norm,0.000142548
86,google/gke/gpu,google,gke,gpu,32,minife,230nx-ny-nz,workload_manager_wrapper_seconds,6.057188987731934
87,google/gke/gpu,google,gke,gpu,32,minife,230nx-ny-nz,resid_norm,7.55393e-10
88,google/gke/gpu,google,gke,gpu,32,minife,230nx-ny-nz,workload_manager_wrapper_seconds,6.108202934265137
89,google/gke/gpu,google,gke,gpu,32,minife,230nx-ny-nz,resid_norm,4.37508e-10
90,google/gke/gpu,google,gke,gpu,32,minife,230nx-ny-nz,workload_manager_wrapper_seconds,6.121084690093994
91,google/gke/gpu,google,gke,gpu,32,minife,230nx-ny-nz,resid_norm,2.47561e-09
92,google/gke/gpu,google,gke,gpu,32,minife,230nx-ny-nz,workload_manager_wrapper_seconds,6.325785160064697
93,google/gke/gpu,google,gke,gpu,32,minife,230nx-ny-nz,resid_norm,8.68672e-09
94,google/gke/gpu,google,gke,gpu,32,minife,640nx-ny-nz,workload_manager_wrapper_seconds,7.500057935714722
95,google/gke/gpu,google,gke,gpu,32,minife,640nx-ny-nz,resid_norm,0.000303852
96,google/gke/gpu,google,gke,gpu,8,minife,230nx-ny-nz,workload_manager_wrapper_seconds,3.470966100692749
97,google/gke/gpu,google,gke,gpu,8,minife,230nx-ny-nz,resid_norm,1.95826e-05
98,google/gke/gpu,google,gke,gpu,8,minife,230nx-ny-nz,workload_manager_wrapper_seconds,4.127649784088135
99,google/gke/gpu,google,gke,gpu,8,minife,230nx-ny-nz,resid_norm,1.09299e-05
100,google/gke/gpu,google,gke,gpu,8,minife,230nx-ny-nz,workload_manager_wrapper_seconds,4.141238451004028
101,google/gke/gpu,google,gke,gpu,8,minife,230nx-ny-nz,resid_norm,1.09299e-05
102,google/gke/gpu,google,gke,gpu,8,minife,230nx-ny-nz,workload_manager_wrapper_seconds,3.5491902828216553
103,google/gke/gpu,google,gke,gpu,8,minife,230nx-ny-nz,resid_norm,1.34482e-05
104,google/gke/gpu,google,gke,gpu,8,minife,230nx-ny-nz,workload_manager_wrapper_seconds,4.087370157241821
105,google/gke/gpu,google,gke,gpu,8,minife,230nx-ny-nz,resid_norm,1.27363e-05
106,google/gke/gpu,google,gke,gpu,8,minife,230nx-ny-nz,workload_manager_wrapper_seconds,3.4827308654785156
107,google/gke/gpu,google,gke,gpu,8,minife,230nx-ny-nz,resid_norm,2.46836e-05
108,google/gke/gpu,google,gke,gpu,8,minife,230nx-ny-nz,workload_manager_wrapper_seconds,3.513589382171631
109,google/gke/gpu,google,gke,gpu,8,minife,230nx-ny-nz,resid_norm,3.6744e-05
110,google/gke/gpu,google,gke,gpu,8,minife,230nx-ny-nz,workload_manager_wrapper_seconds,3.467702627182007
111,google/gke/gpu,google,gke,gpu,8,minife,230nx-ny-nz,resid_norm,7.81265e-05
112,google/gke/gpu,google,gke,gpu,8,minife,230nx-ny-nz,workload_manager_wrapper_seconds,3.477684497833252
113,google/gke/gpu,google,gke,gpu,8,minife,230nx-ny-nz,resid_norm,1.34461e-05
114,google/gke/gpu,google,gke,gpu,8,minife,230nx-ny-nz,workload_manager_wrapper_seconds,4.1123340129852295
115,google/gke/gpu,google,gke,gpu,8,minife,230nx-ny-nz,resid_norm,1.26055e-05
116,google/gke/gpu,google,gke,gpu,8,minife,230nx-ny-nz,workload_manager_wrapper_seconds,3.494654417037964
117,google/gke/gpu,google,gke,gpu,8,minife,230nx-ny-nz,resid_norm,1.26056e-05
118,google/gke/gpu,google,gke,gpu,8,minife,230nx-ny-nz,workload_manager_wrapper_seconds,4.122461557388306
119,google/gke/gpu,google,gke,gpu,8,minife,230nx-ny-nz,resid_norm,1.26055e-05
120,google/gke/gpu,google,gke,gpu,8,minife,230nx-ny-nz,workload_manager_wrapper_seconds,3.8055338859558105
121,google/gke/gpu,google,gke,gpu,8,minife,230nx-ny-nz,resid_norm,5.30079e-05
122,google/gke/gpu,google,gke,gpu,8,minife,230nx-ny-nz,workload_manager_wrapper_seconds,4.117157220840454
123,google/gke/gpu,google,gke,gpu,8,minife,230nx-ny-nz,resid_norm,3.69268e-05
124,google/gke/gpu,google,gke,gpu,8,minife,230nx-ny-nz,workload_manager_wrapper_seconds,4.12551474571228
125,google/gke/gpu,google,gke,gpu,8,minife,230nx-ny-nz,resid_norm,1.10146e-05
126,google/gke/gpu,google,gke,gpu,8,minife,230nx-ny-nz,workload_manager_wrapper_seconds,4.115150690078735
127,google/gke/gpu,google,gke,gpu,8,minife,230nx-ny-nz,resid_norm,1.26015e-05
128,google/gke/gpu,google,gke,gpu,16,minife,230nx-ny-nz,workload_manager_wrapper_seconds,4.427767753601074
129,google/gke/gpu,google,gke,gpu,16,minife,230nx-ny-nz,resid_norm,7.93768e-09
130,google/gke/gpu,google,gke,gpu,16,minife,230nx-ny-nz,workload_manager_wrapper_seconds,4.406949281692505
131,google/gke/gpu,google,gke,gpu,16,minife,230nx-ny-nz,resid_norm,5.576e-09
132,google/gke/gpu,google,gke,gpu,16,minife,230nx-ny-nz,workload_manager_wrapper_seconds,4.439058780670166
133,google/gke/gpu,google,gke,gpu,16,minife,230nx-ny-nz,resid_norm,1.43502e-07
134,google/gke/gpu,google,gke,gpu,16,minife,230nx-ny-nz,workload_manager_wrapper_seconds,4.4310524463653564
135,google/gke/gpu,google,gke,gpu,16,minife,230nx-ny-nz,resid_norm,2.11782e-08
136,google/gke/gpu,google,gke,gpu,16,minife,230nx-ny-nz,workload_manager_wrapper_seconds,4.42529296875
137,google/gke/gpu,google,gke,gpu,16,minife,230nx-ny-nz,resid_norm,5.27604e-09
138,google/gke/gpu,google,gke,gpu,16,minife,230nx-ny-nz,workload_manager_wrapper_seconds,4.406632900238037
139,google/gke/gpu,google,gke,gpu,16,minife,230nx-ny-nz,resid_norm,3.86886e-08
140,google/gke/gpu,google,gke,gpu,16,minife,230nx-ny-nz,workload_manager_wrapper_seconds,4.410709857940674
141,google/gke/gpu,google,gke,gpu,16,minife,230nx-ny-nz,resid_norm,9.48984e-08
142,google/gke/gpu,google,gke,gpu,16,minife,230nx-ny-nz,workload_manager_wrapper_seconds,4.427216529846191
143,google/gke/gpu,google,gke,gpu,16,minife,230nx-ny-nz,resid_norm,5.26886e-09
144,google/gke/gpu,google,gke,gpu,16,minife,230nx-ny-nz,workload_manager_wrapper_seconds,4.396697521209717
145,google/gke/gpu,google,gke,gpu,16,minife,230nx-ny-nz,resid_norm,2.1054e-08
146,google/gke/gpu,google,gke,gpu,16,minife,230nx-ny-nz,workload_manager_wrapper_seconds,4.444966077804565
147,google/gke/gpu,google,gke,gpu,16,minife,230nx-ny-nz,resid_norm,5.86519e-09
148,google/gke/gpu,google,gke,gpu,16,minife,230nx-ny-nz,workload_manager_wrapper_seconds,4.407280683517456
149,google/gke/gpu,google,gke,gpu,16,minife,230nx-ny-nz,resid_norm,7.03387e-09
150,google/gke/gpu,google,gke,gpu,16,minife,230nx-ny-nz,workload_manager_wrapper_seconds,4.428193092346191
151,google/gke/gpu,google,gke,gpu,16,minife,230nx-ny-nz,resid_norm,3.17431e-08
152,google/gke/gpu,google,gke,gpu,16,minife,230nx-ny-nz,workload_manager_wrapper_seconds,4.410874128341675
153,google/gke/gpu,google,gke,gpu,16,minife,230nx-ny-nz,resid_norm,4.15108e-08
154,google/gke/gpu,google,gke,gpu,16,minife,230nx-ny-nz,workload_manager_wrapper_seconds,4.432252407073975
155,google/gke/gpu,google,gke,gpu,16,minife,230nx-ny-nz,resid_norm,4.81564e-09
156,google/gke/gpu,google,gke,gpu,16,minife,230nx-ny-nz,workload_manager_wrapper_seconds,4.392481565475464
157,google/gke/gpu,google,gke,gpu,16,minife,230nx-ny-nz,resid_norm,1.97437e-08
158,google/gke/gpu,google,gke,gpu,4,minife,230nx-ny-nz,workload_manager_wrapper_seconds,4.221393823623657
159,google/gke/gpu,google,gke,gpu,4,minife,230nx-ny-nz,resid_norm,1.7751e-06
160,google/gke/gpu,google,gke,gpu,4,minife,230nx-ny-nz,workload_manager_wrapper_seconds,4.2161455154418945
161,google/gke/gpu,google,gke,gpu,4,minife,230nx-ny-nz,resid_norm,1.82727e-06
162,google/gke/gpu,google,gke,gpu,4,minife,230nx-ny-nz,workload_manager_wrapper_seconds,4.223765134811401
163,google/gke/gpu,google,gke,gpu,4,minife,230nx-ny-nz,resid_norm,2.56812e-06
164,google/gke/gpu,google,gke,gpu,4,minife,230nx-ny-nz,workload_manager_wrapper_seconds,4.255340099334717
165,google/gke/gpu,google,gke,gpu,4,minife,230nx-ny-nz,resid_norm,1.77499e-06
166,google/gke/gpu,google,gke,gpu,4,minife,230nx-ny-nz,workload_manager_wrapper_seconds,4.24565315246582
167,google/gke/gpu,google,gke,gpu,4,minife,230nx-ny-nz,resid_norm,3.16503e-06
168,google/gke/gpu,google,gke,gpu,4,minife,230nx-ny-nz,workload_manager_wrapper_seconds,4.21441650390625
169,google/gke/gpu,google,gke,gpu,4,minife,230nx-ny-nz,resid_norm,1.46977e-06
170,google/gke/gpu,google,gke,gpu,4,minife,230nx-ny-nz,workload_manager_wrapper_seconds,4.232259511947632
171,google/gke/gpu,google,gke,gpu,4,minife,230nx-ny-nz,resid_norm,1.78551e-06
172,google/gke/gpu,google,gke,gpu,4,minife,230nx-ny-nz,workload_manager_wrapper_seconds,4.232537508010864
173,google/gke/gpu,google,gke,gpu,4,minife,230nx-ny-nz,resid_norm,2.07029e-05
174,google/gke/gpu,google,gke,gpu,4,minife,230nx-ny-nz,workload_manager_wrapper_seconds,4.214082479476929
175,google/gke/gpu,google,gke,gpu,4,minife,230nx-ny-nz,resid_norm,1.39047e-05
176,google/gke/gpu,google,gke,gpu,4,minife,230nx-ny-nz,workload_manager_wrapper_seconds,4.208750486373901
177,google/gke/gpu,google,gke,gpu,4,minife,230nx-ny-nz,resid_norm,2.00218e-06
178,google/gke/gpu,google,gke,gpu,4,minife,230nx-ny-nz,workload_manager_wrapper_seconds,4.201648712158203
179,google/gke/gpu,google,gke,gpu,4,minife,230nx-ny-nz,resid_norm,1.46977e-06
180,google/gke/gpu,google,gke,gpu,4,minife,230nx-ny-nz,workload_manager_wrapper_seconds,4.21390438079834
181,google/gke/gpu,google,gke,gpu,4,minife,230nx-ny-nz,resid_norm,6.26013e-06
182,google/gke/gpu,google,gke,gpu,4,minife,230nx-ny-nz,workload_manager_wrapper_seconds,4.221611022949219
183,google/gke/gpu,google,gke,gpu,4,minife,230nx-ny-nz,resid_norm,1.77515e-06
184,google/gke/gpu,google,gke,gpu,4,minife,230nx-ny-nz,workload_manager_wrapper_seconds,4.208235502243042
185,google/gke/gpu,google,gke,gpu,4,minife,230nx-ny-nz,resid_norm,1.52343e-06
186,google/gke/gpu,google,gke,gpu,4,minife,230nx-ny-nz,workload_manager_wrapper_seconds,4.237419128417969
187,google/gke/gpu,google,gke,gpu,4,minife,230nx-ny-nz,resid_norm,1.77499e-06
188,google/gke/gpu,google,gke,gpu,4,minife,230nx-ny-nz,workload_manager_wrapper_seconds,4.197447299957275
189,google/gke/gpu,google,gke,gpu,4,minife,230nx-ny-nz,resid_norm,2.09932e-05
190,google/compute-engine/cpu,google,compute-engine,cpu,64,minife,230nx-ny-nz,workload_manager_wrapper_seconds,7.575690269470215
191,google/compute-engine/cpu,google,compute-engine,cpu,64,minife,230nx-ny-nz,resid_norm,0.00132271
192,google/compute-engine/cpu,google,compute-engine,cpu,64,minife,230nx-ny-nz,workload_manager_wrapper_seconds,7.515301465988159
193,google/compute-engine/cpu,google,compute-engine,cpu,64,minife,230nx-ny-nz,resid_norm,0.00132271
194,google/compute-engine/cpu,google,compute-engine,cpu,64,minife,230nx-ny-nz,workload_manager_wrapper_seconds,8.725786209106445
195,google/compute-engine/cpu,google,compute-engine,cpu,64,minife,230nx-ny-nz,resid_norm,0.00132271
196,google/compute-engine/cpu,google,compute-engine,cpu,64,minife,230nx-ny-nz,workload_manager_wrapper_seconds,7.8313586711883545
197,google/compute-engine/cpu,google,compute-engine,cpu,64,minife,230nx-ny-nz,resid_norm,0.00132271
198,google/compute-engine/cpu,google,compute-engine,cpu,64,minife,230nx-ny-nz,workload_manager_wrapper_seconds,7.620399475097656
199,google/compute-engine/cpu,google,compute-engine,cpu,64,minife,230nx-ny-nz,resid_norm,0.00132271
200,google/compute-engine/cpu,google,compute-engine,cpu,32,minife,230nx-ny-nz,workload_manager_wrapper_seconds,4.8656439781188965
201,google/compute-engine/cpu,google,compute-engine,cpu,32,minife,230nx-ny-nz,resid_norm,0.00135042
202,google/compute-engine/cpu,google,compute-engine,cpu,32,minife,230nx-ny-nz,workload_manager_wrapper_seconds,4.6306328773498535
203,google/compute-engine/cpu,google,compute-engine,cpu,32,minife,230nx-ny-nz,resid_norm,0.00135042
204,google/compute-engine/cpu,google,compute-engine,cpu,32,minife,230nx-ny-nz,workload_manager_wrapper_seconds,5.354642391204834
205,google/compute-engine/cpu,google,compute-engine,cpu,32,minife,230nx-ny-nz,resid_norm,0.00135042
206,google/compute-engine/cpu,google,compute-engine,cpu,32,minife,230nx-ny-nz,workload_manager_wrapper_seconds,4.499699115753174
207,google/compute-engine/cpu,google,compute-engine,cpu,32,minife,230nx-ny-nz,resid_norm,0.00135042
208,google/compute-engine/cpu,google,compute-engine,cpu,32,minife,230nx-ny-nz,workload_manager_wrapper_seconds,4.269399404525757
209,google/compute-engine/cpu,google,compute-engine,cpu,32,minife,230nx-ny-nz,resid_norm,0.00135042
210,google/compute-engine/cpu,google,compute-engine,cpu,128,minife,230nx-ny-nz,workload_manager_wrapper_seconds,21.88728928565979
211,google/compute-engine/cpu,google,compute-engine,cpu,128,minife,230nx-ny-nz,resid_norm,0.00780517
212,google/compute-engine/cpu,google,compute-engine,cpu,128,minife,230nx-ny-nz,workload_manager_wrapper_seconds,21.739952087402344
213,google/compute-engine/cpu,google,compute-engine,cpu,128,minife,230nx-ny-nz,resid_norm,0.00780517
214,google/compute-engine/cpu,google,compute-engine,cpu,128,minife,230nx-ny-nz,workload_manager_wrapper_seconds,21.734371662139893
215,google/compute-engine/cpu,google,compute-engine,cpu,128,minife,230nx-ny-nz,resid_norm,0.00780517
216,google/compute-engine/cpu,google,compute-engine,cpu,128,minife,230nx-ny-nz,workload_manager_wrapper_seconds,22.148064613342285
217,google/compute-engine/cpu,google,compute-engine,cpu,128,minife,230nx-ny-nz,resid_norm,0.00780517
218,google/compute-engine/cpu,google,compute-engine,cpu,128,minife,230nx-ny-nz,workload_manager_wrapper_seconds,23.03627634048462
219,google/compute-engine/cpu,google,compute-engine,cpu,128,minife,230nx-ny-nz,resid_norm,0.00780517
220,google/compute-engine/cpu,google,compute-engine,cpu,256,minife,230nx-ny-nz,workload_manager_wrapper_seconds,61.80218172073364
221,google/compute-engine/cpu,google,compute-engine,cpu,256,minife,230nx-ny-nz,resid_norm,0.0012696
222,google/compute-engine/cpu,google,compute-engine,cpu,256,minife,230nx-ny-nz,workload_manager_wrapper_seconds,60.4341607093811
223,google/compute-engine/cpu,google,compute-engine,cpu,256,minife,230nx-ny-nz,resid_norm,0.0012696
224,google/compute-engine/cpu,google,compute-engine,cpu,256,minife,230nx-ny-nz,workload_manager_wrapper_seconds,75.9923005104065
225,google/compute-engine/cpu,google,compute-engine,cpu,256,minife,230nx-ny-nz,resid_norm,0.0012696
226,google/compute-engine/cpu,google,compute-engine,cpu,256,minife,230nx-ny-nz,workload_manager_wrapper_seconds,60.92064905166626
227,google/compute-engine/cpu,google,compute-engine,cpu,256,minife,230nx-ny-nz,resid_norm,0.0012696
228,google/compute-engine/cpu,google,compute-engine,cpu,256,minife,230nx-ny-nz,workload_manager_wrapper_seconds,62.50246834754944
229,google/compute-engine/cpu,google,compute-engine,cpu,256,minife,230nx-ny-nz,resid_norm,0.0012696
230,google/compute-engine/gpu,google,compute-engine,gpu,32,minife,230nx-ny-nz,workload_manager_wrapper_seconds,6.423556089401245
231,google/compute-engine/gpu,google,compute-engine,gpu,32,minife,230nx-ny-nz,resid_norm,3.3966e-10
232,google/compute-engine/gpu,google,compute-engine,gpu,32,minife,230nx-ny-nz,workload_manager_wrapper_seconds,7.300049066543579
233,google/compute-engine/gpu,google,compute-engine,gpu,32,minife,230nx-ny-nz,resid_norm,0.000135103
234,google/compute-engine/gpu,google,compute-engine,gpu,32,minife,230nx-ny-nz,workload_manager_wrapper_seconds,7.237067461013794
235,google/compute-engine/gpu,google,compute-engine,gpu,32,minife,230nx-ny-nz,resid_norm,0.000142525
236,google/compute-engine/gpu,google,compute-engine,gpu,32,minife,230nx-ny-nz,workload_manager_wrapper_seconds,7.230482339859009
237,google/compute-engine/gpu,google,compute-engine,gpu,32,minife,230nx-ny-nz,resid_norm,0.000142534
238,google/compute-engine/gpu,google,compute-engine,gpu,32,minife,230nx-ny-nz,workload_manager_wrapper_seconds,5.751279354095459
239,google/compute-engine/gpu,google,compute-engine,gpu,32,minife,230nx-ny-nz,resid_norm,2.86908e-10
240,google/compute-engine/gpu,google,compute-engine,gpu,32,minife,230nx-ny-nz,workload_manager_wrapper_seconds,7.7429704666137695
241,google/compute-engine/gpu,google,compute-engine,gpu,32,minife,230nx-ny-nz,resid_norm,2.86908e-10
242,google/compute-engine/gpu,google,compute-engine,gpu,32,minife,230nx-ny-nz,workload_manager_wrapper_seconds,5.8432981967926025
243,google/compute-engine/gpu,google,compute-engine,gpu,32,minife,230nx-ny-nz,resid_norm,3.38427e-10
244,google/compute-engine/gpu,google,compute-engine,gpu,32,minife,230nx-ny-nz,workload_manager_wrapper_seconds,7.161300420761108
245,google/compute-engine/gpu,google,compute-engine,gpu,32,minife,230nx-ny-nz,resid_norm,0.000142523
246,google/compute-engine/gpu,google,compute-engine,gpu,32,minife,230nx-ny-nz,workload_manager_wrapper_seconds,7.265718460083008
247,google/compute-engine/gpu,google,compute-engine,gpu,32,minife,230nx-ny-nz,resid_norm,0.00014253
248,google/compute-engine/gpu,google,compute-engine,gpu,32,minife,230nx-ny-nz,workload_manager_wrapper_seconds,5.854726791381836
249,google/compute-engine/gpu,google,compute-engine,gpu,32,minife,230nx-ny-nz,resid_norm,3.47808e-10
250,google/compute-engine/gpu,google,compute-engine,gpu,8,minife,230nx-ny-nz,workload_manager_wrapper_seconds,5.865705728530884
251,google/compute-engine/gpu,google,compute-engine,gpu,8,minife,230nx-ny-nz,resid_norm,1.27304e-07
252,google/compute-engine/gpu,google,compute-engine,gpu,8,minife,230nx-ny-nz,workload_manager_wrapper_seconds,5.833231449127197
253,google/compute-engine/gpu,google,compute-engine,gpu,8,minife,230nx-ny-nz,resid_norm,1.27729e-07
254,google/compute-engine/gpu,google,compute-engine,gpu,8,minife,230nx-ny-nz,workload_manager_wrapper_seconds,5.767549276351929
255,google/compute-engine/gpu,google,compute-engine,gpu,8,minife,230nx-ny-nz,resid_norm,1.27694e-07
256,google/compute-engine/gpu,google,compute-engine,gpu,8,minife,230nx-ny-nz,workload_manager_wrapper_seconds,5.786384344100952
257,google/compute-engine/gpu,google,compute-engine,gpu,8,minife,230nx-ny-nz,resid_norm,1.83191e-06
258,google/compute-engine/gpu,google,compute-engine,gpu,8,minife,230nx-ny-nz,workload_manager_wrapper_seconds,5.785162925720215
259,google/compute-engine/gpu,google,compute-engine,gpu,8,minife,230nx-ny-nz,resid_norm,1.22479e-07
260,google/compute-engine/gpu,google,compute-engine,gpu,8,minife,230nx-ny-nz,workload_manager_wrapper_seconds,5.899723052978516
261,google/compute-engine/gpu,google,compute-engine,gpu,8,minife,230nx-ny-nz,resid_norm,1.2724e-07
262,google/compute-engine/gpu,google,compute-engine,gpu,8,minife,230nx-ny-nz,workload_manager_wrapper_seconds,5.777831077575684
263,google/compute-engine/gpu,google,compute-engine,gpu,8,minife,230nx-ny-nz,resid_norm,1.27285e-07
264,google/compute-engine/gpu,google,compute-engine,gpu,8,minife,230nx-ny-nz,workload_manager_wrapper_seconds,5.774668216705322
265,google/compute-engine/gpu,google,compute-engine,gpu,8,minife,230nx-ny-nz,resid_norm,1.27346e-07
266,google/compute-engine/gpu,google,compute-engine,gpu,8,minife,230nx-ny-nz,workload_manager_wrapper_seconds,5.81245493888855
267,google/compute-engine/gpu,google,compute-engine,gpu,8,minife,230nx-ny-nz,resid_norm,2.46509e-07
268,google/compute-engine/gpu,google,compute-engine,gpu,8,minife,230nx-ny-nz,workload_manager_wrapper_seconds,5.824751377105713
269,google/compute-engine/gpu,google,compute-engine,gpu,8,minife,230nx-ny-nz,resid_norm,1.50706e-07
270,google/compute-engine/gpu,google,compute-engine,gpu,16,minife,230nx-ny-nz,workload_manager_wrapper_seconds,7.929147005081177
271,google/compute-engine/gpu,google,compute-engine,gpu,16,minife,230nx-ny-nz,resid_norm,0.0027513
272,google/compute-engine/gpu,google,compute-engine,gpu,16,minife,230nx-ny-nz,workload_manager_wrapper_seconds,8.159929752349854
273,google/compute-engine/gpu,google,compute-engine,gpu,16,minife,230nx-ny-nz,resid_norm,0.000418837
274,google/compute-engine/gpu,google,compute-engine,gpu,16,minife,230nx-ny-nz,workload_manager_wrapper_seconds,6.427807807922363
275,google/compute-engine/gpu,google,compute-engine,gpu,16,minife,230nx-ny-nz,resid_norm,4.81503e-09
276,google/compute-engine/gpu,google,compute-engine,gpu,16,minife,230nx-ny-nz,workload_manager_wrapper_seconds,8.223841667175293
277,google/compute-engine/gpu,google,compute-engine,gpu,16,minife,230nx-ny-nz,resid_norm,0.0122124
278,google/compute-engine/gpu,google,compute-engine,gpu,16,minife,230nx-ny-nz,workload_manager_wrapper_seconds,8.125548601150513
279,google/compute-engine/gpu,google,compute-engine,gpu,16,minife,230nx-ny-nz,resid_norm,4.82759e-09
280,google/compute-engine/gpu,google,compute-engine,gpu,16,minife,230nx-ny-nz,workload_manager_wrapper_seconds,7.454078197479248
281,google/compute-engine/gpu,google,compute-engine,gpu,16,minife,230nx-ny-nz,resid_norm,0.000437429
282,google/compute-engine/gpu,google,compute-engine,gpu,16,minife,230nx-ny-nz,workload_manager_wrapper_seconds,6.3814167976379395
283,google/compute-engine/gpu,google,compute-engine,gpu,16,minife,230nx-ny-nz,resid_norm,4.81418e-09
284,google/compute-engine/gpu,google,compute-engine,gpu,16,minife,230nx-ny-nz,workload_manager_wrapper_seconds,5.860503911972046
285,google/compute-engine/gpu,google,compute-engine,gpu,16,minife,230nx-ny-nz,resid_norm,4.83484e-09
286,google/compute-engine/gpu,google,compute-engine,gpu,16,minife,230nx-ny-nz,workload_manager_wrapper_seconds,7.460254430770874
287,google/compute-engine/gpu,google,compute-engine,gpu,16,minife,230nx-ny-nz,resid_norm,0.00311891
288,google/compute-engine/gpu,google,compute-engine,gpu,16,minife,230nx-ny-nz,workload_manager_wrapper_seconds,6.39108681678772
289,google/compute-engine/gpu,google,compute-engine,gpu,16,minife,230nx-ny-nz,resid_norm,4.81564e-09
290,google/compute-engine/gpu,google,compute-engine,gpu,4,minife,230nx-ny-nz,workload_manager_wrapper_seconds,9.987225770950317
291,google/compute-engine/gpu,google,compute-engine,gpu,4,minife,230nx-ny-nz,resid_norm,0.0502111
292,google/compute-engine/gpu,google,compute-engine,gpu,4,minife,230nx-ny-nz,workload_manager_wrapper_seconds,5.662344694137573
293,google/compute-engine/gpu,google,compute-engine,gpu,4,minife,230nx-ny-nz,resid_norm,1.46977e-06
294,google/compute-engine/gpu,google,compute-engine,gpu,4,minife,230nx-ny-nz,workload_manager_wrapper_seconds,5.659828424453735
295,google/compute-engine/gpu,google,compute-engine,gpu,4,minife,230nx-ny-nz,resid_norm,3.95684e-05
296,google/compute-engine/gpu,google,compute-engine,gpu,4,minife,230nx-ny-nz,workload_manager_wrapper_seconds,3.9877498149871826
297,google/compute-engine/gpu,google,compute-engine,gpu,4,minife,230nx-ny-nz,resid_norm,1.7749e-06
298,google/compute-engine/gpu,google,compute-engine,gpu,4,minife,230nx-ny-nz,workload_manager_wrapper_seconds,7.639453887939453
299,google/compute-engine/gpu,google,compute-engine,gpu,4,minife,230nx-ny-nz,resid_norm,0.00298955
300,google/compute-engine/gpu,google,compute-engine,gpu,4,minife,230nx-ny-nz,workload_manager_wrapper_seconds,7.757945537567139
301,google/compute-engine/gpu,google,compute-engine,gpu,4,minife,230nx-ny-nz,resid_norm,0.00176177
302,google/compute-engine/gpu,google,compute-engine,gpu,4,minife,230nx-ny-nz,workload_manager_wrapper_seconds,5.598921060562134
303,google/compute-engine/gpu,google,compute-engine,gpu,4,minife,230nx-ny-nz,resid_norm,2.50062e-06
304,google/compute-engine/gpu,google,compute-engine,gpu,4,minife,230nx-ny-nz,workload_manager_wrapper_seconds,6.670264720916748
305,google/compute-engine/gpu,google,compute-engine,gpu,4,minife,230nx-ny-nz,resid_norm,5.76573e-06
306,google/compute-engine/gpu,google,compute-engine,gpu,4,minife,230nx-ny-nz,workload_manager_wrapper_seconds,9.655009269714355
307,google/compute-engine/gpu,google,compute-engine,gpu,4,minife,230nx-ny-nz,resid_norm,0.0109118
308,google/compute-engine/gpu,google,compute-engine,gpu,4,minife,230nx-ny-nz,workload_manager_wrapper_seconds,10.1335129737854
309,google/compute-engine/gpu,google,compute-engine,gpu,4,minife,230nx-ny-nz,resid_norm,0.00274996
310,aws/eks/cpu,aws,eks,cpu,64,minife,230nx-ny-nz,workload_manager_wrapper_seconds,20.595770835876465
311,aws/eks/cpu,aws,eks,cpu,64,minife,230nx-ny-nz,resid_norm,0.00140962
312,aws/eks/cpu,aws,eks,cpu,64,minife,230nx-ny-nz,workload_manager_wrapper_seconds,20.39098048210144
313,aws/eks/cpu,aws,eks,cpu,64,minife,230nx-ny-nz,resid_norm,0.00140962
314,aws/eks/cpu,aws,eks,cpu,64,minife,230nx-ny-nz,workload_manager_wrapper_seconds,21.037055015563965
315,aws/eks/cpu,aws,eks,cpu,64,minife,230nx-ny-nz,resid_norm,0.00140962
316,aws/eks/cpu,aws,eks,cpu,64,minife,230nx-ny-nz,workload_manager_wrapper_seconds,20.317864894866943
317,aws/eks/cpu,aws,eks,cpu,64,minife,230nx-ny-nz,resid_norm,0.00140962
318,aws/eks/cpu,aws,eks,cpu,64,minife,230nx-ny-nz,workload_manager_wrapper_seconds,20.940961360931396
319,aws/eks/cpu,aws,eks,cpu,64,minife,230nx-ny-nz,resid_norm,0.00140962
320,aws/eks/cpu,aws,eks,cpu,32,minife,230nx-ny-nz,workload_manager_wrapper_seconds,12.205355167388916
321,aws/eks/cpu,aws,eks,cpu,32,minife,230nx-ny-nz,resid_norm,0.0013501
322,aws/eks/cpu,aws,eks,cpu,32,minife,230nx-ny-nz,workload_manager_wrapper_seconds,12.262341737747192
323,aws/eks/cpu,aws,eks,cpu,32,minife,230nx-ny-nz,resid_norm,0.0013501
324,aws/eks/cpu,aws,eks,cpu,32,minife,230nx-ny-nz,workload_manager_wrapper_seconds,12.136203289031982
325,aws/eks/cpu,aws,eks,cpu,32,minife,230nx-ny-nz,resid_norm,0.0013501
326,aws/eks/cpu,aws,eks,cpu,32,minife,230nx-ny-nz,workload_manager_wrapper_seconds,11.663235187530518
327,aws/eks/cpu,aws,eks,cpu,32,minife,230nx-ny-nz,resid_norm,0.0013501
328,aws/eks/cpu,aws,eks,cpu,32,minife,230nx-ny-nz,workload_manager_wrapper_seconds,12.287543535232544
329,aws/eks/cpu,aws,eks,cpu,32,minife,230nx-ny-nz,resid_norm,0.0013501
330,aws/eks/cpu,aws,eks,cpu,128,minife,230nx-ny-nz,workload_manager_wrapper_seconds,47.317883014678955
331,aws/eks/cpu,aws,eks,cpu,128,minife,230nx-ny-nz,resid_norm,0.0012696
332,aws/eks/cpu,aws,eks,cpu,128,minife,230nx-ny-nz,workload_manager_wrapper_seconds,48.74564170837402
333,aws/eks/cpu,aws,eks,cpu,128,minife,230nx-ny-nz,resid_norm,0.0012696
334,aws/eks/cpu,aws,eks,cpu,128,minife,230nx-ny-nz,workload_manager_wrapper_seconds,46.95184397697449
335,aws/eks/cpu,aws,eks,cpu,128,minife,230nx-ny-nz,resid_norm,0.0012696
336,aws/eks/cpu,aws,eks,cpu,128,minife,230nx-ny-nz,workload_manager_wrapper_seconds,46.28235149383545
337,aws/eks/cpu,aws,eks,cpu,128,minife,230nx-ny-nz,resid_norm,0.0012696
338,aws/eks/cpu,aws,eks,cpu,128,minife,230nx-ny-nz,workload_manager_wrapper_seconds,46.785730600357056
339,aws/eks/cpu,aws,eks,cpu,128,minife,230nx-ny-nz,resid_norm,0.0012696
340,aws/eks/cpu,aws,eks,cpu,256,minife,230nx-ny-nz,workload_manager_wrapper_seconds,142.65243363380432
341,aws/eks/cpu,aws,eks,cpu,256,minife,230nx-ny-nz,resid_norm,0.00147502
342,aws/eks/cpu,aws,eks,cpu,256,minife,230nx-ny-nz,workload_manager_wrapper_seconds,145.87299418449402
343,aws/eks/cpu,aws,eks,cpu,256,minife,230nx-ny-nz,resid_norm,0.00147502
344,aws/eks/cpu,aws,eks,cpu,256,minife,230nx-ny-nz,workload_manager_wrapper_seconds,146.6210367679596
345,aws/eks/cpu,aws,eks,cpu,256,minife,230nx-ny-nz,resid_norm,0.00147502
346,aws/eks/cpu,aws,eks,cpu,256,minife,230nx-ny-nz,workload_manager_wrapper_seconds,145.64524674415588
347,aws/eks/cpu,aws,eks,cpu,256,minife,230nx-ny-nz,resid_norm,0.00147502
348,aws/eks/cpu,aws,eks,cpu,256,minife,230nx-ny-nz,workload_manager_wrapper_seconds,146.7926540374756
349,aws/eks/cpu,aws,eks,cpu,256,minife,230nx-ny-nz,resid_norm,0.00147502
350,aws/eks/gpu,aws,eks,gpu,8,minife,230nx-ny-nz,workload_manager_wrapper_seconds,3.336989164352417
351,aws/eks/gpu,aws,eks,gpu,8,minife,230nx-ny-nz,resid_norm,1.69851e-06
352,aws/eks/gpu,aws,eks,gpu,8,minife,230nx-ny-nz,workload_manager_wrapper_seconds,3.370697259902954
353,aws/eks/gpu,aws,eks,gpu,8,minife,230nx-ny-nz,resid_norm,1.16966e-06
354,aws/eks/gpu,aws,eks,gpu,8,minife,230nx-ny-nz,workload_manager_wrapper_seconds,3.331695556640625
355,aws/eks/gpu,aws,eks,gpu,8,minife,230nx-ny-nz,resid_norm,1.27285e-07
356,aws/eks/gpu,aws,eks,gpu,8,minife,230nx-ny-nz,workload_manager_wrapper_seconds,3.3379411697387695
357,aws/eks/gpu,aws,eks,gpu,8,minife,230nx-ny-nz,resid_norm,1.12425e-07
358,aws/eks/gpu,aws,eks,gpu,8,minife,230nx-ny-nz,workload_manager_wrapper_seconds,3.3478355407714844
359,aws/eks/gpu,aws,eks,gpu,8,minife,230nx-ny-nz,resid_norm,1.27304e-07
360,aws/eks/gpu,aws,eks,gpu,8,minife,230nx-ny-nz,workload_manager_wrapper_seconds,3.335737943649292
361,aws/eks/gpu,aws,eks,gpu,8,minife,230nx-ny-nz,resid_norm,1.27496e-07
362,aws/eks/gpu,aws,eks,gpu,8,minife,230nx-ny-nz,workload_manager_wrapper_seconds,3.3610634803771973
363,aws/eks/gpu,aws,eks,gpu,8,minife,230nx-ny-nz,resid_norm,1.27298e-07
364,aws/eks/gpu,aws,eks,gpu,8,minife,230nx-ny-nz,workload_manager_wrapper_seconds,3.3413896560668945
365,aws/eks/gpu,aws,eks,gpu,8,minife,230nx-ny-nz,resid_norm,1.39324e-07
366,aws/eks/gpu,aws,eks,gpu,8,minife,230nx-ny-nz,workload_manager_wrapper_seconds,3.310859441757202
367,aws/eks/gpu,aws,eks,gpu,8,minife,230nx-ny-nz,resid_norm,1.27617e-07
368,aws/eks/gpu,aws,eks,gpu,8,minife,230nx-ny-nz,workload_manager_wrapper_seconds,3.324317455291748
369,aws/eks/gpu,aws,eks,gpu,8,minife,230nx-ny-nz,resid_norm,1.13046e-07
370,aws/eks/gpu,aws,eks,gpu,8,minife,230nx-ny-nz,workload_manager_wrapper_seconds,3.3405065536499023
371,aws/eks/gpu,aws,eks,gpu,8,minife,230nx-ny-nz,resid_norm,5.50538e-07
372,aws/eks/gpu,aws,eks,gpu,8,minife,230nx-ny-nz,workload_manager_wrapper_seconds,3.322181463241577
373,aws/eks/gpu,aws,eks,gpu,8,minife,230nx-ny-nz,resid_norm,1.27285e-07
374,aws/eks/gpu,aws,eks,gpu,8,minife,230nx-ny-nz,workload_manager_wrapper_seconds,3.3084843158721924
375,aws/eks/gpu,aws,eks,gpu,8,minife,230nx-ny-nz,resid_norm,1.62711e-07
376,aws/eks/gpu,aws,eks,gpu,8,minife,230nx-ny-nz,workload_manager_wrapper_seconds,3.35024094581604
377,aws/eks/gpu,aws,eks,gpu,8,minife,230nx-ny-nz,resid_norm,1.11556e-07
378,aws/eks/gpu,aws,eks,gpu,8,minife,230nx-ny-nz,workload_manager_wrapper_seconds,3.390255928039551
379,aws/eks/gpu,aws,eks,gpu,8,minife,230nx-ny-nz,resid_norm,1.27295e-07
380,aws/eks/gpu,aws,eks,gpu,8,minife,230nx-ny-nz,workload_manager_wrapper_seconds,3.365464687347412
381,aws/eks/gpu,aws,eks,gpu,8,minife,230nx-ny-nz,resid_norm,1.31967e-07
382,aws/eks/gpu,aws,eks,gpu,8,minife,230nx-ny-nz,workload_manager_wrapper_seconds,3.308574914932251
383,aws/eks/gpu,aws,eks,gpu,8,minife,230nx-ny-nz,resid_norm,3.60367e-06
384,aws/eks/gpu,aws,eks,gpu,8,minife,230nx-ny-nz,workload_manager_wrapper_seconds,3.2979283332824707
385,aws/eks/gpu,aws,eks,gpu,8,minife,230nx-ny-nz,resid_norm,1.27286e-07
386,aws/eks/gpu,aws,eks,gpu,8,minife,230nx-ny-nz,workload_manager_wrapper_seconds,3.321258306503296
387,aws/eks/gpu,aws,eks,gpu,8,minife,230nx-ny-nz,resid_norm,1.27292e-07
388,aws/eks/gpu,aws,eks,gpu,8,minife,230nx-ny-nz,workload_manager_wrapper_seconds,3.3016395568847656
389,aws/eks/gpu,aws,eks,gpu,8,minife,230nx-ny-nz,resid_norm,1.32246e-07
390,aws/eks/gpu,aws,eks,gpu,8,minife,230nx-ny-nz,workload_manager_wrapper_seconds,3.3261523246765137
391,aws/eks/gpu,aws,eks,gpu,8,minife,230nx-ny-nz,resid_norm,1.11617e-07
392,aws/eks/gpu,aws,eks,gpu,8,minife,230nx-ny-nz,workload_manager_wrapper_seconds,3.3132271766662598
393,aws/eks/gpu,aws,eks,gpu,8,minife,230nx-ny-nz,resid_norm,1.27303e-07
394,aws/eks/gpu,aws,eks,gpu,8,minife,230nx-ny-nz,workload_manager_wrapper_seconds,3.3178865909576416
395,aws/eks/gpu,aws,eks,gpu,8,minife,230nx-ny-nz,resid_norm,1.33763e-07
396,aws/eks/gpu,aws,eks,gpu,8,minife,230nx-ny-nz,workload_manager_wrapper_seconds,3.304539442062378
397,aws/eks/gpu,aws,eks,gpu,8,minife,230nx-ny-nz,resid_norm,1.22372e-06
398,aws/eks/gpu,aws,eks,gpu,8,minife,230nx-ny-nz,workload_manager_wrapper_seconds,3.3486244678497314
399,aws/eks/gpu,aws,eks,gpu,8,minife,230nx-ny-nz,resid_norm,1.39377e-07
400,aws/eks/gpu,aws,eks,gpu,8,minife,230nx-ny-nz,workload_manager_wrapper_seconds,3.334580421447754
401,aws/eks/gpu,aws,eks,gpu,8,minife,230nx-ny-nz,resid_norm,1.11558e-07
402,aws/eks/gpu,aws,eks,gpu,8,minife,230nx-ny-nz,workload_manager_wrapper_seconds,3.319002866744995
403,aws/eks/gpu,aws,eks,gpu,8,minife,230nx-ny-nz,resid_norm,2.45061e-07
404,aws/eks/gpu,aws,eks,gpu,8,minife,230nx-ny-nz,workload_manager_wrapper_seconds,3.3584091663360596
405,aws/eks/gpu,aws,eks,gpu,8,minife,230nx-ny-nz,resid_norm,1.27285e-07
406,aws/eks/gpu,aws,eks,gpu,8,minife,230nx-ny-nz,workload_manager_wrapper_seconds,3.3270037174224854
407,aws/eks/gpu,aws,eks,gpu,8,minife,230nx-ny-nz,resid_norm,1.28311e-07
408,aws/eks/gpu,aws,eks,gpu,8,minife,230nx-ny-nz,workload_manager_wrapper_seconds,3.3082122802734375
409,aws/eks/gpu,aws,eks,gpu,8,minife,230nx-ny-nz,resid_norm,1.27301e-07
410,aws/eks/gpu,aws,eks,gpu,4,minife,230nx-ny-nz,workload_manager_wrapper_seconds,3.267335891723633
411,aws/eks/gpu,aws,eks,gpu,4,minife,230nx-ny-nz,resid_norm,1.775e-06
412,aws/eks/gpu,aws,eks,gpu,4,minife,230nx-ny-nz,workload_manager_wrapper_seconds,3.246425151824951
413,aws/eks/gpu,aws,eks,gpu,4,minife,230nx-ny-nz,resid_norm,1.78276e-06
414,aws/eks/gpu,aws,eks,gpu,4,minife,230nx-ny-nz,workload_manager_wrapper_seconds,3.231868028640747
415,aws/eks/gpu,aws,eks,gpu,4,minife,230nx-ny-nz,resid_norm,2.16384e-06
416,aws/eks/gpu,aws,eks,gpu,4,minife,230nx-ny-nz,workload_manager_wrapper_seconds,3.3093855381011963
417,aws/eks/gpu,aws,eks,gpu,4,minife,230nx-ny-nz,resid_norm,1.77498e-06
418,aws/eks/gpu,aws,eks,gpu,4,minife,230nx-ny-nz,workload_manager_wrapper_seconds,3.317471742630005
419,aws/eks/gpu,aws,eks,gpu,4,minife,230nx-ny-nz,resid_norm,1.21867e-05
420,aws/eks/gpu,aws,eks,gpu,4,minife,230nx-ny-nz,workload_manager_wrapper_seconds,3.3018264770507812
421,aws/eks/gpu,aws,eks,gpu,4,minife,230nx-ny-nz,resid_norm,1.78027e-06
422,aws/eks/gpu,aws,eks,gpu,4,minife,230nx-ny-nz,workload_manager_wrapper_seconds,3.2472856044769287
423,aws/eks/gpu,aws,eks,gpu,4,minife,230nx-ny-nz,resid_norm,1.77461e-06
424,aws/eks/gpu,aws,eks,gpu,4,minife,230nx-ny-nz,workload_manager_wrapper_seconds,3.2968878746032715
425,aws/eks/gpu,aws,eks,gpu,4,minife,230nx-ny-nz,resid_norm,3.26725e-06
426,aws/eks/gpu,aws,eks,gpu,4,minife,230nx-ny-nz,workload_manager_wrapper_seconds,3.220829963684082
427,aws/eks/gpu,aws,eks,gpu,4,minife,230nx-ny-nz,resid_norm,1.46977e-06
428,aws/eks/gpu,aws,eks,gpu,4,minife,230nx-ny-nz,workload_manager_wrapper_seconds,3.3125460147857666
429,aws/eks/gpu,aws,eks,gpu,4,minife,230nx-ny-nz,resid_norm,1.77498e-06
430,aws/eks/gpu,aws,eks,gpu,4,minife,230nx-ny-nz,workload_manager_wrapper_seconds,3.3578388690948486
431,aws/eks/gpu,aws,eks,gpu,4,minife,230nx-ny-nz,resid_norm,3.3315e-06
432,aws/eks/gpu,aws,eks,gpu,4,minife,230nx-ny-nz,workload_manager_wrapper_seconds,3.292010545730591
433,aws/eks/gpu,aws,eks,gpu,4,minife,230nx-ny-nz,resid_norm,1.77482e-06
434,aws/eks/gpu,aws,eks,gpu,4,minife,230nx-ny-nz,workload_manager_wrapper_seconds,3.2305586338043213
435,aws/eks/gpu,aws,eks,gpu,4,minife,230nx-ny-nz,resid_norm,1.51738e-05
436,aws/eks/gpu,aws,eks,gpu,4,minife,230nx-ny-nz,workload_manager_wrapper_seconds,3.225120782852173
437,aws/eks/gpu,aws,eks,gpu,4,minife,230nx-ny-nz,resid_norm,4.22225e-05
438,aws/eks/gpu,aws,eks,gpu,4,minife,230nx-ny-nz,workload_manager_wrapper_seconds,3.2924630641937256
439,aws/eks/gpu,aws,eks,gpu,4,minife,230nx-ny-nz,resid_norm,1.777e-06
440,aws/eks/gpu,aws,eks,gpu,4,minife,230nx-ny-nz,workload_manager_wrapper_seconds,3.249701499938965
441,aws/eks/gpu,aws,eks,gpu,4,minife,230nx-ny-nz,resid_norm,1.65802e-06
442,aws/eks/gpu,aws,eks,gpu,4,minife,230nx-ny-nz,workload_manager_wrapper_seconds,3.227078676223755
443,aws/eks/gpu,aws,eks,gpu,4,minife,230nx-ny-nz,resid_norm,1.86643e-06
444,aws/eks/gpu,aws,eks,gpu,4,minife,230nx-ny-nz,workload_manager_wrapper_seconds,3.289618492126465
445,aws/eks/gpu,aws,eks,gpu,4,minife,230nx-ny-nz,resid_norm,1.47911e-06
446,aws/eks/gpu,aws,eks,gpu,4,minife,230nx-ny-nz,workload_manager_wrapper_seconds,3.28419828414917
447,aws/eks/gpu,aws,eks,gpu,4,minife,230nx-ny-nz,resid_norm,1.47009e-06
448,aws/eks/gpu,aws,eks,gpu,4,minife,230nx-ny-nz,workload_manager_wrapper_seconds,3.238178253173828
449,aws/eks/gpu,aws,eks,gpu,4,minife,230nx-ny-nz,resid_norm,1.46978e-06
450,aws/eks/gpu,aws,eks,gpu,4,minife,230nx-ny-nz,workload_manager_wrapper_seconds,3.284897565841675
451,aws/eks/gpu,aws,eks,gpu,4,minife,230nx-ny-nz,resid_norm,3.01176e-06
452,aws/eks/gpu,aws,eks,gpu,4,minife,230nx-ny-nz,workload_manager_wrapper_seconds,3.2827067375183105
453,aws/eks/gpu,aws,eks,gpu,4,minife,230nx-ny-nz,resid_norm,2.40994e-05
454,aws/eks/gpu,aws,eks,gpu,4,minife,230nx-ny-nz,workload_manager_wrapper_seconds,3.2374396324157715
455,aws/eks/gpu,aws,eks,gpu,4,minife,230nx-ny-nz,resid_norm,3.86917e-06
456,aws/eks/gpu,aws,eks,gpu,4,minife,230nx-ny-nz,workload_manager_wrapper_seconds,3.2801456451416016
457,aws/eks/gpu,aws,eks,gpu,4,minife,230nx-ny-nz,resid_norm,1.46977e-06
458,aws/eks/gpu,aws,eks,gpu,4,minife,230nx-ny-nz,workload_manager_wrapper_seconds,3.249617099761963
459,aws/eks/gpu,aws,eks,gpu,4,minife,230nx-ny-nz,resid_norm,1.77461e-06
460,aws/eks/gpu,aws,eks,gpu,4,minife,230nx-ny-nz,workload_manager_wrapper_seconds,3.3032021522521973
461,aws/eks/gpu,aws,eks,gpu,4,minife,230nx-ny-nz,resid_norm,1.46977e-06
462,aws/eks/gpu,aws,eks,gpu,4,minife,230nx-ny-nz,workload_manager_wrapper_seconds,3.2374346256256104
463,aws/eks/gpu,aws,eks,gpu,4,minife,230nx-ny-nz,resid_norm,1.77498e-06
464,aws/eks/gpu,aws,eks,gpu,4,minife,230nx-ny-nz,workload_manager_wrapper_seconds,3.289668083190918
465,aws/eks/gpu,aws,eks,gpu,4,minife,230nx-ny-nz,resid_norm,5.10229e-05
466,aws/eks/gpu,aws,eks,gpu,4,minife,230nx-ny-nz,workload_manager_wrapper_seconds,3.3610363006591797
467,aws/eks/gpu,aws,eks,gpu,4,minife,230nx-ny-nz,resid_norm,1.46977e-06
468,aws/eks/gpu,aws,eks,gpu,4,minife,230nx-ny-nz,workload_manager_wrapper_seconds,3.318185567855835
469,aws/eks/gpu,aws,eks,gpu,4,minife,230nx-ny-nz,resid_norm,1.77461e-06
470,aws/parallel-cluster/cpu,aws,parallel-cluster,cpu,64,minife,230nx-ny-nz,workload_manager_wrapper_seconds,466
471,aws/parallel-cluster/cpu,aws,parallel-cluster,cpu,64,minife,230nx-ny-nz,resid_norm,0.00351649
472,aws/parallel-cluster/cpu,aws,parallel-cluster,cpu,64,minife,230nx-ny-nz,workload_manager_wrapper_seconds,466
473,aws/parallel-cluster/cpu,aws,parallel-cluster,cpu,64,minife,230nx-ny-nz,resid_norm,0.0012743
474,aws/parallel-cluster/cpu,aws,parallel-cluster,cpu,64,minife,230nx-ny-nz,workload_manager_wrapper_seconds,466
475,aws/parallel-cluster/cpu,aws,parallel-cluster,cpu,64,minife,230nx-ny-nz,resid_norm,0.00197068
476,aws/parallel-cluster/cpu,aws,parallel-cluster,cpu,32,minife,230nx-ny-nz,workload_manager_wrapper_seconds,456
477,aws/parallel-cluster/cpu,aws,parallel-cluster,cpu,32,minife,230nx-ny-nz,resid_norm,0.00514385
478,aws/parallel-cluster/cpu,aws,parallel-cluster,cpu,32,minife,230nx-ny-nz,workload_manager_wrapper_seconds,456
479,aws/parallel-cluster/cpu,aws,parallel-cluster,cpu,32,minife,230nx-ny-nz,resid_norm,0.00618497
480,aws/parallel-cluster/cpu,aws,parallel-cluster,cpu,32,minife,230nx-ny-nz,workload_manager_wrapper_seconds,458
481,aws/parallel-cluster/cpu,aws,parallel-cluster,cpu,32,minife,230nx-ny-nz,resid_norm,0.0013255
482,aws/parallel-cluster/cpu,aws,parallel-cluster,cpu,128,minife,230nx-ny-nz,workload_manager_wrapper_seconds,476
483,aws/parallel-cluster/cpu,aws,parallel-cluster,cpu,128,minife,230nx-ny-nz,resid_norm,0.0035972
484,aws/parallel-cluster/cpu,aws,parallel-cluster,cpu,128,minife,230nx-ny-nz,workload_manager_wrapper_seconds,476
485,aws/parallel-cluster/cpu,aws,parallel-cluster,cpu,128,minife,230nx-ny-nz,resid_norm,0.0012696
486,aws/parallel-cluster/cpu,aws,parallel-cluster,cpu,128,minife,230nx-ny-nz,workload_manager_wrapper_seconds,474
487,aws/parallel-cluster/cpu,aws,parallel-cluster,cpu,128,minife,230nx-ny-nz,resid_norm,0.00126961
488,aws/parallel-cluster/cpu,aws,parallel-cluster,cpu,256,minife,230nx-ny-nz,workload_manager_wrapper_seconds,482
489,aws/parallel-cluster/cpu,aws,parallel-cluster,cpu,256,minife,230nx-ny-nz,resid_norm,0.0012696
490,aws/parallel-cluster/cpu,aws,parallel-cluster,cpu,256,minife,230nx-ny-nz,workload_manager_wrapper_seconds,484
491,aws/parallel-cluster/cpu,aws,parallel-cluster,cpu,256,minife,230nx-ny-nz,resid_norm,0.00130703
492,aws/parallel-cluster/cpu,aws,parallel-cluster,cpu,256,minife,230nx-ny-nz,workload_manager_wrapper_seconds,482
493,aws/parallel-cluster/cpu,aws,parallel-cluster,cpu,256,minife,230nx-ny-nz,resid_norm,0.00124386
494,azure/cyclecloud/cpu,azure,cyclecloud,cpu,64,minife,230nx-ny-nz,workload_manager_wrapper_seconds,570
495,azure/cyclecloud/cpu,azure,cyclecloud,cpu,64,minife,230nx-ny-nz,resid_norm,0.00124485
496,azure/cyclecloud/cpu,azure,cyclecloud,cpu,64,minife,230nx-ny-nz,workload_manager_wrapper_seconds,566
497,azure/cyclecloud/cpu,azure,cyclecloud,cpu,64,minife,230nx-ny-nz,resid_norm,0.00127621
498,azure/cyclecloud/cpu,azure,cyclecloud,cpu,64,minife,230nx-ny-nz,workload_manager_wrapper_seconds,566
499,azure/cyclecloud/cpu,azure,cyclecloud,cpu,64,minife,230nx-ny-nz,resid_norm,0.00124386
500,azure/cyclecloud/cpu,azure,cyclecloud,cpu,32,minife,230nx-ny-nz,workload_manager_wrapper_seconds,558
501,azure/cyclecloud/cpu,azure,cyclecloud,cpu,32,minife,230nx-ny-nz,resid_norm,0.00200603
502,azure/cyclecloud/cpu,azure,cyclecloud,cpu,32,minife,230nx-ny-nz,workload_manager_wrapper_seconds,576
503,azure/cyclecloud/cpu,azure,cyclecloud,cpu,32,minife,230nx-ny-nz,resid_norm,0.00126999
504,azure/cyclecloud/cpu,azure,cyclecloud,cpu,32,minife,230nx-ny-nz,workload_manager_wrapper_seconds,568
505,azure/cyclecloud/cpu,azure,cyclecloud,cpu,32,minife,230nx-ny-nz,resid_norm,0.00922806
506,azure/cyclecloud/cpu,azure,cyclecloud,cpu,128,minife,230nx-ny-nz,workload_manager_wrapper_seconds,570
507,azure/cyclecloud/cpu,azure,cyclecloud,cpu,128,minife,230nx-ny-nz,resid_norm,0.00258564
508,azure/cyclecloud/cpu,azure,cyclecloud,cpu,256,minife,230nx-ny-nz,workload_manager_wrapper_seconds,580
509,azure/cyclecloud/cpu,azure,cyclecloud,cpu,256,minife,230nx-ny-nz,resid_norm,0.00124386
510,azure/cyclecloud/cpu,azure,cyclecloud,cpu,256,minife,230nx-ny-nz,workload_manager_wrapper_seconds,581
511,azure/cyclecloud/cpu,azure,cyclecloud,cpu,256,minife,230nx-ny-nz,resid_norm,0.00187317
512,azure/cyclecloud/gpu,azure,cyclecloud,gpu,32,minife,230nx-ny-nz,workload_manager_wrapper_seconds,8
513,azure/cyclecloud/gpu,azure,cyclecloud,gpu,32,minife,230nx-ny-nz,resid_norm,8.88484e-10
514,azure/cyclecloud/gpu,azure,cyclecloud,gpu,32,minife,230nx-ny-nz,workload_manager_wrapper_seconds,9
515,azure/cyclecloud/gpu,azure,cyclecloud,gpu,32,minife,230nx-ny-nz,resid_norm,4.12493e-09
516,azure/cyclecloud/gpu,azure,cyclecloud,gpu,32,minife,230nx-ny-nz,workload_manager_wrapper_seconds,8
517,azure/cyclecloud/gpu,azure,cyclecloud,gpu,32,minife,230nx-ny-nz,resid_norm,2.67526e-09
518,azure/cyclecloud/gpu,azure,cyclecloud,gpu,32,minife,230nx-ny-nz,workload_manager_wrapper_seconds,17
519,azure/cyclecloud/gpu,azure,cyclecloud,gpu,32,minife,230nx-ny-nz,resid_norm,4.56222e-10
520,azure/cyclecloud/gpu,azure,cyclecloud,gpu,32,minife,230nx-ny-nz,workload_manager_wrapper_seconds,8
521,azure/cyclecloud/gpu,azure,cyclecloud,gpu,32,minife,230nx-ny-nz,resid_norm,4.27477e-10
522,azure/cyclecloud/gpu,azure,cyclecloud,gpu,8,minife,230nx-ny-nz,workload_manager_wrapper_seconds,7
523,azure/cyclecloud/gpu,azure,cyclecloud,gpu,8,minife,230nx-ny-nz,resid_norm,1.40433e-07
524,azure/cyclecloud/gpu,azure,cyclecloud,gpu,8,minife,230nx-ny-nz,workload_manager_wrapper_seconds,8
525,azure/cyclecloud/gpu,azure,cyclecloud,gpu,8,minife,230nx-ny-nz,resid_norm,1.39324e-07
526,azure/cyclecloud/gpu,azure,cyclecloud,gpu,8,minife,230nx-ny-nz,workload_manager_wrapper_seconds,7
527,azure/cyclecloud/gpu,azure,cyclecloud,gpu,8,minife,230nx-ny-nz,resid_norm,1.27364e-07
528,azure/cyclecloud/gpu,azure,cyclecloud,gpu,8,minife,230nx-ny-nz,workload_manager_wrapper_seconds,8
529,azure/cyclecloud/gpu,azure,cyclecloud,gpu,8,minife,230nx-ny-nz,resid_norm,3.19534e-07
530,azure/cyclecloud/gpu,azure,cyclecloud,gpu,8,minife,230nx-ny-nz,workload_manager_wrapper_seconds,7
531,azure/cyclecloud/gpu,azure,cyclecloud,gpu,8,minife,230nx-ny-nz,resid_norm,3.18455e-07
532,azure/cyclecloud/gpu,azure,cyclecloud,gpu,16,minife,230nx-ny-nz,workload_manager_wrapper_seconds,7
533,azure/cyclecloud/gpu,azure,cyclecloud,gpu,16,minife,230nx-ny-nz,resid_norm,4.72531e-08
534,azure/cyclecloud/gpu,azure,cyclecloud,gpu,16,minife,230nx-ny-nz,workload_manager_wrapper_seconds,7
535,azure/cyclecloud/gpu,azure,cyclecloud,gpu,16,minife,230nx-ny-nz,resid_norm,5.29048e-09
536,azure/cyclecloud/gpu,azure,cyclecloud,gpu,16,minife,230nx-ny-nz,workload_manager_wrapper_seconds,7
537,azure/cyclecloud/gpu,azure,cyclecloud,gpu,16,minife,230nx-ny-nz,resid_norm,8.16258e-09
538,azure/cyclecloud/gpu,azure,cyclecloud,gpu,16,minife,230nx-ny-nz,workload_manager_wrapper_seconds,7
539,azure/cyclecloud/gpu,azure,cyclecloud,gpu,16,minife,230nx-ny-nz,resid_norm,5.35454e-09
540,azure/cyclecloud/gpu,azure,cyclecloud,gpu,16,minife,230nx-ny-nz,workload_manager_wrapper_seconds,7
541,azure/cyclecloud/gpu,azure,cyclecloud,gpu,16,minife,230nx-ny-nz,resid_norm,8.74956e-08
542,azure/cyclecloud/gpu,azure,cyclecloud,gpu,4,minife,230nx-ny-nz,workload_manager_wrapper_seconds,7
543,azure/cyclecloud/gpu,azure,cyclecloud,gpu,4,minife,230nx-ny-nz,resid_norm,2.2326e-06
544,azure/cyclecloud/gpu,azure,cyclecloud,gpu,4,minife,230nx-ny-nz,workload_manager_wrapper_seconds,6
545,azure/cyclecloud/gpu,azure,cyclecloud,gpu,4,minife,230nx-ny-nz,resid_norm,2.44885e-05
546,azure/cyclecloud/gpu,azure,cyclecloud,gpu,4,minife,230nx-ny-nz,workload_manager_wrapper_seconds,7
547,azure/cyclecloud/gpu,azure,cyclecloud,gpu,4,minife,230nx-ny-nz,resid_norm,1.77337e-06
548,azure/cyclecloud/gpu,azure,cyclecloud,gpu,4,minife,230nx-ny-nz,workload_manager_wrapper_seconds,13
549,azure/cyclecloud/gpu,azure,cyclecloud,gpu,4,minife,230nx-ny-nz,resid_norm,2.01332e-06
550,azure/cyclecloud/gpu,azure,cyclecloud,gpu,4,minife,230nx-ny-nz,workload_manager_wrapper_seconds,7
551,azure/cyclecloud/gpu,azure,cyclecloud,gpu,4,minife,230nx-ny-nz,resid_norm,1.90231e-06
552,azure/aks/cpu,azure,aks,cpu,32,minife,230nx-ny-nz,workload_manager_wrapper_seconds,51.516525745391846
553,azure/aks/cpu,azure,aks,cpu,32,minife,230nx-ny-nz,resid_norm,0.0013501
554,azure/aks/cpu,azure,aks,cpu,32,minife,230nx-ny-nz,workload_manager_wrapper_seconds,51.299262046813965
555,azure/aks/cpu,azure,aks,cpu,32,minife,230nx-ny-nz,resid_norm,0.0013501
556,azure/aks/cpu,azure,aks,cpu,32,minife,230nx-ny-nz,workload_manager_wrapper_seconds,51.077611684799194
557,azure/aks/cpu,azure,aks,cpu,32,minife,230nx-ny-nz,resid_norm,0.0013501
558,azure/aks/cpu,azure,aks,cpu,32,minife,230nx-ny-nz,workload_manager_wrapper_seconds,51.68778848648071
559,azure/aks/cpu,azure,aks,cpu,32,minife,230nx-ny-nz,resid_norm,0.0013501
560,azure/aks/cpu,azure,aks,cpu,32,minife,230nx-ny-nz,workload_manager_wrapper_seconds,51.07107448577881
561,azure/aks/cpu,azure,aks,cpu,32,minife,230nx-ny-nz,resid_norm,0.0013501
562,azure/aks/cpu,azure,aks,cpu,128,minife,230nx-ny-nz,workload_manager_wrapper_seconds,194.0335557460785
563,azure/aks/cpu,azure,aks,cpu,128,minife,230nx-ny-nz,resid_norm,0.00129587
564,azure/aks/cpu,azure,aks,cpu,128,minife,230nx-ny-nz,workload_manager_wrapper_seconds,192.77029275894165
565,azure/aks/cpu,azure,aks,cpu,128,minife,230nx-ny-nz,resid_norm,0.00129587
566,azure/aks/cpu,azure,aks,cpu,128,minife,230nx-ny-nz,workload_manager_wrapper_seconds,195.98088693618774
567,azure/aks/cpu,azure,aks,cpu,128,minife,230nx-ny-nz,resid_norm,0.00129587
568,azure/aks/cpu,azure,aks,cpu,128,minife,230nx-ny-nz,workload_manager_wrapper_seconds,192.01950645446777
569,azure/aks/cpu,azure,aks,cpu,128,minife,230nx-ny-nz,resid_norm,0.00129587
570,azure/aks/cpu,azure,aks,cpu,256,minife,230nx-ny-nz,workload_manager_wrapper_seconds,431.76511669158936
571,azure/aks/cpu,azure,aks,cpu,256,minife,230nx-ny-nz,resid_norm,0.00124387
572,azure/aks/cpu,azure,aks,cpu,64,minife,230nx-ny-nz,workload_manager_wrapper_seconds,98.17881441116333
573,azure/aks/cpu,azure,aks,cpu,64,minife,230nx-ny-nz,resid_norm,0.0013673
574,azure/aks/cpu,azure,aks,cpu,64,minife,230nx-ny-nz,workload_manager_wrapper_seconds,98.53430342674255
575,azure/aks/cpu,azure,aks,cpu,64,minife,230nx-ny-nz,resid_norm,0.0013673
576,azure/aks/cpu,azure,aks,cpu,64,minife,230nx-ny-nz,workload_manager_wrapper_seconds,99.80449485778809
577,azure/aks/cpu,azure,aks,cpu,64,minife,230nx-ny-nz,resid_norm,0.0013673
578,azure/aks/cpu,azure,aks,cpu,64,minife,230nx-ny-nz,workload_manager_wrapper_seconds,97.02596950531006
579,azure/aks/cpu,azure,aks,cpu,64,minife,230nx-ny-nz,resid_norm,0.0013673
580,azure/aks/cpu,azure,aks,cpu,64,minife,230nx-ny-nz,workload_manager_wrapper_seconds,97.80018019676208
581,azure/aks/cpu,azure,aks,cpu,64,minife,230nx-ny-nz,resid_norm,0.0013673
582,azure/aks/gpu,azure,aks,gpu,32,minife,640nx-ny-nz,workload_manager_wrapper_seconds,3.5435585975646973
583,azure/aks/gpu,azure,aks,gpu,32,minife,640nx-ny-nz,resid_norm,0.000150886
584,azure/aks/gpu,azure,aks,gpu,32,minife,640nx-ny-nz,workload_manager_wrapper_seconds,3.7002365589141846
585,azure/aks/gpu,azure,aks,gpu,32,minife,640nx-ny-nz,resid_norm,0.00118114
586,azure/aks/gpu,azure,aks,gpu,32,minife,640nx-ny-nz,workload_manager_wrapper_seconds,3.5388102531433105
587,azure/aks/gpu,azure,aks,gpu,32,minife,640nx-ny-nz,resid_norm,0.000151197
588,azure/aks/gpu,azure,aks,gpu,32,minife,640nx-ny-nz,workload_manager_wrapper_seconds,3.523545503616333
589,azure/aks/gpu,azure,aks,gpu,32,minife,640nx-ny-nz,resid_norm,0.00256
590,azure/aks/gpu,azure,aks,gpu,32,minife,230nx-ny-nz,workload_manager_wrapper_seconds,3.1189966201782227
591,azure/aks/gpu,azure,aks,gpu,32,minife,230nx-ny-nz,resid_norm,3.38166e-10
592,azure/aks/gpu,azure,aks,gpu,32,minife,640nx-ny-nz,workload_manager_wrapper_seconds,3.5595734119415283
593,azure/aks/gpu,azure,aks,gpu,32,minife,640nx-ny-nz,resid_norm,0.00306584
594,azure/aks/gpu,azure,aks,gpu,32,minife,230nx-ny-nz,workload_manager_wrapper_seconds,3.035799264907837
595,azure/aks/gpu,azure,aks,gpu,32,minife,230nx-ny-nz,resid_norm,7.10516e-10
596,azure/aks/gpu,azure,aks,gpu,32,minife,230nx-ny-nz,workload_manager_wrapper_seconds,3.127028703689575
597,azure/aks/gpu,azure,aks,gpu,32,minife,230nx-ny-nz,resid_norm,5.50798e-09
598,azure/aks/gpu,azure,aks,gpu,32,minife,230nx-ny-nz,workload_manager_wrapper_seconds,3.23545503616333
599,azure/aks/gpu,azure,aks,gpu,32,minife,230nx-ny-nz,resid_norm,4.35142e-10
600,azure/aks/gpu,azure,aks,gpu,32,minife,230nx-ny-nz,workload_manager_wrapper_seconds,3.0939807891845703
601,azure/aks/gpu,azure,aks,gpu,32,minife,230nx-ny-nz,resid_norm,3.38623e-10
602,azure/aks/gpu,azure,aks,gpu,32,minife,230nx-ny-nz,workload_manager_wrapper_seconds,3.1022531986236572
603,azure/aks/gpu,azure,aks,gpu,32,minife,230nx-ny-nz,resid_norm,1.74101e-09
604,azure/aks/gpu,azure,aks,gpu,32,minife,230nx-ny-nz,workload_manager_wrapper_seconds,3.1028499603271484
605,azure/aks/gpu,azure,aks,gpu,32,minife,230nx-ny-nz,resid_norm,4.12521e-09
606,azure/aks/gpu,azure,aks,gpu,32,minife,640nx-ny-nz,workload_manager_wrapper_seconds,3.5478312969207764
607,azure/aks/gpu,azure,aks,gpu,32,minife,640nx-ny-nz,resid_norm,0.000179158
608,azure/aks/gpu,azure,aks,gpu,32,minife,640nx-ny-nz,workload_manager_wrapper_seconds,3.5876002311706543
609,azure/aks/gpu,azure,aks,gpu,32,minife,640nx-ny-nz,resid_norm,0.00228103
610,azure/aks/gpu,azure,aks,gpu,32,minife,230nx-ny-nz,workload_manager_wrapper_seconds,3.126880407333374
611,azure/aks/gpu,azure,aks,gpu,32,minife,230nx-ny-nz,resid_norm,5.13413e-10
612,azure/aks/gpu,azure,aks,gpu,32,minife,230nx-ny-nz,workload_manager_wrapper_seconds,3.147911310195923
613,azure/aks/gpu,azure,aks,gpu,32,minife,230nx-ny-nz,resid_norm,7.18356e-09
614,azure/aks/gpu,azure,aks,gpu,32,minife,230nx-ny-nz,workload_manager_wrapper_seconds,3.066328763961792
615,azure/aks/gpu,azure,aks,gpu,32,minife,230nx-ny-nz,resid_norm,8.28047e-09
616,azure/aks/gpu,azure,aks,gpu,32,minife,640nx-ny-nz,workload_manager_wrapper_seconds,3.6121864318847656
617,azure/aks/gpu,azure,aks,gpu,32,minife,640nx-ny-nz,resid_norm,0.000429323
618,azure/aks/gpu,azure,aks,gpu,32,minife,640nx-ny-nz,workload_manager_wrapper_seconds,3.6516590118408203
619,azure/aks/gpu,azure,aks,gpu,32,minife,640nx-ny-nz,resid_norm,0.000196157
620,azure/aks/gpu,azure,aks,gpu,32,minife,230nx-ny-nz,workload_manager_wrapper_seconds,3.1438064575195312
621,azure/aks/gpu,azure,aks,gpu,32,minife,230nx-ny-nz,resid_norm,1.52116e-09
622,azure/aks/gpu,azure,aks,gpu,32,minife,640nx-ny-nz,workload_manager_wrapper_seconds,3.6175665855407715
623,azure/aks/gpu,azure,aks,gpu,32,minife,640nx-ny-nz,resid_norm,0.000454743
624,azure/aks/gpu,azure,aks,gpu,32,minife,230nx-ny-nz,workload_manager_wrapper_seconds,3.135427951812744
625,azure/aks/gpu,azure,aks,gpu,32,minife,230nx-ny-nz,resid_norm,9.14147e-09
626,azure/aks/gpu,azure,aks,gpu,32,minife,640nx-ny-nz,workload_manager_wrapper_seconds,3.5528619289398193
627,azure/aks/gpu,azure,aks,gpu,32,minife,640nx-ny-nz,resid_norm,0.00015055
628,azure/aks/gpu,azure,aks,gpu,32,minife,230nx-ny-nz,workload_manager_wrapper_seconds,3.067962646484375
629,azure/aks/gpu,azure,aks,gpu,32,minife,230nx-ny-nz,resid_norm,4.27052e-10
630,azure/aks/gpu,azure,aks,gpu,32,minife,230nx-ny-nz,workload_manager_wrapper_seconds,3.0638461112976074
631,azure/aks/gpu,azure,aks,gpu,32,minife,230nx-ny-nz,resid_norm,4.27005e-10
632,azure/aks/gpu,azure,aks,gpu,32,minife,640nx-ny-nz,workload_manager_wrapper_seconds,3.5793004035949707
633,azure/aks/gpu,azure,aks,gpu,32,minife,640nx-ny-nz,resid_norm,0.00015904
634,azure/aks/gpu,azure,aks,gpu,32,minife,640nx-ny-nz,workload_manager_wrapper_seconds,3.6151254177093506
635,azure/aks/gpu,azure,aks,gpu,32,minife,640nx-ny-nz,resid_norm,0.00674531
636,azure/aks/gpu,azure,aks,gpu,32,minife,230nx-ny-nz,workload_manager_wrapper_seconds,3.0458555221557617
637,azure/aks/gpu,azure,aks,gpu,32,minife,230nx-ny-nz,resid_norm,2.35871e-09
638,azure/aks/gpu,azure,aks,gpu,32,minife,640nx-ny-nz,workload_manager_wrapper_seconds,3.56573748588562
639,azure/aks/gpu,azure,aks,gpu,32,minife,640nx-ny-nz,resid_norm,0.000143038
640,azure/aks/gpu,azure,aks,gpu,32,minife,640nx-ny-nz,workload_manager_wrapper_seconds,3.638068199157715
641,azure/aks/gpu,azure,aks,gpu,32,minife,640nx-ny-nz,resid_norm,0.00169479
642,azure/aks/gpu,azure,aks,gpu,8,minife,230nx-ny-nz,workload_manager_wrapper_seconds,1.714662790298462
643,azure/aks/gpu,azure,aks,gpu,8,minife,230nx-ny-nz,resid_norm,3.03954e-05
644,azure/aks/gpu,azure,aks,gpu,8,minife,230nx-ny-nz,workload_manager_wrapper_seconds,1.7162158489227295
645,azure/aks/gpu,azure,aks,gpu,8,minife,230nx-ny-nz,resid_norm,1.47178e-05
646,azure/aks/gpu,azure,aks,gpu,8,minife,230nx-ny-nz,workload_manager_wrapper_seconds,1.7452709674835205
647,azure/aks/gpu,azure,aks,gpu,8,minife,230nx-ny-nz,resid_norm,8.40479e-05
648,azure/aks/gpu,azure,aks,gpu,8,minife,230nx-ny-nz,workload_manager_wrapper_seconds,1.6956756114959717
649,azure/aks/gpu,azure,aks,gpu,8,minife,230nx-ny-nz,resid_norm,8.39638e-05
650,azure/aks/gpu,azure,aks,gpu,8,minife,230nx-ny-nz,workload_manager_wrapper_seconds,1.7427585124969482
651,azure/aks/gpu,azure,aks,gpu,8,minife,230nx-ny-nz,resid_norm,0.00010056
652,azure/aks/gpu,azure,aks,gpu,8,minife,230nx-ny-nz,workload_manager_wrapper_seconds,1.7081286907196045
653,azure/aks/gpu,azure,aks,gpu,8,minife,230nx-ny-nz,resid_norm,0.000377306
654,azure/aks/gpu,azure,aks,gpu,8,minife,230nx-ny-nz,workload_manager_wrapper_seconds,1.7859468460083008
655,azure/aks/gpu,azure,aks,gpu,8,minife,230nx-ny-nz,resid_norm,1.47733e-05
656,azure/aks/gpu,azure,aks,gpu,8,minife,230nx-ny-nz,workload_manager_wrapper_seconds,1.7386066913604736
657,azure/aks/gpu,azure,aks,gpu,8,minife,230nx-ny-nz,resid_norm,1.75388e-05
658,azure/aks/gpu,azure,aks,gpu,8,minife,230nx-ny-nz,workload_manager_wrapper_seconds,1.6887273788452148
659,azure/aks/gpu,azure,aks,gpu,8,minife,230nx-ny-nz,resid_norm,6.53913e-05
660,azure/aks/gpu,azure,aks,gpu,8,minife,230nx-ny-nz,workload_manager_wrapper_seconds,1.727461338043213
661,azure/aks/gpu,azure,aks,gpu,8,minife,230nx-ny-nz,resid_norm,0.000106568
662,azure/aks/gpu,azure,aks,gpu,8,minife,230nx-ny-nz,workload_manager_wrapper_seconds,1.6921100616455078
663,azure/aks/gpu,azure,aks,gpu,8,minife,230nx-ny-nz,resid_norm,1.26242e-05
664,azure/aks/gpu,azure,aks,gpu,8,minife,230nx-ny-nz,workload_manager_wrapper_seconds,1.708181381225586
665,azure/aks/gpu,azure,aks,gpu,8,minife,230nx-ny-nz,resid_norm,2.05862e-05
666,azure/aks/gpu,azure,aks,gpu,8,minife,230nx-ny-nz,workload_manager_wrapper_seconds,1.73221755027771
667,azure/aks/gpu,azure,aks,gpu,8,minife,230nx-ny-nz,resid_norm,4.15141e-05
668,azure/aks/gpu,azure,aks,gpu,8,minife,230nx-ny-nz,workload_manager_wrapper_seconds,1.7047381401062012
669,azure/aks/gpu,azure,aks,gpu,8,minife,230nx-ny-nz,resid_norm,0.000125915
670,azure/aks/gpu,azure,aks,gpu,8,minife,230nx-ny-nz,workload_manager_wrapper_seconds,1.7139499187469482
671,azure/aks/gpu,azure,aks,gpu,8,minife,230nx-ny-nz,resid_norm,1.4724e-05
672,azure/aks/gpu,azure,aks,gpu,16,minife,230nx-ny-nz,workload_manager_wrapper_seconds,2.7839255332946777
673,azure/aks/gpu,azure,aks,gpu,16,minife,230nx-ny-nz,resid_norm,1.17031e-07
674,azure/aks/gpu,azure,aks,gpu,16,minife,230nx-ny-nz,workload_manager_wrapper_seconds,2.7166855335235596
675,azure/aks/gpu,azure,aks,gpu,16,minife,230nx-ny-nz,resid_norm,5.27604e-09
676,azure/aks/gpu,azure,aks,gpu,16,minife,230nx-ny-nz,workload_manager_wrapper_seconds,2.802408456802368
677,azure/aks/gpu,azure,aks,gpu,16,minife,230nx-ny-nz,resid_norm,4.81564e-09
678,azure/aks/gpu,azure,aks,gpu,16,minife,230nx-ny-nz,workload_manager_wrapper_seconds,2.8448662757873535
679,azure/aks/gpu,azure,aks,gpu,16,minife,230nx-ny-nz,resid_norm,9.44529e-09
680,azure/aks/gpu,azure,aks,gpu,16,minife,230nx-ny-nz,workload_manager_wrapper_seconds,2.7169253826141357
681,azure/aks/gpu,azure,aks,gpu,16,minife,230nx-ny-nz,resid_norm,1.10167e-07
682,azure/aks/gpu,azure,aks,gpu,16,minife,230nx-ny-nz,workload_manager_wrapper_seconds,2.770585775375366
683,azure/aks/gpu,azure,aks,gpu,16,minife,230nx-ny-nz,resid_norm,5.28315e-09
684,azure/aks/gpu,azure,aks,gpu,16,minife,230nx-ny-nz,workload_manager_wrapper_seconds,2.713026285171509
685,azure/aks/gpu,azure,aks,gpu,16,minife,230nx-ny-nz,resid_norm,2.18574e-08
686,azure/aks/gpu,azure,aks,gpu,16,minife,230nx-ny-nz,workload_manager_wrapper_seconds,2.7042224407196045
687,azure/aks/gpu,azure,aks,gpu,16,minife,230nx-ny-nz,resid_norm,9.37518e-09
688,azure/aks/gpu,azure,aks,gpu,16,minife,230nx-ny-nz,workload_manager_wrapper_seconds,2.793300151824951
689,azure/aks/gpu,azure,aks,gpu,16,minife,230nx-ny-nz,resid_norm,4.94848e-09
690,azure/aks/gpu,azure,aks,gpu,16,minife,230nx-ny-nz,workload_manager_wrapper_seconds,2.7080159187316895
691,azure/aks/gpu,azure,aks,gpu,16,minife,230nx-ny-nz,resid_norm,4.81626e-09
692,azure/aks/gpu,azure,aks,gpu,16,minife,230nx-ny-nz,workload_manager_wrapper_seconds,2.7174453735351562
693,azure/aks/gpu,azure,aks,gpu,16,minife,230nx-ny-nz,resid_norm,4.81564e-09
694,azure/aks/gpu,azure,aks,gpu,16,minife,230nx-ny-nz,workload_manager_wrapper_seconds,2.7234268188476562
695,azure/aks/gpu,azure,aks,gpu,16,minife,230nx-ny-nz,resid_norm,6.07122e-09
696,azure/aks/gpu,azure,aks,gpu,16,minife,230nx-ny-nz,workload_manager_wrapper_seconds,2.737244129180908
697,azure/aks/gpu,azure,aks,gpu,16,minife,230nx-ny-nz,resid_norm,4.81565e-09
698,azure/aks/gpu,azure,aks,gpu,16,minife,230nx-ny-nz,workload_manager_wrapper_seconds,2.7040834426879883
699,azure/aks/gpu,azure,aks,gpu,16,minife,230nx-ny-nz,resid_norm,2.04468e-08
700,azure/aks/gpu,azure,aks,gpu,16,minife,230nx-ny-nz,workload_manager_wrapper_seconds,2.755906820297241
701,azure/aks/gpu,azure,aks,gpu,16,minife,230nx-ny-nz,resid_norm,7.47372e-08
702,azure/aks/gpu,azure,aks,gpu,4,minife,230nx-ny-nz,workload_manager_wrapper_seconds,3.025024890899658
703,azure/aks/gpu,azure,aks,gpu,4,minife,230nx-ny-nz,resid_norm,1.77511e-06
704,azure/aks/gpu,azure,aks,gpu,4,minife,230nx-ny-nz,workload_manager_wrapper_seconds,3.084010601043701
705,azure/aks/gpu,azure,aks,gpu,4,minife,230nx-ny-nz,resid_norm,1.34182e-05
706,azure/aks/gpu,azure,aks,gpu,4,minife,230nx-ny-nz,workload_manager_wrapper_seconds,3.034585952758789
707,azure/aks/gpu,azure,aks,gpu,4,minife,230nx-ny-nz,resid_norm,1.78745e-05
708,azure/aks/gpu,azure,aks,gpu,4,minife,230nx-ny-nz,workload_manager_wrapper_seconds,3.0958197116851807
709,azure/aks/gpu,azure,aks,gpu,4,minife,230nx-ny-nz,resid_norm,1.77825e-06
710,azure/aks/gpu,azure,aks,gpu,4,minife,230nx-ny-nz,workload_manager_wrapper_seconds,3.0655629634857178
711,azure/aks/gpu,azure,aks,gpu,4,minife,230nx-ny-nz,resid_norm,1.92154e-06
712,azure/aks/gpu,azure,aks,gpu,4,minife,230nx-ny-nz,workload_manager_wrapper_seconds,3.132066488265991
713,azure/aks/gpu,azure,aks,gpu,4,minife,230nx-ny-nz,resid_norm,3.21366e-06
714,azure/aks/gpu,azure,aks,gpu,4,minife,230nx-ny-nz,workload_manager_wrapper_seconds,3.187372922897339
715,azure/aks/gpu,azure,aks,gpu,4,minife,230nx-ny-nz,resid_norm,1.77517e-06
716,azure/aks/gpu,azure,aks,gpu,4,minife,230nx-ny-nz,workload_manager_wrapper_seconds,3.0265111923217773
717,azure/aks/gpu,azure,aks,gpu,4,minife,230nx-ny-nz,resid_norm,2.02059e-06
718,azure/aks/gpu,azure,aks,gpu,4,minife,230nx-ny-nz,workload_manager_wrapper_seconds,3.0868585109710693
719,azure/aks/gpu,azure,aks,gpu,4,minife,230nx-ny-nz,resid_norm,2.29256e-06
720,azure/aks/gpu,azure,aks,gpu,4,minife,230nx-ny-nz,workload_manager_wrapper_seconds,3.149808168411255
721,azure/aks/gpu,azure,aks,gpu,4,minife,230nx-ny-nz,resid_norm,1.82556e-06
722,azure/aks/gpu,azure,aks,gpu,4,minife,230nx-ny-nz,workload_manager_wrapper_seconds,3.098052501678467
723,azure/aks/gpu,azure,aks,gpu,4,minife,230nx-ny-nz,resid_norm,3.63714e-06
724,azure/aks/gpu,azure,aks,gpu,4,minife,230nx-ny-nz,workload_manager_wrapper_seconds,3.1006319522857666
725,azure/aks/gpu,azure,aks,gpu,4,minife,230nx-ny-nz,resid_norm,5.14321e-06
726,azure/aks/gpu,azure,aks,gpu,4,minife,230nx-ny-nz,workload_manager_wrapper_seconds,3.169104814529419
727,azure/aks/gpu,azure,aks,gpu,4,minife,230nx-ny-nz,resid_norm,3.4212e-06
728,azure/aks/gpu,azure,aks,gpu,4,minife,230nx-ny-nz,workload_manager_wrapper_seconds,3.094367265701294
729,azure/aks/gpu,azure,aks,gpu,4,minife,230nx-ny-nz,resid_norm,1.80143e-05
730,azure/aks/gpu,azure,aks,gpu,4,minife,230nx-ny-nz,workload_manager_wrapper_seconds,3.167487144470215
731,azure/aks/gpu,azure,aks,gpu,4,minife,230nx-ny-nz,resid_norm,1.77461e-06
732,azure/aks/gpu,azure,aks,gpu,4,minife,230nx-ny-nz,workload_manager_wrapper_seconds,3.091444253921509
733,azure/aks/gpu,azure,aks,gpu,4,minife,230nx-ny-nz,resid_norm,2.1968e-06
