,experiment,cloud,env,env_type,nodes,application,metric,value
0,google/gke/cpu,google,gke,cpu,64,amg2023,workload_manager_wrapper_seconds,90.52511715888977
1,google/gke/cpu,google,gke,cpu,64,amg2023,fom_overall,1148604000.0
2,google/gke/cpu,google,gke,cpu,64,amg2023,fom_solve,4546804000.0
3,google/gke/cpu,google,gke,cpu,64,amg2023,fom_setup,4743429000.0
4,google/gke/cpu,google,gke,cpu,64,amg2023,workload_manager_wrapper_seconds,90.7352249622345
5,google/gke/cpu,google,gke,cpu,64,amg2023,fom_overall,1151290000.0
6,google/gke/cpu,google,gke,cpu,64,amg2023,fom_solve,4569569000.0
7,google/gke/cpu,google,gke,cpu,64,amg2023,fom_setup,4715345000.0
8,google/gke/cpu,google,gke,cpu,64,amg2023,workload_manager_wrapper_seconds,90.0551209449768
9,google/gke/cpu,google,gke,cpu,64,amg2023,fom_overall,1159428000.0
10,google/gke/cpu,google,gke,cpu,64,amg2023,fom_solve,4604914000.0
11,google/gke/cpu,google,gke,cpu,64,amg2023,fom_setup,4738969000.0
12,google/gke/cpu,google,gke,cpu,64,amg2023,workload_manager_wrapper_seconds,91.45325326919556
13,google/gke/cpu,google,gke,cpu,64,amg2023,fom_overall,1144918000.0
14,google/gke/cpu,google,gke,cpu,64,amg2023,fom_solve,4565078000.0
15,google/gke/cpu,google,gke,cpu,64,amg2023,fom_setup,4624018000.0
16,google/gke/cpu,google,gke,cpu,64,amg2023,workload_manager_wrapper_seconds,90.70145630836487
17,google/gke/cpu,google,gke,cpu,64,amg2023,fom_overall,1147768000.0
18,google/gke/cpu,google,gke,cpu,64,amg2023,fom_solve,4545529000.0
19,google/gke/cpu,google,gke,cpu,64,amg2023,fom_setup,4733354000.0
20,google/gke/cpu,google,gke,cpu,32,amg2023,workload_manager_wrapper_seconds,142.29108333587646
21,google/gke/cpu,google,gke,cpu,32,amg2023,fom_overall,349474800.0
22,google/gke/cpu,google,gke,cpu,32,amg2023,fom_solve,1362400000.0
23,google/gke/cpu,google,gke,cpu,32,amg2023,fom_setup,1516439000.0
24,google/gke/cpu,google,gke,cpu,32,amg2023,workload_manager_wrapper_seconds,140.94730854034424
25,google/gke/cpu,google,gke,cpu,32,amg2023,fom_overall,350625400.0
26,google/gke/cpu,google,gke,cpu,32,amg2023,fom_solve,1358490000.0
27,google/gke/cpu,google,gke,cpu,32,amg2023,fom_setup,1553490000.0
28,google/gke/cpu,google,gke,cpu,32,amg2023,workload_manager_wrapper_seconds,142.12301015853882
29,google/gke/cpu,google,gke,cpu,32,amg2023,fom_overall,349142900.0
30,google/gke/cpu,google,gke,cpu,32,amg2023,fom_solve,1359447000.0
31,google/gke/cpu,google,gke,cpu,32,amg2023,fom_setup,1521197000.0
32,google/gke/cpu,google,gke,cpu,32,amg2023,workload_manager_wrapper_seconds,142.09320425987244
33,google/gke/cpu,google,gke,cpu,32,amg2023,fom_overall,349698100.0
34,google/gke/cpu,google,gke,cpu,32,amg2023,fom_solve,1361604000.0
35,google/gke/cpu,google,gke,cpu,32,amg2023,fom_setup,1523632000.0
36,google/gke/cpu,google,gke,cpu,32,amg2023,workload_manager_wrapper_seconds,140.61799144744873
37,google/gke/cpu,google,gke,cpu,32,amg2023,fom_overall,351295900.0
38,google/gke/cpu,google,gke,cpu,32,amg2023,fom_solve,1360375000.0
39,google/gke/cpu,google,gke,cpu,32,amg2023,fom_setup,1559261000.0
40,google/gke/cpu,google,gke,cpu,128,amg2023,workload_manager_wrapper_seconds,224.73918390274048
41,google/gke/cpu,google,gke,cpu,128,amg2023,fom_overall,764870600.0
42,google/gke/cpu,google,gke,cpu,128,amg2023,fom_solve,2693623000.0
43,google/gke/cpu,google,gke,cpu,128,amg2023,fom_setup,5163450000.0
44,google/gke/cpu,google,gke,cpu,128,amg2023,workload_manager_wrapper_seconds,224.68983054161072
45,google/gke/cpu,google,gke,cpu,128,amg2023,fom_overall,765074600.0
46,google/gke/cpu,google,gke,cpu,128,amg2023,fom_solve,2695092000.0
47,google/gke/cpu,google,gke,cpu,128,amg2023,fom_setup,5156566000.0
48,google/gke/cpu,google,gke,cpu,128,amg2023,workload_manager_wrapper_seconds,224.45913982391357
49,google/gke/cpu,google,gke,cpu,128,amg2023,fom_overall,764563100.0
50,google/gke/cpu,google,gke,cpu,128,amg2023,fom_solve,2693016000.0
51,google/gke/cpu,google,gke,cpu,128,amg2023,fom_setup,5156134000.0
52,google/gke/cpu,google,gke,cpu,128,amg2023,workload_manager_wrapper_seconds,223.9282660484314
53,google/gke/cpu,google,gke,cpu,128,amg2023,fom_overall,766056600.0
54,google/gke/cpu,google,gke,cpu,128,amg2023,fom_solve,2695290000.0
55,google/gke/cpu,google,gke,cpu,128,amg2023,fom_setup,5199298000.0
56,google/gke/cpu,google,gke,cpu,128,amg2023,workload_manager_wrapper_seconds,224.9553554058075
57,google/gke/cpu,google,gke,cpu,128,amg2023,fom_overall,764454400.0
58,google/gke/cpu,google,gke,cpu,128,amg2023,fom_solve,2694917000.0
59,google/gke/cpu,google,gke,cpu,128,amg2023,fom_setup,5130425000.0
60,google/gke/cpu,google,gke,cpu,256,amg2023,workload_manager_wrapper_seconds,276.8146963119507
61,google/gke/cpu,google,gke,cpu,256,amg2023,fom_overall,1475154000.0
62,google/gke/cpu,google,gke,cpu,256,amg2023,fom_solve,5316367000.0
63,google/gke/cpu,google,gke,cpu,256,amg2023,fom_setup,8802792000.0
64,google/gke/cpu,google,gke,cpu,256,amg2023,workload_manager_wrapper_seconds,275.1078751087189
65,google/gke/cpu,google,gke,cpu,256,amg2023,fom_overall,1481790000.0
66,google/gke/cpu,google,gke,cpu,256,amg2023,fom_solve,5318533000.0
67,google/gke/cpu,google,gke,cpu,256,amg2023,fom_setup,9025765000.0
68,google/gke/gpu,google,gke,gpu,8,amg2023,workload_manager_wrapper_seconds,10.194488525390625
69,google/gke/gpu,google,gke,gpu,8,amg2023,fom_overall,757596700.0
70,google/gke/gpu,google,gke,gpu,8,amg2023,fom_solve,2925136000.0
71,google/gke/gpu,google,gke,gpu,8,amg2023,fom_setup,3397081000.0
72,google/gke/gpu,google,gke,gpu,8,amg2023,workload_manager_wrapper_seconds,10.157407283782959
73,google/gke/gpu,google,gke,gpu,8,amg2023,fom_overall,760987600.0
74,google/gke/gpu,google,gke,gpu,8,amg2023,fom_solve,2941230000.0
75,google/gke/gpu,google,gke,gpu,8,amg2023,fom_setup,3400199000.0
76,google/gke/gpu,google,gke,gpu,8,amg2023,workload_manager_wrapper_seconds,10.207961797714233
77,google/gke/gpu,google,gke,gpu,8,amg2023,fom_overall,749593100.0
78,google/gke/gpu,google,gke,gpu,8,amg2023,fom_solve,2885588000.0
79,google/gke/gpu,google,gke,gpu,8,amg2023,fom_setup,3396649000.0
80,google/gke/gpu,google,gke,gpu,8,amg2023,workload_manager_wrapper_seconds,10.156397342681885
81,google/gke/gpu,google,gke,gpu,8,amg2023,fom_overall,760180300.0
82,google/gke/gpu,google,gke,gpu,8,amg2023,fom_solve,2937867000.0
83,google/gke/gpu,google,gke,gpu,8,amg2023,fom_setup,3397565000.0
84,google/gke/gpu,google,gke,gpu,8,amg2023,workload_manager_wrapper_seconds,10.787790775299072
85,google/gke/gpu,google,gke,gpu,8,amg2023,fom_overall,728325500.0
86,google/gke/gpu,google,gke,gpu,8,amg2023,fom_solve,2941943000.0
87,google/gke/gpu,google,gke,gpu,8,amg2023,fom_setup,2830631000.0
88,google/compute-engine/cpu,google,compute-engine,cpu,64,amg2023,workload_manager_wrapper_seconds,143.51285767555237
89,google/compute-engine/cpu,google,compute-engine,cpu,64,amg2023,fom_overall,656974300.0
90,google/compute-engine/cpu,google,compute-engine,cpu,64,amg2023,fom_solve,2548452000.0
91,google/compute-engine/cpu,google,compute-engine,cpu,64,amg2023,fom_setup,2899019000.0
92,google/compute-engine/cpu,google,compute-engine,cpu,64,amg2023,workload_manager_wrapper_seconds,142.07366681098938
93,google/compute-engine/cpu,google,compute-engine,cpu,64,amg2023,fom_overall,657376700.0
94,google/compute-engine/cpu,google,compute-engine,cpu,64,amg2023,fom_solve,2564283000.0
95,google/compute-engine/cpu,google,compute-engine,cpu,64,amg2023,fom_setup,2846731000.0
96,google/compute-engine/cpu,google,compute-engine,cpu,64,amg2023,workload_manager_wrapper_seconds,142.74520206451416
97,google/compute-engine/cpu,google,compute-engine,cpu,64,amg2023,fom_overall,656119400.0
98,google/compute-engine/cpu,google,compute-engine,cpu,64,amg2023,fom_solve,2566588000.0
99,google/compute-engine/cpu,google,compute-engine,cpu,64,amg2023,fom_setup,2814951000.0
100,google/compute-engine/cpu,google,compute-engine,cpu,64,amg2023,workload_manager_wrapper_seconds,139.53646612167358
101,google/compute-engine/cpu,google,compute-engine,cpu,64,amg2023,fom_overall,663868800.0
102,google/compute-engine/cpu,google,compute-engine,cpu,64,amg2023,fom_solve,2566937000.0
103,google/compute-engine/cpu,google,compute-engine,cpu,64,amg2023,fom_setup,2961964000.0
104,google/compute-engine/cpu,google,compute-engine,cpu,64,amg2023,workload_manager_wrapper_seconds,139.14337182044983
105,google/compute-engine/cpu,google,compute-engine,cpu,64,amg2023,fom_overall,664440800.0
106,google/compute-engine/cpu,google,compute-engine,cpu,64,amg2023,fom_solve,2564943000.0
107,google/compute-engine/cpu,google,compute-engine,cpu,64,amg2023,fom_setup,2981440000.0
108,google/compute-engine/cpu,google,compute-engine,cpu,32,amg2023,workload_manager_wrapper_seconds,129.3389163017273
109,google/compute-engine/cpu,google,compute-engine,cpu,32,amg2023,fom_overall,350264600.0
110,google/compute-engine/cpu,google,compute-engine,cpu,32,amg2023,fom_solve,1339005000.0
111,google/compute-engine/cpu,google,compute-engine,cpu,32,amg2023,fom_setup,1627302000.0
112,google/compute-engine/cpu,google,compute-engine,cpu,32,amg2023,workload_manager_wrapper_seconds,129.50486207008362
113,google/compute-engine/cpu,google,compute-engine,cpu,32,amg2023,fom_overall,350295000.0
114,google/compute-engine/cpu,google,compute-engine,cpu,32,amg2023,fom_solve,1341068000.0
115,google/compute-engine/cpu,google,compute-engine,cpu,32,amg2023,fom_setup,1618874000.0
116,google/compute-engine/cpu,google,compute-engine,cpu,32,amg2023,workload_manager_wrapper_seconds,134.27813529968262
117,google/compute-engine/cpu,google,compute-engine,cpu,32,amg2023,fom_overall,345510000.0
118,google/compute-engine/cpu,google,compute-engine,cpu,32,amg2023,fom_solve,1334563000.0
119,google/compute-engine/cpu,google,compute-engine,cpu,32,amg2023,fom_setup,1547160000.0
120,google/compute-engine/cpu,google,compute-engine,cpu,32,amg2023,workload_manager_wrapper_seconds,131.3017189502716
121,google/compute-engine/cpu,google,compute-engine,cpu,32,amg2023,fom_overall,348024700.0
122,google/compute-engine/cpu,google,compute-engine,cpu,32,amg2023,fom_solve,1341410000.0
123,google/compute-engine/cpu,google,compute-engine,cpu,32,amg2023,fom_setup,1570091000.0
124,google/compute-engine/cpu,google,compute-engine,cpu,32,amg2023,workload_manager_wrapper_seconds,131.41056776046753
125,google/compute-engine/cpu,google,compute-engine,cpu,32,amg2023,fom_overall,347763300.0
126,google/compute-engine/cpu,google,compute-engine,cpu,32,amg2023,fom_solve,1341435000.0
127,google/compute-engine/cpu,google,compute-engine,cpu,32,amg2023,fom_setup,1564678000.0
128,google/compute-engine/cpu,google,compute-engine,cpu,128,amg2023,workload_manager_wrapper_seconds,157.20731711387634
129,google/compute-engine/cpu,google,compute-engine,cpu,128,amg2023,fom_overall,1228049000.0
130,google/compute-engine/cpu,google,compute-engine,cpu,128,amg2023,fom_solve,4775380000.0
131,google/compute-engine/cpu,google,compute-engine,cpu,128,amg2023,fom_setup,5374110000.0
132,google/compute-engine/cpu,google,compute-engine,cpu,128,amg2023,workload_manager_wrapper_seconds,159.0893223285675
133,google/compute-engine/cpu,google,compute-engine,cpu,128,amg2023,fom_overall,1220931000.0
134,google/compute-engine/cpu,google,compute-engine,cpu,128,amg2023,fom_solve,4774626000.0
135,google/compute-engine/cpu,google,compute-engine,cpu,128,amg2023,fom_setup,5243140000.0
136,google/compute-engine/cpu,google,compute-engine,cpu,128,amg2023,workload_manager_wrapper_seconds,156.73993945121765
137,google/compute-engine/cpu,google,compute-engine,cpu,128,amg2023,fom_overall,1230584000.0
138,google/compute-engine/cpu,google,compute-engine,cpu,128,amg2023,fom_solve,4779821000.0
139,google/compute-engine/cpu,google,compute-engine,cpu,128,amg2023,fom_setup,5405890000.0
140,google/compute-engine/cpu,google,compute-engine,cpu,128,amg2023,workload_manager_wrapper_seconds,156.79728078842163
141,google/compute-engine/cpu,google,compute-engine,cpu,128,amg2023,fom_overall,1230894000.0
142,google/compute-engine/cpu,google,compute-engine,cpu,128,amg2023,fom_solve,4780319000.0
143,google/compute-engine/cpu,google,compute-engine,cpu,128,amg2023,fom_setup,5409958000.0
144,google/compute-engine/cpu,google,compute-engine,cpu,128,amg2023,workload_manager_wrapper_seconds,156.88161373138428
145,google/compute-engine/cpu,google,compute-engine,cpu,128,amg2023,fom_overall,1228898000.0
146,google/compute-engine/cpu,google,compute-engine,cpu,128,amg2023,fom_solve,4773647000.0
147,google/compute-engine/cpu,google,compute-engine,cpu,128,amg2023,fom_setup,5397039000.0
148,google/compute-engine/cpu,google,compute-engine,cpu,256,amg2023,workload_manager_wrapper_seconds,196.51285028457642
149,google/compute-engine/cpu,google,compute-engine,cpu,256,amg2023,fom_overall,2291143000.0
150,google/compute-engine/cpu,google,compute-engine,cpu,256,amg2023,fom_solve,9417004000.0
151,google/compute-engine/cpu,google,compute-engine,cpu,256,amg2023,fom_setup,8482427000.0
152,google/compute-engine/cpu,google,compute-engine,cpu,256,amg2023,workload_manager_wrapper_seconds,204.5429663658142
153,google/compute-engine/cpu,google,compute-engine,cpu,256,amg2023,fom_overall,2236091000.0
154,google/compute-engine/cpu,google,compute-engine,cpu,256,amg2023,fom_solve,9408920000.0
155,google/compute-engine/cpu,google,compute-engine,cpu,256,amg2023,fom_setup,7790433000.0
156,google/compute-engine/cpu,google,compute-engine,cpu,256,amg2023,workload_manager_wrapper_seconds,192.14132976531982
157,google/compute-engine/cpu,google,compute-engine,cpu,256,amg2023,fom_overall,2323604000.0
158,google/compute-engine/cpu,google,compute-engine,cpu,256,amg2023,fom_solve,9426898000.0
159,google/compute-engine/cpu,google,compute-engine,cpu,256,amg2023,fom_setup,8918412000.0
160,google/compute-engine/cpu,google,compute-engine,cpu,256,amg2023,workload_manager_wrapper_seconds,188.31120443344116
161,google/compute-engine/cpu,google,compute-engine,cpu,256,amg2023,fom_overall,2356129000.0
162,google/compute-engine/cpu,google,compute-engine,cpu,256,amg2023,fom_solve,9431142000.0
163,google/compute-engine/cpu,google,compute-engine,cpu,256,amg2023,fom_setup,9404686000.0
164,google/compute-engine/cpu,google,compute-engine,cpu,256,amg2023,workload_manager_wrapper_seconds,210.37470149993896
165,google/compute-engine/cpu,google,compute-engine,cpu,256,amg2023,fom_overall,2209004000.0
166,google/compute-engine/cpu,google,compute-engine,cpu,256,amg2023,fom_solve,9380464000.0
167,google/compute-engine/cpu,google,compute-engine,cpu,256,amg2023,fom_setup,7525641000.0
168,google/compute-engine/gpu,google,compute-engine,gpu,32,amg2023,workload_manager_wrapper_seconds,51.05555868148804
169,google/compute-engine/gpu,google,compute-engine,gpu,32,amg2023,fom_overall,129899500.0
170,google/compute-engine/gpu,google,compute-engine,gpu,32,amg2023,fom_solve,481429500.0
171,google/compute-engine/gpu,google,compute-engine,gpu,32,amg2023,fom_setup,681748100.0
172,google/compute-engine/gpu,google,compute-engine,gpu,32,amg2023,workload_manager_wrapper_seconds,53.174190282821655
173,google/compute-engine/gpu,google,compute-engine,gpu,32,amg2023,fom_overall,61800020.0
174,google/compute-engine/gpu,google,compute-engine,gpu,32,amg2023,fom_solve,228825400.0
175,google/compute-engine/gpu,google,compute-engine,gpu,32,amg2023,fom_setup,325648600.0
176,google/compute-engine/gpu,google,compute-engine,gpu,32,amg2023,workload_manager_wrapper_seconds,52.32725548744202
177,google/compute-engine/gpu,google,compute-engine,gpu,32,amg2023,fom_overall,63262640.0
178,google/compute-engine/gpu,google,compute-engine,gpu,32,amg2023,fom_solve,233530600.0
179,google/compute-engine/gpu,google,compute-engine,gpu,32,amg2023,fom_setup,337742900.0
180,google/compute-engine/gpu,google,compute-engine,gpu,32,amg2023,workload_manager_wrapper_seconds,52.7365026473999
181,google/compute-engine/gpu,google,compute-engine,gpu,32,amg2023,fom_overall,61627680.0
182,google/compute-engine/gpu,google,compute-engine,gpu,32,amg2023,fom_solve,224067800.0
183,google/compute-engine/gpu,google,compute-engine,gpu,32,amg2023,fom_setup,352401300.0
184,google/compute-engine/gpu,google,compute-engine,gpu,32,amg2023,workload_manager_wrapper_seconds,52.62644028663635
185,google/compute-engine/gpu,google,compute-engine,gpu,32,amg2023,fom_overall,127703000.0
186,google/compute-engine/gpu,google,compute-engine,gpu,32,amg2023,fom_solve,469745100.0
187,google/compute-engine/gpu,google,compute-engine,gpu,32,amg2023,fom_setup,692411700.0
188,google/compute-engine/gpu,google,compute-engine,gpu,32,amg2023,workload_manager_wrapper_seconds,49.76840329170227
189,google/compute-engine/gpu,google,compute-engine,gpu,32,amg2023,fom_overall,138134000.0
190,google/compute-engine/gpu,google,compute-engine,gpu,32,amg2023,fom_solve,523345000.0
191,google/compute-engine/gpu,google,compute-engine,gpu,32,amg2023,fom_setup,663573400.0
192,google/compute-engine/gpu,google,compute-engine,gpu,32,amg2023,workload_manager_wrapper_seconds,53.71569538116455
193,google/compute-engine/gpu,google,compute-engine,gpu,32,amg2023,fom_overall,59378990.0
194,google/compute-engine/gpu,google,compute-engine,gpu,32,amg2023,fom_solve,215460100.0
195,google/compute-engine/gpu,google,compute-engine,gpu,32,amg2023,fom_setup,342784900.0
196,google/compute-engine/gpu,google,compute-engine,gpu,32,amg2023,workload_manager_wrapper_seconds,52.556429624557495
197,google/compute-engine/gpu,google,compute-engine,gpu,32,amg2023,fom_overall,129276400.0
198,google/compute-engine/gpu,google,compute-engine,gpu,32,amg2023,fom_solve,480743500.0
199,google/compute-engine/gpu,google,compute-engine,gpu,32,amg2023,fom_setup,668883900.0
200,google/compute-engine/gpu,google,compute-engine,gpu,32,amg2023,workload_manager_wrapper_seconds,50.434104681015015
201,google/compute-engine/gpu,google,compute-engine,gpu,32,amg2023,fom_overall,135202900.0
202,google/compute-engine/gpu,google,compute-engine,gpu,32,amg2023,fom_solve,507371500.0
203,google/compute-engine/gpu,google,compute-engine,gpu,32,amg2023,fom_setup,674099100.0
204,google/compute-engine/gpu,google,compute-engine,gpu,32,amg2023,workload_manager_wrapper_seconds,54.457746744155884
205,google/compute-engine/gpu,google,compute-engine,gpu,32,amg2023,fom_overall,59041540.0
206,google/compute-engine/gpu,google,compute-engine,gpu,32,amg2023,fom_solve,214111800.0
207,google/compute-engine/gpu,google,compute-engine,gpu,32,amg2023,fom_setup,341780600.0
208,google/compute-engine/gpu,google,compute-engine,gpu,32,amg2023,workload_manager_wrapper_seconds,57.745553970336914
209,google/compute-engine/gpu,google,compute-engine,gpu,32,amg2023,fom_overall,259898500.0
210,google/compute-engine/gpu,google,compute-engine,gpu,32,amg2023,fom_solve,958671100.0
211,google/compute-engine/gpu,google,compute-engine,gpu,32,amg2023,fom_setup,1392130000.0
212,google/compute-engine/gpu,google,compute-engine,gpu,32,amg2023,workload_manager_wrapper_seconds,52.551472425460815
213,google/compute-engine/gpu,google,compute-engine,gpu,32,amg2023,fom_overall,266374900.0
214,google/compute-engine/gpu,google,compute-engine,gpu,32,amg2023,fom_solve,999460100.0
215,google/compute-engine/gpu,google,compute-engine,gpu,32,amg2023,fom_setup,1328926000.0
216,google/compute-engine/gpu,google,compute-engine,gpu,32,amg2023,workload_manager_wrapper_seconds,56.789199352264404
217,google/compute-engine/gpu,google,compute-engine,gpu,32,amg2023,fom_overall,230774000.0
218,google/compute-engine/gpu,google,compute-engine,gpu,32,amg2023,fom_solve,834699600.0
219,google/compute-engine/gpu,google,compute-engine,gpu,32,amg2023,fom_setup,1352929000.0
220,google/compute-engine/gpu,google,compute-engine,gpu,32,amg2023,workload_manager_wrapper_seconds,54.62061285972595
221,google/compute-engine/gpu,google,compute-engine,gpu,32,amg2023,fom_overall,246485400.0
222,google/compute-engine/gpu,google,compute-engine,gpu,32,amg2023,fom_solve,903984100.0
223,google/compute-engine/gpu,google,compute-engine,gpu,32,amg2023,fom_setup,1354292000.0
224,google/compute-engine/gpu,google,compute-engine,gpu,32,amg2023,workload_manager_wrapper_seconds,53.30625820159912
225,google/compute-engine/gpu,google,compute-engine,gpu,32,amg2023,fom_overall,257431800.0
226,google/compute-engine/gpu,google,compute-engine,gpu,32,amg2023,fom_solve,959084200.0
227,google/compute-engine/gpu,google,compute-engine,gpu,32,amg2023,fom_setup,1321808000.0
228,google/compute-engine/gpu,google,compute-engine,gpu,8,amg2023,workload_manager_wrapper_seconds,39.76197648048401
229,google/compute-engine/gpu,google,compute-engine,gpu,8,amg2023,fom_overall,55222280.0
230,google/compute-engine/gpu,google,compute-engine,gpu,8,amg2023,fom_solve,194696700.0
231,google/compute-engine/gpu,google,compute-engine,gpu,8,amg2023,fom_setup,370363200.0
232,google/compute-engine/gpu,google,compute-engine,gpu,8,amg2023,workload_manager_wrapper_seconds,31.913090705871582
233,google/compute-engine/gpu,google,compute-engine,gpu,8,amg2023,fom_overall,25127860.0
234,google/compute-engine/gpu,google,compute-engine,gpu,8,amg2023,fom_solve,86960530.0
235,google/compute-engine/gpu,google,compute-engine,gpu,8,amg2023,fom_setup,188748500.0
236,google/compute-engine/gpu,google,compute-engine,gpu,8,amg2023,workload_manager_wrapper_seconds,29.207353830337524
237,google/compute-engine/gpu,google,compute-engine,gpu,8,amg2023,fom_overall,59923460.0
238,google/compute-engine/gpu,google,compute-engine,gpu,8,amg2023,fom_solve,214243600.0
239,google/compute-engine/gpu,google,compute-engine,gpu,8,amg2023,fom_setup,372411300.0
240,google/compute-engine/gpu,google,compute-engine,gpu,8,amg2023,workload_manager_wrapper_seconds,26.791725158691406
241,google/compute-engine/gpu,google,compute-engine,gpu,8,amg2023,fom_overall,32338460.0
242,google/compute-engine/gpu,google,compute-engine,gpu,8,amg2023,fom_solve,114410600.0
243,google/compute-engine/gpu,google,compute-engine,gpu,8,amg2023,fom_setup,212693800.0
244,google/compute-engine/gpu,google,compute-engine,gpu,8,amg2023,workload_manager_wrapper_seconds,29.201318740844727
245,google/compute-engine/gpu,google,compute-engine,gpu,8,amg2023,fom_overall,61452900.0
246,google/compute-engine/gpu,google,compute-engine,gpu,8,amg2023,fom_solve,222927600.0
247,google/compute-engine/gpu,google,compute-engine,gpu,8,amg2023,fom_setup,355196900.0
248,google/compute-engine/gpu,google,compute-engine,gpu,8,amg2023,workload_manager_wrapper_seconds,29.290053844451904
249,google/compute-engine/gpu,google,compute-engine,gpu,8,amg2023,fom_overall,60436550.0
250,google/compute-engine/gpu,google,compute-engine,gpu,8,amg2023,fom_solve,217440700.0
251,google/compute-engine/gpu,google,compute-engine,gpu,8,amg2023,fom_setup,363714000.0
252,google/compute-engine/gpu,google,compute-engine,gpu,8,amg2023,workload_manager_wrapper_seconds,28.742339372634888
253,google/compute-engine/gpu,google,compute-engine,gpu,8,amg2023,fom_overall,28825980.0
254,google/compute-engine/gpu,google,compute-engine,gpu,8,amg2023,fom_solve,100700400.0
255,google/compute-engine/gpu,google,compute-engine,gpu,8,amg2023,fom_setup,204099200.0
256,google/compute-engine/gpu,google,compute-engine,gpu,8,amg2023,workload_manager_wrapper_seconds,26.654333353042603
257,google/compute-engine/gpu,google,compute-engine,gpu,8,amg2023,fom_overall,33262690.0
258,google/compute-engine/gpu,google,compute-engine,gpu,8,amg2023,fom_solve,119500300.0
259,google/compute-engine/gpu,google,compute-engine,gpu,8,amg2023,fom_setup,201646200.0
260,google/compute-engine/gpu,google,compute-engine,gpu,8,amg2023,workload_manager_wrapper_seconds,28.13786816596985
261,google/compute-engine/gpu,google,compute-engine,gpu,8,amg2023,fom_overall,63823100.0
262,google/compute-engine/gpu,google,compute-engine,gpu,8,amg2023,fom_solve,230671300.0
263,google/compute-engine/gpu,google,compute-engine,gpu,8,amg2023,fom_setup,375546100.0
264,google/compute-engine/gpu,google,compute-engine,gpu,8,amg2023,workload_manager_wrapper_seconds,26.953328132629395
265,google/compute-engine/gpu,google,compute-engine,gpu,8,amg2023,fom_overall,32892270.0
266,google/compute-engine/gpu,google,compute-engine,gpu,8,amg2023,fom_solve,118182000.0
267,google/compute-engine/gpu,google,compute-engine,gpu,8,amg2023,fom_setup,199294100.0
268,google/compute-engine/gpu,google,compute-engine,gpu,8,amg2023,workload_manager_wrapper_seconds,37.34714889526367
269,google/compute-engine/gpu,google,compute-engine,gpu,8,amg2023,fom_overall,96894890.0
270,google/compute-engine/gpu,google,compute-engine,gpu,8,amg2023,fom_solve,350358000.0
271,google/compute-engine/gpu,google,compute-engine,gpu,8,amg2023,fom_setup,568895800.0
272,google/compute-engine/gpu,google,compute-engine,gpu,8,amg2023,workload_manager_wrapper_seconds,45.150721311569214
273,google/compute-engine/gpu,google,compute-engine,gpu,8,amg2023,fom_overall,88747010.0
274,google/compute-engine/gpu,google,compute-engine,gpu,8,amg2023,fom_solve,317100700.0
275,google/compute-engine/gpu,google,compute-engine,gpu,8,amg2023,fom_setup,553321500.0
276,google/compute-engine/gpu,google,compute-engine,gpu,8,amg2023,workload_manager_wrapper_seconds,38.02876400947571
277,google/compute-engine/gpu,google,compute-engine,gpu,8,amg2023,fom_overall,93838770.0
278,google/compute-engine/gpu,google,compute-engine,gpu,8,amg2023,fom_solve,336259200.0
279,google/compute-engine/gpu,google,compute-engine,gpu,8,amg2023,fom_setup,576405800.0
280,google/compute-engine/gpu,google,compute-engine,gpu,8,amg2023,workload_manager_wrapper_seconds,36.51963019371033
281,google/compute-engine/gpu,google,compute-engine,gpu,8,amg2023,fom_overall,98365150.0
282,google/compute-engine/gpu,google,compute-engine,gpu,8,amg2023,fom_solve,357024700.0
283,google/compute-engine/gpu,google,compute-engine,gpu,8,amg2023,fom_setup,567079300.0
284,google/compute-engine/gpu,google,compute-engine,gpu,8,amg2023,workload_manager_wrapper_seconds,38.10382294654846
285,google/compute-engine/gpu,google,compute-engine,gpu,8,amg2023,fom_overall,95231500.0
286,google/compute-engine/gpu,google,compute-engine,gpu,8,amg2023,fom_solve,344463600.0
287,google/compute-engine/gpu,google,compute-engine,gpu,8,amg2023,fom_setup,558180700.0
288,google/compute-engine/gpu,google,compute-engine,gpu,16,amg2023,workload_manager_wrapper_seconds,39.82460832595825
289,google/compute-engine/gpu,google,compute-engine,gpu,16,amg2023,fom_overall,46057790.0
290,google/compute-engine/gpu,google,compute-engine,gpu,16,amg2023,fom_solve,175640700.0
291,google/compute-engine/gpu,google,compute-engine,gpu,16,amg2023,fom_setup,215911500.0
292,google/compute-engine/gpu,google,compute-engine,gpu,16,amg2023,workload_manager_wrapper_seconds,41.17957091331482
293,google/compute-engine/gpu,google,compute-engine,gpu,16,amg2023,fom_overall,44410840.0
294,google/compute-engine/gpu,google,compute-engine,gpu,16,amg2023,fom_solve,170283900.0
295,google/compute-engine/gpu,google,compute-engine,gpu,16,amg2023,fom_setup,204107100.0
296,google/compute-engine/gpu,google,compute-engine,gpu,16,amg2023,workload_manager_wrapper_seconds,42.074779748916626
297,google/compute-engine/gpu,google,compute-engine,gpu,16,amg2023,fom_overall,41276870.0
298,google/compute-engine/gpu,google,compute-engine,gpu,16,amg2023,fom_solve,154518600.0
299,google/compute-engine/gpu,google,compute-engine,gpu,16,amg2023,fom_setup,207835100.0
300,google/compute-engine/gpu,google,compute-engine,gpu,16,amg2023,workload_manager_wrapper_seconds,43.075348138809204
301,google/compute-engine/gpu,google,compute-engine,gpu,16,amg2023,fom_overall,41342760.0
302,google/compute-engine/gpu,google,compute-engine,gpu,16,amg2023,fom_solve,154414200.0
303,google/compute-engine/gpu,google,compute-engine,gpu,16,amg2023,fom_setup,210094500.0
304,google/compute-engine/gpu,google,compute-engine,gpu,16,amg2023,workload_manager_wrapper_seconds,41.30541491508484
305,google/compute-engine/gpu,google,compute-engine,gpu,16,amg2023,fom_overall,42584140.0
306,google/compute-engine/gpu,google,compute-engine,gpu,16,amg2023,fom_solve,161896100.0
307,google/compute-engine/gpu,google,compute-engine,gpu,16,amg2023,fom_setup,201917500.0
308,google/compute-engine/gpu,google,compute-engine,gpu,16,amg2023,workload_manager_wrapper_seconds,47.33238101005554
309,google/compute-engine/gpu,google,compute-engine,gpu,16,amg2023,fom_overall,147780300.0
310,google/compute-engine/gpu,google,compute-engine,gpu,16,amg2023,fom_solve,541969500.0
311,google/compute-engine/gpu,google,compute-engine,gpu,16,amg2023,fom_setup,812061200.0
312,google/compute-engine/gpu,google,compute-engine,gpu,16,amg2023,workload_manager_wrapper_seconds,49.261478900909424
313,google/compute-engine/gpu,google,compute-engine,gpu,16,amg2023,fom_overall,137405500.0
314,google/compute-engine/gpu,google,compute-engine,gpu,16,amg2023,fom_solve,497614400.0
315,google/compute-engine/gpu,google,compute-engine,gpu,16,amg2023,fom_setup,800664800.0
316,google/compute-engine/gpu,google,compute-engine,gpu,16,amg2023,workload_manager_wrapper_seconds,52.947341203689575
317,google/compute-engine/gpu,google,compute-engine,gpu,16,amg2023,fom_overall,150096300.0
318,google/compute-engine/gpu,google,compute-engine,gpu,16,amg2023,fom_solve,554669600.0
319,google/compute-engine/gpu,google,compute-engine,gpu,16,amg2023,fom_setup,797599000.0
320,google/compute-engine/gpu,google,compute-engine,gpu,16,amg2023,workload_manager_wrapper_seconds,47.79782819747925
321,google/compute-engine/gpu,google,compute-engine,gpu,16,amg2023,fom_overall,140665100.0
322,google/compute-engine/gpu,google,compute-engine,gpu,16,amg2023,fom_solve,509313400.0
323,google/compute-engine/gpu,google,compute-engine,gpu,16,amg2023,fom_setup,820477200.0
324,google/compute-engine/gpu,google,compute-engine,gpu,16,amg2023,workload_manager_wrapper_seconds,48.48752188682556
325,google/compute-engine/gpu,google,compute-engine,gpu,16,amg2023,fom_overall,139996000.0
326,google/compute-engine/gpu,google,compute-engine,gpu,16,amg2023,fom_solve,509103400.0
327,google/compute-engine/gpu,google,compute-engine,gpu,16,amg2023,fom_setup,799777100.0
328,google/compute-engine/gpu,google,compute-engine,gpu,4,amg2023,workload_manager_wrapper_seconds,151.17428994178772
329,google/compute-engine/gpu,google,compute-engine,gpu,4,amg2023,fom_overall,13539900.0
330,google/compute-engine/gpu,google,compute-engine,gpu,4,amg2023,fom_solve,66581520.0
331,google/compute-engine/gpu,google,compute-engine,gpu,4,amg2023,fom_setup,34724380.0
332,google/compute-engine/gpu,google,compute-engine,gpu,4,amg2023,workload_manager_wrapper_seconds,145.1443326473236
333,google/compute-engine/gpu,google,compute-engine,gpu,4,amg2023,fom_overall,14100280.0
334,google/compute-engine/gpu,google,compute-engine,gpu,4,amg2023,fom_solve,67809380.0
335,google/compute-engine/gpu,google,compute-engine,gpu,4,amg2023,fom_setup,37482810.0
336,google/compute-engine/gpu,google,compute-engine,gpu,4,amg2023,workload_manager_wrapper_seconds,145.92621421813965
337,google/compute-engine/gpu,google,compute-engine,gpu,4,amg2023,fom_overall,13943990.0
338,google/compute-engine/gpu,google,compute-engine,gpu,4,amg2023,fom_solve,67753820.0
339,google/compute-engine/gpu,google,compute-engine,gpu,4,amg2023,fom_setup,36446380.0
340,google/compute-engine/gpu,google,compute-engine,gpu,4,amg2023,workload_manager_wrapper_seconds,144.0187633037567
341,google/compute-engine/gpu,google,compute-engine,gpu,4,amg2023,fom_overall,14065390.0
342,google/compute-engine/gpu,google,compute-engine,gpu,4,amg2023,fom_solve,67793370.0
343,google/compute-engine/gpu,google,compute-engine,gpu,4,amg2023,fom_setup,37251750.0
344,google/compute-engine/gpu,google,compute-engine,gpu,4,amg2023,workload_manager_wrapper_seconds,151.45706629753113
345,google/compute-engine/gpu,google,compute-engine,gpu,4,amg2023,fom_overall,13531120.0
346,google/compute-engine/gpu,google,compute-engine,gpu,4,amg2023,fom_solve,66724170.0
347,google/compute-engine/gpu,google,compute-engine,gpu,4,amg2023,fom_setup,34551240.0
348,google/compute-engine/gpu,google,compute-engine,gpu,4,amg2023,workload_manager_wrapper_seconds,24.18993091583252
349,google/compute-engine/gpu,google,compute-engine,gpu,4,amg2023,fom_overall,45734090.0
350,google/compute-engine/gpu,google,compute-engine,gpu,4,amg2023,fom_solve,177814000.0
351,google/compute-engine/gpu,google,compute-engine,gpu,4,amg2023,fom_setup,200241500.0
352,google/compute-engine/gpu,google,compute-engine,gpu,4,amg2023,workload_manager_wrapper_seconds,22.24734377861023
353,google/compute-engine/gpu,google,compute-engine,gpu,4,amg2023,fom_overall,47367990.0
354,google/compute-engine/gpu,google,compute-engine,gpu,4,amg2023,fom_solve,174104100.0
355,google/compute-engine/gpu,google,compute-engine,gpu,4,amg2023,fom_setup,257716300.0
356,google/compute-engine/gpu,google,compute-engine,gpu,4,amg2023,workload_manager_wrapper_seconds,22.030134677886963
357,google/compute-engine/gpu,google,compute-engine,gpu,4,amg2023,fom_overall,27309260.0
358,google/compute-engine/gpu,google,compute-engine,gpu,4,amg2023,fom_solve,109234200.0
359,google/compute-engine/gpu,google,compute-engine,gpu,4,amg2023,fom_setup,109245500.0
360,google/compute-engine/gpu,google,compute-engine,gpu,4,amg2023,workload_manager_wrapper_seconds,20.67576241493225
361,google/compute-engine/gpu,google,compute-engine,gpu,4,amg2023,fom_overall,57098710.0
362,google/compute-engine/gpu,google,compute-engine,gpu,4,amg2023,fom_solve,225335400.0
363,google/compute-engine/gpu,google,compute-engine,gpu,4,amg2023,fom_setup,238092900.0
364,google/compute-engine/gpu,google,compute-engine,gpu,4,amg2023,workload_manager_wrapper_seconds,25.73693299293518
365,google/compute-engine/gpu,google,compute-engine,gpu,4,amg2023,fom_overall,29130980.0
366,google/compute-engine/gpu,google,compute-engine,gpu,4,amg2023,fom_solve,120448700.0
367,google/compute-engine/gpu,google,compute-engine,gpu,4,amg2023,fom_setup,106147600.0
368,google/compute-engine/gpu,google,compute-engine,gpu,4,amg2023,workload_manager_wrapper_seconds,21.26698899269104
369,google/compute-engine/gpu,google,compute-engine,gpu,4,amg2023,fom_overall,27556460.0
370,google/compute-engine/gpu,google,compute-engine,gpu,4,amg2023,fom_solve,108983800.0
371,google/compute-engine/gpu,google,compute-engine,gpu,4,amg2023,fom_setup,114128000.0
372,google/compute-engine/gpu,google,compute-engine,gpu,4,amg2023,workload_manager_wrapper_seconds,22.215587854385376
373,google/compute-engine/gpu,google,compute-engine,gpu,4,amg2023,fom_overall,54312350.0
374,google/compute-engine/gpu,google,compute-engine,gpu,4,amg2023,fom_solve,213981800.0
375,google/compute-engine/gpu,google,compute-engine,gpu,4,amg2023,fom_setup,227679800.0
376,google/compute-engine/gpu,google,compute-engine,gpu,4,amg2023,workload_manager_wrapper_seconds,22.951472520828247
377,google/compute-engine/gpu,google,compute-engine,gpu,4,amg2023,fom_overall,50149140.0
378,google/compute-engine/gpu,google,compute-engine,gpu,4,amg2023,fom_solve,197183300.0
379,google/compute-engine/gpu,google,compute-engine,gpu,4,amg2023,fom_setup,211584200.0
380,google/compute-engine/gpu,google,compute-engine,gpu,4,amg2023,workload_manager_wrapper_seconds,21.58974003791809
381,google/compute-engine/gpu,google,compute-engine,gpu,4,amg2023,fom_overall,28575610.0
382,google/compute-engine/gpu,google,compute-engine,gpu,4,amg2023,fom_solve,117249100.0
383,google/compute-engine/gpu,google,compute-engine,gpu,4,amg2023,fom_setup,106288900.0
384,google/compute-engine/gpu,google,compute-engine,gpu,4,amg2023,workload_manager_wrapper_seconds,22.17424511909485
385,google/compute-engine/gpu,google,compute-engine,gpu,4,amg2023,fom_overall,25208920.0
386,google/compute-engine/gpu,google,compute-engine,gpu,4,amg2023,fom_solve,96758180.0
387,google/compute-engine/gpu,google,compute-engine,gpu,4,amg2023,fom_setup,115428500.0
388,google/compute-engine/gpu,google,compute-engine,gpu,4,amg2023,workload_manager_wrapper_seconds,24.581323385238647
389,google/compute-engine/gpu,google,compute-engine,gpu,4,amg2023,fom_overall,95832100.0
390,google/compute-engine/gpu,google,compute-engine,gpu,4,amg2023,fom_solve,371948600.0
391,google/compute-engine/gpu,google,compute-engine,gpu,4,amg2023,fom_setup,422067900.0
392,google/compute-engine/gpu,google,compute-engine,gpu,4,amg2023,workload_manager_wrapper_seconds,34.62513017654419
393,google/compute-engine/gpu,google,compute-engine,gpu,4,amg2023,fom_overall,92294350.0
394,google/compute-engine/gpu,google,compute-engine,gpu,4,amg2023,fom_solve,350221800.0
395,google/compute-engine/gpu,google,compute-engine,gpu,4,amg2023,fom_setup,440742500.0
396,google/compute-engine/gpu,google,compute-engine,gpu,4,amg2023,workload_manager_wrapper_seconds,27.99017071723938
397,google/compute-engine/gpu,google,compute-engine,gpu,4,amg2023,fom_overall,77948990.0
398,google/compute-engine/gpu,google,compute-engine,gpu,4,amg2023,fom_solve,288126300.0
399,google/compute-engine/gpu,google,compute-engine,gpu,4,amg2023,fom_setup,413770100.0
400,google/compute-engine/gpu,google,compute-engine,gpu,4,amg2023,workload_manager_wrapper_seconds,26.115609407424927
401,google/compute-engine/gpu,google,compute-engine,gpu,4,amg2023,fom_overall,87667250.0
402,google/compute-engine/gpu,google,compute-engine,gpu,4,amg2023,fom_solve,330096300.0
403,google/compute-engine/gpu,google,compute-engine,gpu,4,amg2023,fom_setup,431311500.0
404,google/compute-engine/gpu,google,compute-engine,gpu,4,amg2023,workload_manager_wrapper_seconds,24.948203325271606
405,google/compute-engine/gpu,google,compute-engine,gpu,4,amg2023,fom_overall,94908440.0
406,google/compute-engine/gpu,google,compute-engine,gpu,4,amg2023,fom_solve,357229700.0
407,google/compute-engine/gpu,google,compute-engine,gpu,4,amg2023,fom_setup,467614700.0
408,aws/eks/cpu,aws,eks,cpu,64,amg2023,workload_manager_wrapper_seconds,86.09135460853577
409,aws/eks/cpu,aws,eks,cpu,64,amg2023,fom_overall,1274952000.0
410,aws/eks/cpu,aws,eks,cpu,64,amg2023,fom_solve,4763501000.0
411,aws/eks/cpu,aws,eks,cpu,64,amg2023,fom_setup,6470205000.0
412,aws/eks/cpu,aws,eks,cpu,64,amg2023,workload_manager_wrapper_seconds,87.22285270690918
413,aws/eks/cpu,aws,eks,cpu,64,amg2023,fom_overall,1252490000.0
414,aws/eks/cpu,aws,eks,cpu,64,amg2023,fom_solve,4675566000.0
415,aws/eks/cpu,aws,eks,cpu,64,amg2023,fom_setup,6378528000.0
416,aws/eks/cpu,aws,eks,cpu,64,amg2023,workload_manager_wrapper_seconds,86.37653017044067
417,aws/eks/cpu,aws,eks,cpu,64,amg2023,fom_overall,1268433000.0
418,aws/eks/cpu,aws,eks,cpu,64,amg2023,fom_solve,4741654000.0
419,aws/eks/cpu,aws,eks,cpu,64,amg2023,fom_setup,6423283000.0
420,aws/eks/cpu,aws,eks,cpu,64,amg2023,workload_manager_wrapper_seconds,86.09823679924011
421,aws/eks/cpu,aws,eks,cpu,64,amg2023,fom_overall,1282374000.0
422,aws/eks/cpu,aws,eks,cpu,64,amg2023,fom_solve,4819519000.0
423,aws/eks/cpu,aws,eks,cpu,64,amg2023,fom_setup,6355859000.0
424,aws/eks/cpu,aws,eks,cpu,64,amg2023,workload_manager_wrapper_seconds,87.55808353424072
425,aws/eks/cpu,aws,eks,cpu,64,amg2023,fom_overall,1247575000.0
426,aws/eks/cpu,aws,eks,cpu,64,amg2023,fom_solve,4654850000.0
427,aws/eks/cpu,aws,eks,cpu,64,amg2023,fom_setup,6366761000.0
428,aws/eks/cpu,aws,eks,cpu,32,amg2023,workload_manager_wrapper_seconds,80.56476974487305
429,aws/eks/cpu,aws,eks,cpu,32,amg2023,fom_overall,666573200.0
430,aws/eks/cpu,aws,eks,cpu,32,amg2023,fom_solve,2498868000.0
431,aws/eks/cpu,aws,eks,cpu,32,amg2023,fom_setup,3337041000.0
432,aws/eks/cpu,aws,eks,cpu,32,amg2023,workload_manager_wrapper_seconds,79.65784645080566
433,aws/eks/cpu,aws,eks,cpu,32,amg2023,fom_overall,670330200.0
434,aws/eks/cpu,aws,eks,cpu,32,amg2023,fom_solve,2500086000.0
435,aws/eks/cpu,aws,eks,cpu,32,amg2023,fom_setup,3426495000.0
436,aws/eks/cpu,aws,eks,cpu,32,amg2023,workload_manager_wrapper_seconds,80.39113903045654
437,aws/eks/cpu,aws,eks,cpu,32,amg2023,fom_overall,663288300.0
438,aws/eks/cpu,aws,eks,cpu,32,amg2023,fom_solve,2476759000.0
439,aws/eks/cpu,aws,eks,cpu,32,amg2023,fom_setup,3374050000.0
440,aws/eks/cpu,aws,eks,cpu,32,amg2023,workload_manager_wrapper_seconds,79.68017625808716
441,aws/eks/cpu,aws,eks,cpu,32,amg2023,fom_overall,668815600.0
442,aws/eks/cpu,aws,eks,cpu,32,amg2023,fom_solve,2491930000.0
443,aws/eks/cpu,aws,eks,cpu,32,amg2023,fom_setup,3432958000.0
444,aws/eks/cpu,aws,eks,cpu,32,amg2023,workload_manager_wrapper_seconds,79.54448938369751
445,aws/eks/cpu,aws,eks,cpu,32,amg2023,fom_overall,671058600.0
446,aws/eks/cpu,aws,eks,cpu,32,amg2023,fom_solve,2503186000.0
447,aws/eks/cpu,aws,eks,cpu,32,amg2023,fom_setup,3428062000.0
448,aws/eks/cpu,aws,eks,cpu,32,amg2023,workload_manager_wrapper_seconds,190.92068481445312
449,aws/eks/cpu,aws,eks,cpu,32,amg2023,fom_overall,255273800.0
450,aws/eks/cpu,aws,eks,cpu,32,amg2023,fom_solve,909266800.0
451,aws/eks/cpu,aws,eks,cpu,32,amg2023,fom_setup,1618122000.0
452,aws/eks/cpu,aws,eks,cpu,32,amg2023,workload_manager_wrapper_seconds,190.65575075149536
453,aws/eks/cpu,aws,eks,cpu,32,amg2023,fom_overall,254866800.0
454,aws/eks/cpu,aws,eks,cpu,32,amg2023,fom_solve,905490300.0
455,aws/eks/cpu,aws,eks,cpu,32,amg2023,fom_setup,1638013000.0
456,aws/eks/cpu,aws,eks,cpu,32,amg2023,workload_manager_wrapper_seconds,190.43290042877197
457,aws/eks/cpu,aws,eks,cpu,32,amg2023,fom_overall,255412000.0
458,aws/eks/cpu,aws,eks,cpu,32,amg2023,fom_solve,908753100.0
459,aws/eks/cpu,aws,eks,cpu,32,amg2023,fom_setup,1628622000.0
460,aws/eks/cpu,aws,eks,cpu,32,amg2023,workload_manager_wrapper_seconds,190.6361026763916
461,aws/eks/cpu,aws,eks,cpu,32,amg2023,fom_overall,255406700.0
462,aws/eks/cpu,aws,eks,cpu,32,amg2023,fom_solve,908810900.0
463,aws/eks/cpu,aws,eks,cpu,32,amg2023,fom_setup,1627849000.0
464,aws/eks/cpu,aws,eks,cpu,32,amg2023,workload_manager_wrapper_seconds,191.57346415519714
465,aws/eks/cpu,aws,eks,cpu,32,amg2023,fom_overall,253543900.0
466,aws/eks/cpu,aws,eks,cpu,32,amg2023,fom_solve,901168800.0
467,aws/eks/cpu,aws,eks,cpu,32,amg2023,fom_setup,1625803000.0
468,aws/eks/cpu,aws,eks,cpu,128,amg2023,workload_manager_wrapper_seconds,104.82750034332275
469,aws/eks/cpu,aws,eks,cpu,128,amg2023,fom_overall,2170373000.0
470,aws/eks/cpu,aws,eks,cpu,128,amg2023,fom_solve,7947241000.0
471,aws/eks/cpu,aws,eks,cpu,128,amg2023,fom_setup,12010470000.0
472,aws/eks/cpu,aws,eks,cpu,128,amg2023,workload_manager_wrapper_seconds,105.41735053062439
473,aws/eks/cpu,aws,eks,cpu,128,amg2023,fom_overall,2151158000.0
474,aws/eks/cpu,aws,eks,cpu,128,amg2023,fom_solve,7906156000.0
475,aws/eks/cpu,aws,eks,cpu,128,amg2023,fom_setup,11707580000.0
476,aws/eks/cpu,aws,eks,cpu,128,amg2023,workload_manager_wrapper_seconds,104.03975582122803
477,aws/eks/cpu,aws,eks,cpu,128,amg2023,fom_overall,2182665000.0
478,aws/eks/cpu,aws,eks,cpu,128,amg2023,fom_solve,8005190000.0
479,aws/eks/cpu,aws,eks,cpu,128,amg2023,fom_setup,11990610000.0
480,aws/eks/cpu,aws,eks,cpu,128,amg2023,workload_manager_wrapper_seconds,105.24046468734741
481,aws/eks/cpu,aws,eks,cpu,128,amg2023,fom_overall,2142316000.0
482,aws/eks/cpu,aws,eks,cpu,128,amg2023,fom_solve,7841141000.0
483,aws/eks/cpu,aws,eks,cpu,128,amg2023,fom_setup,11878300000.0
484,aws/eks/cpu,aws,eks,cpu,128,amg2023,workload_manager_wrapper_seconds,104.68283271789551
485,aws/eks/cpu,aws,eks,cpu,128,amg2023,fom_overall,2157055000.0
486,aws/eks/cpu,aws,eks,cpu,128,amg2023,fom_solve,7856253000.0
487,aws/eks/cpu,aws,eks,cpu,128,amg2023,fom_setup,12234870000.0
488,aws/eks/cpu,aws,eks,cpu,256,amg2023,workload_manager_wrapper_seconds,148.0871114730835
489,aws/eks/cpu,aws,eks,cpu,256,amg2023,fom_overall,4113864000.0
490,aws/eks/cpu,aws,eks,cpu,256,amg2023,fom_solve,15193440000.0
491,aws/eks/cpu,aws,eks,cpu,256,amg2023,fom_setup,21916940000.0
492,aws/eks/cpu,aws,eks,cpu,256,amg2023,workload_manager_wrapper_seconds,151.46228456497192
493,aws/eks/cpu,aws,eks,cpu,256,amg2023,fom_overall,4020093000.0
494,aws/eks/cpu,aws,eks,cpu,256,amg2023,fom_solve,14851720000.0
495,aws/eks/cpu,aws,eks,cpu,256,amg2023,fom_setup,21388680000.0
496,aws/eks/cpu,aws,eks,cpu,256,amg2023,workload_manager_wrapper_seconds,148.478741645813
497,aws/eks/cpu,aws,eks,cpu,256,amg2023,fom_overall,4083105000.0
498,aws/eks/cpu,aws,eks,cpu,256,amg2023,fom_solve,15001640000.0
499,aws/eks/cpu,aws,eks,cpu,256,amg2023,fom_setup,22255090000.0
500,aws/eks/cpu,aws,eks,cpu,256,amg2023,workload_manager_wrapper_seconds,151.04098343849182
501,aws/eks/cpu,aws,eks,cpu,256,amg2023,fom_overall,4016891000.0
502,aws/eks/cpu,aws,eks,cpu,256,amg2023,fom_solve,14800910000.0
503,aws/eks/cpu,aws,eks,cpu,256,amg2023,fom_setup,21617620000.0
504,aws/eks/cpu,aws,eks,cpu,256,amg2023,workload_manager_wrapper_seconds,149.06539583206177
505,aws/eks/cpu,aws,eks,cpu,256,amg2023,fom_overall,4065413000.0
506,aws/eks/cpu,aws,eks,cpu,256,amg2023,fom_solve,15048260000.0
507,aws/eks/cpu,aws,eks,cpu,256,amg2023,fom_setup,21450510000.0
508,aws/eks/gpu,aws,eks,gpu,8,amg2023,workload_manager_wrapper_seconds,5.694542646408081
509,aws/eks/gpu,aws,eks,gpu,8,amg2023,fom_overall,1615444000.0
510,aws/eks/gpu,aws,eks,gpu,8,amg2023,fom_solve,6101938000.0
511,aws/eks/gpu,aws,eks,gpu,8,amg2023,fom_setup,7850661000.0
512,aws/eks/gpu,aws,eks,gpu,8,amg2023,workload_manager_wrapper_seconds,5.704897880554199
513,aws/eks/gpu,aws,eks,gpu,8,amg2023,fom_overall,1619170000.0
514,aws/eks/gpu,aws,eks,gpu,8,amg2023,fom_solve,6118498000.0
515,aws/eks/gpu,aws,eks,gpu,8,amg2023,fom_setup,7856438000.0
516,aws/eks/gpu,aws,eks,gpu,8,amg2023,workload_manager_wrapper_seconds,5.6930623054504395
517,aws/eks/gpu,aws,eks,gpu,8,amg2023,fom_overall,1619982000.0
518,aws/eks/gpu,aws,eks,gpu,8,amg2023,fom_solve,6101987000.0
519,aws/eks/gpu,aws,eks,gpu,8,amg2023,fom_setup,7958750000.0
520,aws/eks/gpu,aws,eks,gpu,8,amg2023,workload_manager_wrapper_seconds,5.675273895263672
521,aws/eks/gpu,aws,eks,gpu,8,amg2023,fom_overall,1621604000.0
522,aws/eks/gpu,aws,eks,gpu,8,amg2023,fom_solve,6111814000.0
523,aws/eks/gpu,aws,eks,gpu,8,amg2023,fom_setup,7947826000.0
524,aws/eks/gpu,aws,eks,gpu,8,amg2023,workload_manager_wrapper_seconds,5.669546127319336
525,aws/eks/gpu,aws,eks,gpu,8,amg2023,fom_overall,1624311000.0
526,aws/eks/gpu,aws,eks,gpu,8,amg2023,fom_solve,6121070000.0
527,aws/eks/gpu,aws,eks,gpu,8,amg2023,fom_setup,7965886000.0
528,aws/eks/gpu,aws,eks,gpu,8,amg2023,workload_manager_wrapper_seconds,5.663049221038818
529,aws/eks/gpu,aws,eks,gpu,8,amg2023,fom_overall,1623324000.0
530,aws/eks/gpu,aws,eks,gpu,8,amg2023,fom_solve,6121658000.0
531,aws/eks/gpu,aws,eks,gpu,8,amg2023,fom_setup,7939235000.0
532,aws/eks/gpu,aws,eks,gpu,8,amg2023,workload_manager_wrapper_seconds,5.657681465148926
533,aws/eks/gpu,aws,eks,gpu,8,amg2023,fom_overall,1623671000.0
534,aws/eks/gpu,aws,eks,gpu,8,amg2023,fom_solve,6122174000.0
535,aws/eks/gpu,aws,eks,gpu,8,amg2023,fom_setup,7944930000.0
536,aws/eks/gpu,aws,eks,gpu,8,amg2023,workload_manager_wrapper_seconds,5.656991720199585
537,aws/eks/gpu,aws,eks,gpu,8,amg2023,fom_overall,1620839000.0
538,aws/eks/gpu,aws,eks,gpu,8,amg2023,fom_solve,6112035000.0
539,aws/eks/gpu,aws,eks,gpu,8,amg2023,fom_setup,7928357000.0
540,aws/eks/gpu,aws,eks,gpu,8,amg2023,workload_manager_wrapper_seconds,5.674490451812744
541,aws/eks/gpu,aws,eks,gpu,8,amg2023,fom_overall,1624331000.0
542,aws/eks/gpu,aws,eks,gpu,8,amg2023,fom_solve,6131416000.0
543,aws/eks/gpu,aws,eks,gpu,8,amg2023,fom_setup,7914219000.0
544,aws/eks/gpu,aws,eks,gpu,8,amg2023,workload_manager_wrapper_seconds,5.707859516143799
545,aws/eks/gpu,aws,eks,gpu,8,amg2023,fom_overall,1624477000.0
546,aws/eks/gpu,aws,eks,gpu,8,amg2023,fom_solve,6123574000.0
547,aws/eks/gpu,aws,eks,gpu,8,amg2023,fom_setup,7957165000.0
548,aws/eks/gpu,aws,eks,gpu,8,amg2023,workload_manager_wrapper_seconds,5.680579423904419
549,aws/eks/gpu,aws,eks,gpu,8,amg2023,fom_overall,1622000000.0
550,aws/eks/gpu,aws,eks,gpu,8,amg2023,fom_solve,6105350000.0
551,aws/eks/gpu,aws,eks,gpu,8,amg2023,fom_setup,7990393000.0
552,aws/eks/gpu,aws,eks,gpu,8,amg2023,workload_manager_wrapper_seconds,5.686631202697754
553,aws/eks/gpu,aws,eks,gpu,8,amg2023,fom_overall,1623213000.0
554,aws/eks/gpu,aws,eks,gpu,8,amg2023,fom_solve,6112869000.0
555,aws/eks/gpu,aws,eks,gpu,8,amg2023,fom_setup,7981220000.0
556,aws/eks/gpu,aws,eks,gpu,8,amg2023,workload_manager_wrapper_seconds,5.675267934799194
557,aws/eks/gpu,aws,eks,gpu,8,amg2023,fom_overall,1620790000.0
558,aws/eks/gpu,aws,eks,gpu,8,amg2023,fom_solve,6123464000.0
559,aws/eks/gpu,aws,eks,gpu,8,amg2023,fom_setup,7870035000.0
560,aws/eks/gpu,aws,eks,gpu,8,amg2023,workload_manager_wrapper_seconds,5.668794393539429
561,aws/eks/gpu,aws,eks,gpu,8,amg2023,fom_overall,1624967000.0
562,aws/eks/gpu,aws,eks,gpu,8,amg2023,fom_solve,6123174000.0
563,aws/eks/gpu,aws,eks,gpu,8,amg2023,fom_setup,7970969000.0
564,aws/eks/gpu,aws,eks,gpu,8,amg2023,workload_manager_wrapper_seconds,5.750542879104614
565,aws/eks/gpu,aws,eks,gpu,8,amg2023,fom_overall,1616399000.0
566,aws/eks/gpu,aws,eks,gpu,8,amg2023,fom_solve,6100388000.0
567,aws/eks/gpu,aws,eks,gpu,8,amg2023,fom_setup,7881012000.0
568,aws/eks/gpu,aws,eks,gpu,8,amg2023,workload_manager_wrapper_seconds,5.697852373123169
569,aws/eks/gpu,aws,eks,gpu,8,amg2023,fom_overall,1618127000.0
570,aws/eks/gpu,aws,eks,gpu,8,amg2023,fom_solve,6091718000.0
571,aws/eks/gpu,aws,eks,gpu,8,amg2023,fom_setup,7966431000.0
572,aws/eks/gpu,aws,eks,gpu,8,amg2023,workload_manager_wrapper_seconds,5.708364963531494
573,aws/eks/gpu,aws,eks,gpu,8,amg2023,fom_overall,1611953000.0
574,aws/eks/gpu,aws,eks,gpu,8,amg2023,fom_solve,6069030000.0
575,aws/eks/gpu,aws,eks,gpu,8,amg2023,fom_setup,7933208000.0
576,aws/eks/gpu,aws,eks,gpu,8,amg2023,workload_manager_wrapper_seconds,5.658093214035034
577,aws/eks/gpu,aws,eks,gpu,8,amg2023,fom_overall,1621894000.0
578,aws/eks/gpu,aws,eks,gpu,8,amg2023,fom_solve,6115280000.0
579,aws/eks/gpu,aws,eks,gpu,8,amg2023,fom_setup,7937211000.0
580,aws/eks/gpu,aws,eks,gpu,8,amg2023,workload_manager_wrapper_seconds,5.671957731246948
581,aws/eks/gpu,aws,eks,gpu,8,amg2023,fom_overall,1620344000.0
582,aws/eks/gpu,aws,eks,gpu,8,amg2023,fom_solve,6105610000.0
583,aws/eks/gpu,aws,eks,gpu,8,amg2023,fom_setup,7949033000.0
584,aws/eks/gpu,aws,eks,gpu,8,amg2023,workload_manager_wrapper_seconds,5.680787801742554
585,aws/eks/gpu,aws,eks,gpu,8,amg2023,fom_overall,1616623000.0
586,aws/eks/gpu,aws,eks,gpu,8,amg2023,fom_solve,6084266000.0
587,aws/eks/gpu,aws,eks,gpu,8,amg2023,fom_setup,7968226000.0
588,aws/eks/gpu,aws,eks,gpu,8,amg2023,workload_manager_wrapper_seconds,5.700193166732788
589,aws/eks/gpu,aws,eks,gpu,8,amg2023,fom_overall,1625954000.0
590,aws/eks/gpu,aws,eks,gpu,8,amg2023,fom_solve,6126070000.0
591,aws/eks/gpu,aws,eks,gpu,8,amg2023,fom_setup,7980015000.0
592,aws/eks/gpu,aws,eks,gpu,8,amg2023,workload_manager_wrapper_seconds,5.687803506851196
593,aws/eks/gpu,aws,eks,gpu,8,amg2023,fom_overall,1612889000.0
594,aws/eks/gpu,aws,eks,gpu,8,amg2023,fom_solve,6080211000.0
595,aws/eks/gpu,aws,eks,gpu,8,amg2023,fom_setup,7898788000.0
596,aws/eks/gpu,aws,eks,gpu,8,amg2023,workload_manager_wrapper_seconds,5.697100639343262
597,aws/eks/gpu,aws,eks,gpu,8,amg2023,fom_overall,1622866000.0
598,aws/eks/gpu,aws,eks,gpu,8,amg2023,fom_solve,6113281000.0
599,aws/eks/gpu,aws,eks,gpu,8,amg2023,fom_setup,7970738000.0
600,aws/eks/gpu,aws,eks,gpu,8,amg2023,workload_manager_wrapper_seconds,5.684210300445557
601,aws/eks/gpu,aws,eks,gpu,8,amg2023,fom_overall,1616630000.0
602,aws/eks/gpu,aws,eks,gpu,8,amg2023,fom_solve,6102834000.0
603,aws/eks/gpu,aws,eks,gpu,8,amg2023,fom_setup,7874281000.0
604,aws/eks/gpu,aws,eks,gpu,8,amg2023,workload_manager_wrapper_seconds,5.678362846374512
605,aws/eks/gpu,aws,eks,gpu,8,amg2023,fom_overall,1610525000.0
606,aws/eks/gpu,aws,eks,gpu,8,amg2023,fom_solve,6083080000.0
607,aws/eks/gpu,aws,eks,gpu,8,amg2023,fom_setup,7828139000.0
608,aws/eks/gpu,aws,eks,gpu,8,amg2023,workload_manager_wrapper_seconds,5.683978796005249
609,aws/eks/gpu,aws,eks,gpu,8,amg2023,fom_overall,1616685000.0
610,aws/eks/gpu,aws,eks,gpu,8,amg2023,fom_solve,6118487000.0
611,aws/eks/gpu,aws,eks,gpu,8,amg2023,fom_setup,7798344000.0
612,aws/eks/gpu,aws,eks,gpu,8,amg2023,workload_manager_wrapper_seconds,5.67282772064209
613,aws/eks/gpu,aws,eks,gpu,8,amg2023,fom_overall,1616957000.0
614,aws/eks/gpu,aws,eks,gpu,8,amg2023,fom_solve,6082814000.0
615,aws/eks/gpu,aws,eks,gpu,8,amg2023,fom_setup,7983851000.0
616,aws/eks/gpu,aws,eks,gpu,8,amg2023,workload_manager_wrapper_seconds,5.725300073623657
617,aws/eks/gpu,aws,eks,gpu,8,amg2023,fom_overall,1617059000.0
618,aws/eks/gpu,aws,eks,gpu,8,amg2023,fom_solve,6096568000.0
619,aws/eks/gpu,aws,eks,gpu,8,amg2023,fom_setup,7916000000.0
620,aws/eks/gpu,aws,eks,gpu,8,amg2023,workload_manager_wrapper_seconds,5.67452335357666
621,aws/eks/gpu,aws,eks,gpu,8,amg2023,fom_overall,1617785000.0
622,aws/eks/gpu,aws,eks,gpu,8,amg2023,fom_solve,6098756000.0
623,aws/eks/gpu,aws,eks,gpu,8,amg2023,fom_setup,7922333000.0
624,aws/eks/gpu,aws,eks,gpu,8,amg2023,workload_manager_wrapper_seconds,5.662713050842285
625,aws/eks/gpu,aws,eks,gpu,8,amg2023,fom_overall,1617598000.0
626,aws/eks/gpu,aws,eks,gpu,8,amg2023,fom_solve,6098148000.0
627,aws/eks/gpu,aws,eks,gpu,8,amg2023,fom_setup,7920924000.0
628,aws/eks/gpu,aws,eks,gpu,16,amg2023,workload_manager_wrapper_seconds,6.33208155632019
629,aws/eks/gpu,aws,eks,gpu,16,amg2023,fom_overall,2893021000.0
630,aws/eks/gpu,aws,eks,gpu,16,amg2023,fom_solve,11100340000.0
631,aws/eks/gpu,aws,eks,gpu,16,amg2023,fom_setup,13263020000.0
632,aws/eks/gpu,aws,eks,gpu,16,amg2023,workload_manager_wrapper_seconds,6.27536940574646
633,aws/eks/gpu,aws,eks,gpu,16,amg2023,fom_overall,2896103000.0
634,aws/eks/gpu,aws,eks,gpu,16,amg2023,fom_solve,11110020000.0
635,aws/eks/gpu,aws,eks,gpu,16,amg2023,fom_setup,13286370000.0
636,aws/eks/gpu,aws,eks,gpu,16,amg2023,workload_manager_wrapper_seconds,6.2960052490234375
637,aws/eks/gpu,aws,eks,gpu,16,amg2023,fom_overall,2893801000.0
638,aws/eks/gpu,aws,eks,gpu,16,amg2023,fom_solve,11132470000.0
639,aws/eks/gpu,aws,eks,gpu,16,amg2023,fom_setup,13143320000.0
640,aws/eks/gpu,aws,eks,gpu,16,amg2023,workload_manager_wrapper_seconds,6.287122964859009
641,aws/eks/gpu,aws,eks,gpu,16,amg2023,fom_overall,2892638000.0
642,aws/eks/gpu,aws,eks,gpu,16,amg2023,fom_solve,11119650000.0
643,aws/eks/gpu,aws,eks,gpu,16,amg2023,fom_setup,13173060000.0
644,aws/eks/gpu,aws,eks,gpu,16,amg2023,workload_manager_wrapper_seconds,6.336986303329468
645,aws/eks/gpu,aws,eks,gpu,16,amg2023,fom_overall,2906535000.0
646,aws/eks/gpu,aws,eks,gpu,16,amg2023,fom_solve,11173980000.0
647,aws/eks/gpu,aws,eks,gpu,16,amg2023,fom_setup,13232530000.0
648,aws/eks/gpu,aws,eks,gpu,16,amg2023,workload_manager_wrapper_seconds,6.35062050819397
649,aws/eks/gpu,aws,eks,gpu,16,amg2023,fom_overall,2908785000.0
650,aws/eks/gpu,aws,eks,gpu,16,amg2023,fom_solve,11201940000.0
651,aws/eks/gpu,aws,eks,gpu,16,amg2023,fom_setup,13162140000.0
652,aws/eks/gpu,aws,eks,gpu,16,amg2023,workload_manager_wrapper_seconds,6.2979209423065186
653,aws/eks/gpu,aws,eks,gpu,16,amg2023,fom_overall,2894370000.0
654,aws/eks/gpu,aws,eks,gpu,16,amg2023,fom_solve,11144850000.0
655,aws/eks/gpu,aws,eks,gpu,16,amg2023,fom_setup,13103470000.0
656,aws/eks/gpu,aws,eks,gpu,16,amg2023,workload_manager_wrapper_seconds,6.340078830718994
657,aws/eks/gpu,aws,eks,gpu,16,amg2023,fom_overall,2887967000.0
658,aws/eks/gpu,aws,eks,gpu,16,amg2023,fom_solve,11095910000.0
659,aws/eks/gpu,aws,eks,gpu,16,amg2023,fom_setup,13176180000.0
660,aws/eks/gpu,aws,eks,gpu,16,amg2023,workload_manager_wrapper_seconds,6.373785734176636
661,aws/eks/gpu,aws,eks,gpu,16,amg2023,fom_overall,2893510000.0
662,aws/eks/gpu,aws,eks,gpu,16,amg2023,fom_solve,11150070000.0
663,aws/eks/gpu,aws,eks,gpu,16,amg2023,fom_setup,13064300000.0
664,aws/eks/gpu,aws,eks,gpu,16,amg2023,workload_manager_wrapper_seconds,6.364699363708496
665,aws/eks/gpu,aws,eks,gpu,16,amg2023,fom_overall,2903824000.0
666,aws/eks/gpu,aws,eks,gpu,16,amg2023,fom_solve,11152650000.0
667,aws/eks/gpu,aws,eks,gpu,16,amg2023,fom_setup,13266290000.0
668,aws/eks/gpu,aws,eks,gpu,16,amg2023,workload_manager_wrapper_seconds,6.375455379486084
669,aws/eks/gpu,aws,eks,gpu,16,amg2023,fom_overall,2897917000.0
670,aws/eks/gpu,aws,eks,gpu,16,amg2023,fom_solve,11167680000.0
671,aws/eks/gpu,aws,eks,gpu,16,amg2023,fom_setup,13081640000.0
672,aws/eks/gpu,aws,eks,gpu,16,amg2023,workload_manager_wrapper_seconds,6.36194634437561
673,aws/eks/gpu,aws,eks,gpu,16,amg2023,fom_overall,2874121000.0
674,aws/eks/gpu,aws,eks,gpu,16,amg2023,fom_solve,11095350000.0
675,aws/eks/gpu,aws,eks,gpu,16,amg2023,fom_setup,12895070000.0
676,aws/eks/gpu,aws,eks,gpu,16,amg2023,workload_manager_wrapper_seconds,6.338162660598755
677,aws/eks/gpu,aws,eks,gpu,16,amg2023,fom_overall,2874703000.0
678,aws/eks/gpu,aws,eks,gpu,16,amg2023,fom_solve,11037700000.0
679,aws/eks/gpu,aws,eks,gpu,16,amg2023,fom_setup,13146430000.0
680,aws/eks/gpu,aws,eks,gpu,16,amg2023,workload_manager_wrapper_seconds,6.344720125198364
681,aws/eks/gpu,aws,eks,gpu,16,amg2023,fom_overall,2904874000.0
682,aws/eks/gpu,aws,eks,gpu,16,amg2023,fom_solve,11220810000.0
683,aws/eks/gpu,aws,eks,gpu,16,amg2023,fom_setup,13005800000.0
684,aws/eks/gpu,aws,eks,gpu,16,amg2023,workload_manager_wrapper_seconds,6.361428737640381
685,aws/eks/gpu,aws,eks,gpu,16,amg2023,fom_overall,2909097000.0
686,aws/eks/gpu,aws,eks,gpu,16,amg2023,fom_solve,11181720000.0
687,aws/eks/gpu,aws,eks,gpu,16,amg2023,fom_setup,13253070000.0
688,aws/eks/gpu,aws,eks,gpu,4,amg2023,workload_manager_wrapper_seconds,5.471990346908569
689,aws/eks/gpu,aws,eks,gpu,4,amg2023,fom_overall,885760100.0
690,aws/eks/gpu,aws,eks,gpu,4,amg2023,fom_solve,3312509000.0
691,aws/eks/gpu,aws,eks,gpu,4,amg2023,fom_setup,4477959000.0
692,aws/eks/gpu,aws,eks,gpu,4,amg2023,workload_manager_wrapper_seconds,5.472021102905273
693,aws/eks/gpu,aws,eks,gpu,4,amg2023,fom_overall,883378000.0
694,aws/eks/gpu,aws,eks,gpu,4,amg2023,fom_solve,3297671000.0
695,aws/eks/gpu,aws,eks,gpu,4,amg2023,fom_setup,4498722000.0
696,aws/eks/gpu,aws,eks,gpu,4,amg2023,workload_manager_wrapper_seconds,5.426512241363525
697,aws/eks/gpu,aws,eks,gpu,4,amg2023,fom_overall,900216300.0
698,aws/eks/gpu,aws,eks,gpu,4,amg2023,fom_solve,3364367000.0
699,aws/eks/gpu,aws,eks,gpu,4,amg2023,fom_setup,4563169000.0
700,aws/eks/gpu,aws,eks,gpu,4,amg2023,workload_manager_wrapper_seconds,5.449108123779297
701,aws/eks/gpu,aws,eks,gpu,4,amg2023,fom_overall,899534400.0
702,aws/eks/gpu,aws,eks,gpu,4,amg2023,fom_solve,3373221000.0
703,aws/eks/gpu,aws,eks,gpu,4,amg2023,fom_setup,4497847000.0
704,aws/eks/gpu,aws,eks,gpu,4,amg2023,workload_manager_wrapper_seconds,5.471440076828003
705,aws/eks/gpu,aws,eks,gpu,4,amg2023,fom_overall,888603700.0
706,aws/eks/gpu,aws,eks,gpu,4,amg2023,fom_solve,3303391000.0
707,aws/eks/gpu,aws,eks,gpu,4,amg2023,fom_setup,4603978000.0
708,aws/eks/gpu,aws,eks,gpu,4,amg2023,workload_manager_wrapper_seconds,5.400789976119995
709,aws/eks/gpu,aws,eks,gpu,4,amg2023,fom_overall,903704200.0
710,aws/eks/gpu,aws,eks,gpu,4,amg2023,fom_solve,3360208000.0
711,aws/eks/gpu,aws,eks,gpu,4,amg2023,fom_setup,4678253000.0
712,aws/eks/gpu,aws,eks,gpu,4,amg2023,workload_manager_wrapper_seconds,5.451557636260986
713,aws/eks/gpu,aws,eks,gpu,4,amg2023,fom_overall,893241700.0
714,aws/eks/gpu,aws,eks,gpu,4,amg2023,fom_solve,3368282000.0
715,aws/eks/gpu,aws,eks,gpu,4,amg2023,fom_setup,4369560000.0
716,aws/eks/gpu,aws,eks,gpu,4,amg2023,workload_manager_wrapper_seconds,5.469419956207275
717,aws/eks/gpu,aws,eks,gpu,4,amg2023,fom_overall,882891200.0
718,aws/eks/gpu,aws,eks,gpu,4,amg2023,fom_solve,3306890000.0
719,aws/eks/gpu,aws,eks,gpu,4,amg2023,fom_setup,4435658000.0
720,aws/eks/gpu,aws,eks,gpu,4,amg2023,workload_manager_wrapper_seconds,5.386366367340088
721,aws/eks/gpu,aws,eks,gpu,4,amg2023,fom_overall,903517800.0
722,aws/eks/gpu,aws,eks,gpu,4,amg2023,fom_solve,3367644000.0
723,aws/eks/gpu,aws,eks,gpu,4,amg2023,fom_setup,4630602000.0
724,aws/eks/gpu,aws,eks,gpu,4,amg2023,workload_manager_wrapper_seconds,5.421379566192627
725,aws/eks/gpu,aws,eks,gpu,4,amg2023,fom_overall,901238900.0
726,aws/eks/gpu,aws,eks,gpu,4,amg2023,fom_solve,3365374000.0
727,aws/eks/gpu,aws,eks,gpu,4,amg2023,fom_setup,4583952000.0
728,aws/eks/gpu,aws,eks,gpu,4,amg2023,workload_manager_wrapper_seconds,5.566365003585815
729,aws/eks/gpu,aws,eks,gpu,4,amg2023,fom_overall,891380300.0
730,aws/eks/gpu,aws,eks,gpu,4,amg2023,fom_solve,3364113000.0
731,aws/eks/gpu,aws,eks,gpu,4,amg2023,fom_setup,4346126000.0
732,aws/eks/gpu,aws,eks,gpu,4,amg2023,workload_manager_wrapper_seconds,5.483008146286011
733,aws/eks/gpu,aws,eks,gpu,4,amg2023,fom_overall,886222200.0
734,aws/eks/gpu,aws,eks,gpu,4,amg2023,fom_solve,3308182000.0
735,aws/eks/gpu,aws,eks,gpu,4,amg2023,fom_setup,4513800000.0
736,aws/eks/gpu,aws,eks,gpu,4,amg2023,workload_manager_wrapper_seconds,5.61453652381897
737,aws/eks/gpu,aws,eks,gpu,4,amg2023,fom_overall,881018400.0
738,aws/eks/gpu,aws,eks,gpu,4,amg2023,fom_solve,3324476000.0
739,aws/eks/gpu,aws,eks,gpu,4,amg2023,fom_setup,4298259000.0
740,aws/eks/gpu,aws,eks,gpu,4,amg2023,workload_manager_wrapper_seconds,5.3562171459198
741,aws/eks/gpu,aws,eks,gpu,4,amg2023,fom_overall,900587800.0
742,aws/eks/gpu,aws,eks,gpu,4,amg2023,fom_solve,3353401000.0
743,aws/eks/gpu,aws,eks,gpu,4,amg2023,fom_setup,4634525000.0
744,aws/eks/gpu,aws,eks,gpu,4,amg2023,workload_manager_wrapper_seconds,5.449136257171631
745,aws/eks/gpu,aws,eks,gpu,4,amg2023,fom_overall,891476600.0
746,aws/eks/gpu,aws,eks,gpu,4,amg2023,fom_solve,3316924000.0
747,aws/eks/gpu,aws,eks,gpu,4,amg2023,fom_setup,4602313000.0
748,aws/eks/gpu,aws,eks,gpu,4,amg2023,workload_manager_wrapper_seconds,5.478529930114746
749,aws/eks/gpu,aws,eks,gpu,4,amg2023,fom_overall,893143800.0
750,aws/eks/gpu,aws,eks,gpu,4,amg2023,fom_solve,3325319000.0
751,aws/eks/gpu,aws,eks,gpu,4,amg2023,fom_setup,4598307000.0
752,aws/eks/gpu,aws,eks,gpu,4,amg2023,workload_manager_wrapper_seconds,5.4262988567352295
753,aws/eks/gpu,aws,eks,gpu,4,amg2023,fom_overall,898697600.0
754,aws/eks/gpu,aws,eks,gpu,4,amg2023,fom_solve,3341142000.0
755,aws/eks/gpu,aws,eks,gpu,4,amg2023,fom_setup,4654958000.0
756,aws/eks/gpu,aws,eks,gpu,4,amg2023,workload_manager_wrapper_seconds,5.4005982875823975
757,aws/eks/gpu,aws,eks,gpu,4,amg2023,fom_overall,897531500.0
758,aws/eks/gpu,aws,eks,gpu,4,amg2023,fom_solve,3350997000.0
759,aws/eks/gpu,aws,eks,gpu,4,amg2023,fom_setup,4568066000.0
760,aws/eks/gpu,aws,eks,gpu,4,amg2023,workload_manager_wrapper_seconds,5.361809730529785
761,aws/eks/gpu,aws,eks,gpu,4,amg2023,fom_overall,897887900.0
762,aws/eks/gpu,aws,eks,gpu,4,amg2023,fom_solve,3346844000.0
763,aws/eks/gpu,aws,eks,gpu,4,amg2023,fom_setup,4600707000.0
764,aws/eks/gpu,aws,eks,gpu,4,amg2023,workload_manager_wrapper_seconds,5.454591512680054
765,aws/eks/gpu,aws,eks,gpu,4,amg2023,fom_overall,892355500.0
766,aws/eks/gpu,aws,eks,gpu,4,amg2023,fom_solve,3337056000.0
767,aws/eks/gpu,aws,eks,gpu,4,amg2023,fom_setup,4511951000.0
768,aws/eks/gpu,aws,eks,gpu,4,amg2023,workload_manager_wrapper_seconds,5.498128652572632
769,aws/eks/gpu,aws,eks,gpu,4,amg2023,fom_overall,890262100.0
770,aws/eks/gpu,aws,eks,gpu,4,amg2023,fom_solve,3332937000.0
771,aws/eks/gpu,aws,eks,gpu,4,amg2023,fom_setup,4481134000.0
772,aws/eks/gpu,aws,eks,gpu,4,amg2023,workload_manager_wrapper_seconds,5.428872585296631
773,aws/eks/gpu,aws,eks,gpu,4,amg2023,fom_overall,893057800.0
774,aws/eks/gpu,aws,eks,gpu,4,amg2023,fom_solve,3348112000.0
775,aws/eks/gpu,aws,eks,gpu,4,amg2023,fom_setup,4469853000.0
776,aws/eks/gpu,aws,eks,gpu,4,amg2023,workload_manager_wrapper_seconds,5.4856486320495605
777,aws/eks/gpu,aws,eks,gpu,4,amg2023,fom_overall,896131900.0
778,aws/eks/gpu,aws,eks,gpu,4,amg2023,fom_solve,3332333000.0
779,aws/eks/gpu,aws,eks,gpu,4,amg2023,fom_setup,4637423000.0
780,aws/eks/gpu,aws,eks,gpu,4,amg2023,workload_manager_wrapper_seconds,5.487933397293091
781,aws/eks/gpu,aws,eks,gpu,4,amg2023,fom_overall,889117900.0
782,aws/eks/gpu,aws,eks,gpu,4,amg2023,fom_solve,3347677000.0
783,aws/eks/gpu,aws,eks,gpu,4,amg2023,fom_setup,4375093000.0
784,aws/eks/gpu,aws,eks,gpu,4,amg2023,workload_manager_wrapper_seconds,5.439908742904663
785,aws/eks/gpu,aws,eks,gpu,4,amg2023,fom_overall,887079700.0
786,aws/eks/gpu,aws,eks,gpu,4,amg2023,fom_solve,3329968000.0
787,aws/eks/gpu,aws,eks,gpu,4,amg2023,fom_setup,4417259000.0
788,aws/eks/gpu,aws,eks,gpu,4,amg2023,workload_manager_wrapper_seconds,5.418186187744141
789,aws/eks/gpu,aws,eks,gpu,4,amg2023,fom_overall,896239700.0
790,aws/eks/gpu,aws,eks,gpu,4,amg2023,fom_solve,3346159000.0
791,aws/eks/gpu,aws,eks,gpu,4,amg2023,fom_setup,4561576000.0
792,aws/eks/gpu,aws,eks,gpu,4,amg2023,workload_manager_wrapper_seconds,5.4068005084991455
793,aws/eks/gpu,aws,eks,gpu,4,amg2023,fom_overall,898927100.0
794,aws/eks/gpu,aws,eks,gpu,4,amg2023,fom_solve,3345684000.0
795,aws/eks/gpu,aws,eks,gpu,4,amg2023,fom_setup,4634788000.0
796,aws/eks/gpu,aws,eks,gpu,4,amg2023,workload_manager_wrapper_seconds,5.484819650650024
797,aws/eks/gpu,aws,eks,gpu,4,amg2023,fom_overall,891438900.0
798,aws/eks/gpu,aws,eks,gpu,4,amg2023,fom_solve,3329219000.0
799,aws/eks/gpu,aws,eks,gpu,4,amg2023,fom_setup,4531657000.0
800,aws/eks/gpu,aws,eks,gpu,4,amg2023,workload_manager_wrapper_seconds,5.41340184211731
801,aws/eks/gpu,aws,eks,gpu,4,amg2023,fom_overall,894305400.0
802,aws/eks/gpu,aws,eks,gpu,4,amg2023,fom_solve,3334384000.0
803,aws/eks/gpu,aws,eks,gpu,4,amg2023,fom_setup,4577293000.0
804,aws/eks/gpu,aws,eks,gpu,4,amg2023,workload_manager_wrapper_seconds,5.349358558654785
805,aws/eks/gpu,aws,eks,gpu,4,amg2023,fom_overall,900877200.0
806,aws/eks/gpu,aws,eks,gpu,4,amg2023,fom_solve,3347446000.0
807,aws/eks/gpu,aws,eks,gpu,4,amg2023,fom_setup,4676751000.0
808,aws/parallel-cluster/cpu,aws,parallel-cluster,cpu,64,amg2023,workload_manager_wrapper_seconds,84
809,aws/parallel-cluster/cpu,aws,parallel-cluster,cpu,64,amg2023,fom_overall,1262913000.0
810,aws/parallel-cluster/cpu,aws,parallel-cluster,cpu,64,amg2023,fom_solve,4713311000.0
811,aws/parallel-cluster/cpu,aws,parallel-cluster,cpu,64,amg2023,fom_setup,6438118000.0
812,aws/parallel-cluster/cpu,aws,parallel-cluster,cpu,64,amg2023,workload_manager_wrapper_seconds,85
813,aws/parallel-cluster/cpu,aws,parallel-cluster,cpu,64,amg2023,fom_overall,1259658000.0
814,aws/parallel-cluster/cpu,aws,parallel-cluster,cpu,64,amg2023,fom_solve,4740165000.0
815,aws/parallel-cluster/cpu,aws,parallel-cluster,cpu,64,amg2023,fom_setup,6212081000.0
816,aws/parallel-cluster/cpu,aws,parallel-cluster,cpu,64,amg2023,workload_manager_wrapper_seconds,90
817,aws/parallel-cluster/cpu,aws,parallel-cluster,cpu,64,amg2023,fom_overall,1269703000.0
818,aws/parallel-cluster/cpu,aws,parallel-cluster,cpu,64,amg2023,fom_solve,4752424000.0
819,aws/parallel-cluster/cpu,aws,parallel-cluster,cpu,64,amg2023,fom_setup,6396761000.0
820,aws/parallel-cluster/cpu,aws,parallel-cluster,cpu,64,amg2023,workload_manager_wrapper_seconds,85
821,aws/parallel-cluster/cpu,aws,parallel-cluster,cpu,64,amg2023,fom_overall,1247216000.0
822,aws/parallel-cluster/cpu,aws,parallel-cluster,cpu,64,amg2023,fom_solve,4664130000.0
823,aws/parallel-cluster/cpu,aws,parallel-cluster,cpu,64,amg2023,fom_setup,6305995000.0
824,aws/parallel-cluster/cpu,aws,parallel-cluster,cpu,64,amg2023,workload_manager_wrapper_seconds,85
825,aws/parallel-cluster/cpu,aws,parallel-cluster,cpu,64,amg2023,fom_overall,1247775000.0
826,aws/parallel-cluster/cpu,aws,parallel-cluster,cpu,64,amg2023,fom_solve,4650688000.0
827,aws/parallel-cluster/cpu,aws,parallel-cluster,cpu,64,amg2023,fom_setup,6395460000.0
828,aws/parallel-cluster/cpu,aws,parallel-cluster,cpu,32,amg2023,workload_manager_wrapper_seconds,82
829,aws/parallel-cluster/cpu,aws,parallel-cluster,cpu,32,amg2023,fom_overall,644908200.0
830,aws/parallel-cluster/cpu,aws,parallel-cluster,cpu,32,amg2023,fom_solve,2387644000.0
831,aws/parallel-cluster/cpu,aws,parallel-cluster,cpu,32,amg2023,fom_setup,3399749000.0
832,aws/parallel-cluster/cpu,aws,parallel-cluster,cpu,32,amg2023,workload_manager_wrapper_seconds,81
833,aws/parallel-cluster/cpu,aws,parallel-cluster,cpu,32,amg2023,fom_overall,649657500.0
834,aws/parallel-cluster/cpu,aws,parallel-cluster,cpu,32,amg2023,fom_solve,2407068000.0
835,aws/parallel-cluster/cpu,aws,parallel-cluster,cpu,32,amg2023,fom_setup,3413630000.0
836,aws/parallel-cluster/cpu,aws,parallel-cluster,cpu,32,amg2023,workload_manager_wrapper_seconds,81
837,aws/parallel-cluster/cpu,aws,parallel-cluster,cpu,32,amg2023,fom_overall,644578100.0
838,aws/parallel-cluster/cpu,aws,parallel-cluster,cpu,32,amg2023,fom_solve,2388655000.0
839,aws/parallel-cluster/cpu,aws,parallel-cluster,cpu,32,amg2023,fom_setup,3384492000.0
840,aws/parallel-cluster/cpu,aws,parallel-cluster,cpu,32,amg2023,workload_manager_wrapper_seconds,84
841,aws/parallel-cluster/cpu,aws,parallel-cluster,cpu,32,amg2023,fom_overall,648124700.0
842,aws/parallel-cluster/cpu,aws,parallel-cluster,cpu,32,amg2023,fom_solve,2417960000.0
843,aws/parallel-cluster/cpu,aws,parallel-cluster,cpu,32,amg2023,fom_setup,3309097000.0
844,aws/parallel-cluster/cpu,aws,parallel-cluster,cpu,32,amg2023,workload_manager_wrapper_seconds,82
845,aws/parallel-cluster/cpu,aws,parallel-cluster,cpu,32,amg2023,fom_overall,649818500.0
846,aws/parallel-cluster/cpu,aws,parallel-cluster,cpu,32,amg2023,fom_solve,2420768000.0
847,aws/parallel-cluster/cpu,aws,parallel-cluster,cpu,32,amg2023,fom_setup,3337615000.0
848,aws/parallel-cluster/cpu,aws,parallel-cluster,cpu,128,amg2023,workload_manager_wrapper_seconds,92
849,aws/parallel-cluster/cpu,aws,parallel-cluster,cpu,128,amg2023,fom_overall,2268538000.0
850,aws/parallel-cluster/cpu,aws,parallel-cluster,cpu,128,amg2023,fom_solve,8343485000.0
851,aws/parallel-cluster/cpu,aws,parallel-cluster,cpu,128,amg2023,fom_setup,12307610000.0
852,aws/parallel-cluster/cpu,aws,parallel-cluster,cpu,128,amg2023,workload_manager_wrapper_seconds,92
853,aws/parallel-cluster/cpu,aws,parallel-cluster,cpu,128,amg2023,fom_overall,2238677000.0
854,aws/parallel-cluster/cpu,aws,parallel-cluster,cpu,128,amg2023,fom_solve,8232553000.0
855,aws/parallel-cluster/cpu,aws,parallel-cluster,cpu,128,amg2023,fom_setup,12152830000.0
856,aws/parallel-cluster/cpu,aws,parallel-cluster,cpu,128,amg2023,workload_manager_wrapper_seconds,98
857,aws/parallel-cluster/cpu,aws,parallel-cluster,cpu,128,amg2023,fom_overall,2057997000.0
858,aws/parallel-cluster/cpu,aws,parallel-cluster,cpu,128,amg2023,fom_solve,7452617000.0
859,aws/parallel-cluster/cpu,aws,parallel-cluster,cpu,128,amg2023,fom_setup,11995270000.0
860,aws/parallel-cluster/cpu,aws,parallel-cluster,cpu,128,amg2023,workload_manager_wrapper_seconds,105
861,aws/parallel-cluster/cpu,aws,parallel-cluster,cpu,128,amg2023,fom_overall,2266323000.0
862,aws/parallel-cluster/cpu,aws,parallel-cluster,cpu,128,amg2023,fom_solve,8319217000.0
863,aws/parallel-cluster/cpu,aws,parallel-cluster,cpu,128,amg2023,fom_setup,12401940000.0
864,aws/parallel-cluster/cpu,aws,parallel-cluster,cpu,128,amg2023,workload_manager_wrapper_seconds,92
865,aws/parallel-cluster/cpu,aws,parallel-cluster,cpu,128,amg2023,fom_overall,2239708000.0
866,aws/parallel-cluster/cpu,aws,parallel-cluster,cpu,128,amg2023,fom_solve,8208791000.0
867,aws/parallel-cluster/cpu,aws,parallel-cluster,cpu,128,amg2023,fom_setup,12341880000.0
868,aws/parallel-cluster/cpu,aws,parallel-cluster,cpu,256,amg2023,workload_manager_wrapper_seconds,97
869,aws/parallel-cluster/cpu,aws,parallel-cluster,cpu,256,amg2023,fom_overall,4374666000.0
870,aws/parallel-cluster/cpu,aws,parallel-cluster,cpu,256,amg2023,fom_solve,16169650000.0
871,aws/parallel-cluster/cpu,aws,parallel-cluster,cpu,256,amg2023,fom_setup,23225510000.0
872,aws/parallel-cluster/cpu,aws,parallel-cluster,cpu,256,amg2023,workload_manager_wrapper_seconds,108
873,aws/parallel-cluster/cpu,aws,parallel-cluster,cpu,256,amg2023,fom_overall,3886557000.0
874,aws/parallel-cluster/cpu,aws,parallel-cluster,cpu,256,amg2023,fom_solve,14032420000.0
875,aws/parallel-cluster/cpu,aws,parallel-cluster,cpu,256,amg2023,fom_setup,22985080000.0
876,aws/parallel-cluster/cpu,aws,parallel-cluster,cpu,256,amg2023,workload_manager_wrapper_seconds,99
877,aws/parallel-cluster/cpu,aws,parallel-cluster,cpu,256,amg2023,fom_overall,4412989000.0
878,aws/parallel-cluster/cpu,aws,parallel-cluster,cpu,256,amg2023,fom_solve,16275240000.0
879,aws/parallel-cluster/cpu,aws,parallel-cluster,cpu,256,amg2023,fom_setup,23654820000.0
880,aws/parallel-cluster/cpu,aws,parallel-cluster,cpu,256,amg2023,workload_manager_wrapper_seconds,98
881,aws/parallel-cluster/cpu,aws,parallel-cluster,cpu,256,amg2023,fom_overall,4384347000.0
882,aws/parallel-cluster/cpu,aws,parallel-cluster,cpu,256,amg2023,fom_solve,16489700000.0
883,aws/parallel-cluster/cpu,aws,parallel-cluster,cpu,256,amg2023,fom_setup,21667350000.0
884,aws/parallel-cluster/cpu,aws,parallel-cluster,cpu,256,amg2023,workload_manager_wrapper_seconds,115
885,aws/parallel-cluster/cpu,aws,parallel-cluster,cpu,256,amg2023,fom_overall,4380449000.0
886,aws/parallel-cluster/cpu,aws,parallel-cluster,cpu,256,amg2023,fom_solve,16133410000.0
887,aws/parallel-cluster/cpu,aws,parallel-cluster,cpu,256,amg2023,fom_setup,23619710000.0
888,azure/cyclecloud/cpu,azure,cyclecloud,cpu,64,amg2023,workload_manager_wrapper_seconds,66
889,azure/cyclecloud/cpu,azure,cyclecloud,cpu,64,amg2023,fom_overall,1665520000.0
890,azure/cyclecloud/cpu,azure,cyclecloud,cpu,64,amg2023,fom_solve,6316974000.0
891,azure/cyclecloud/cpu,azure,cyclecloud,cpu,64,amg2023,fom_setup,7967981000.0
892,azure/cyclecloud/cpu,azure,cyclecloud,cpu,64,amg2023,workload_manager_wrapper_seconds,66
893,azure/cyclecloud/cpu,azure,cyclecloud,cpu,64,amg2023,fom_overall,1680351000.0
894,azure/cyclecloud/cpu,azure,cyclecloud,cpu,64,amg2023,fom_solve,6331705000.0
895,azure/cyclecloud/cpu,azure,cyclecloud,cpu,64,amg2023,fom_setup,8243504000.0
896,azure/cyclecloud/cpu,azure,cyclecloud,cpu,64,amg2023,workload_manager_wrapper_seconds,66
897,azure/cyclecloud/cpu,azure,cyclecloud,cpu,64,amg2023,fom_overall,1670579000.0
898,azure/cyclecloud/cpu,azure,cyclecloud,cpu,64,amg2023,fom_solve,6319580000.0
899,azure/cyclecloud/cpu,azure,cyclecloud,cpu,64,amg2023,fom_setup,8072335000.0
900,azure/cyclecloud/cpu,azure,cyclecloud,cpu,64,amg2023,workload_manager_wrapper_seconds,67
901,azure/cyclecloud/cpu,azure,cyclecloud,cpu,64,amg2023,fom_overall,1658562000.0
902,azure/cyclecloud/cpu,azure,cyclecloud,cpu,64,amg2023,fom_solve,6311694000.0
903,azure/cyclecloud/cpu,azure,cyclecloud,cpu,64,amg2023,fom_setup,7835535000.0
904,azure/cyclecloud/cpu,azure,cyclecloud,cpu,64,amg2023,workload_manager_wrapper_seconds,66
905,azure/cyclecloud/cpu,azure,cyclecloud,cpu,64,amg2023,fom_overall,1671017000.0
906,azure/cyclecloud/cpu,azure,cyclecloud,cpu,64,amg2023,fom_solve,6323229000.0
907,azure/cyclecloud/cpu,azure,cyclecloud,cpu,64,amg2023,fom_setup,8064725000.0
908,azure/cyclecloud/cpu,azure,cyclecloud,cpu,64,amg2023,workload_manager_wrapper_seconds,66
909,azure/cyclecloud/cpu,azure,cyclecloud,cpu,64,amg2023,fom_overall,1671581000.0
910,azure/cyclecloud/cpu,azure,cyclecloud,cpu,64,amg2023,fom_solve,6320223000.0
911,azure/cyclecloud/cpu,azure,cyclecloud,cpu,64,amg2023,fom_setup,8092621000.0
912,azure/cyclecloud/cpu,azure,cyclecloud,cpu,64,amg2023,workload_manager_wrapper_seconds,81
913,azure/cyclecloud/cpu,azure,cyclecloud,cpu,64,amg2023,fom_overall,1650230000.0
914,azure/cyclecloud/cpu,azure,cyclecloud,cpu,64,amg2023,fom_solve,6272205000.0
915,azure/cyclecloud/cpu,azure,cyclecloud,cpu,64,amg2023,fom_setup,7832360000.0
916,azure/cyclecloud/cpu,azure,cyclecloud,cpu,32,amg2023,workload_manager_wrapper_seconds,66
917,azure/cyclecloud/cpu,azure,cyclecloud,cpu,32,amg2023,fom_overall,838575500.0
918,azure/cyclecloud/cpu,azure,cyclecloud,cpu,32,amg2023,fom_solve,3187889000.0
919,azure/cyclecloud/cpu,azure,cyclecloud,cpu,32,amg2023,fom_setup,3977142000.0
920,azure/cyclecloud/cpu,azure,cyclecloud,cpu,32,amg2023,workload_manager_wrapper_seconds,76
921,azure/cyclecloud/cpu,azure,cyclecloud,cpu,32,amg2023,fom_overall,843754500.0
922,azure/cyclecloud/cpu,azure,cyclecloud,cpu,32,amg2023,fom_solve,3180234000.0
923,azure/cyclecloud/cpu,azure,cyclecloud,cpu,32,amg2023,fom_setup,4134760000.0
924,azure/cyclecloud/cpu,azure,cyclecloud,cpu,32,amg2023,workload_manager_wrapper_seconds,66
925,azure/cyclecloud/cpu,azure,cyclecloud,cpu,32,amg2023,fom_overall,838908300.0
926,azure/cyclecloud/cpu,azure,cyclecloud,cpu,32,amg2023,fom_solve,3184505000.0
927,azure/cyclecloud/cpu,azure,cyclecloud,cpu,32,amg2023,fom_setup,4000580000.0
928,azure/cyclecloud/cpu,azure,cyclecloud,cpu,32,amg2023,workload_manager_wrapper_seconds,65
929,azure/cyclecloud/cpu,azure,cyclecloud,cpu,32,amg2023,fom_overall,837789200.0
930,azure/cyclecloud/cpu,azure,cyclecloud,cpu,32,amg2023,fom_solve,3179186000.0
931,azure/cyclecloud/cpu,azure,cyclecloud,cpu,32,amg2023,fom_setup,4000324000.0
932,azure/cyclecloud/cpu,azure,cyclecloud,cpu,32,amg2023,workload_manager_wrapper_seconds,65
933,azure/cyclecloud/cpu,azure,cyclecloud,cpu,32,amg2023,fom_overall,838439700.0
934,azure/cyclecloud/cpu,azure,cyclecloud,cpu,32,amg2023,fom_solve,3184173000.0
935,azure/cyclecloud/cpu,azure,cyclecloud,cpu,32,amg2023,fom_setup,3991511000.0
936,azure/cyclecloud/cpu,azure,cyclecloud,cpu,128,amg2023,workload_manager_wrapper_seconds,72
937,azure/cyclecloud/cpu,azure,cyclecloud,cpu,128,amg2023,fom_overall,2981135000.0
938,azure/cyclecloud/cpu,azure,cyclecloud,cpu,128,amg2023,fom_solve,11047640000.0
939,azure/cyclecloud/cpu,azure,cyclecloud,cpu,128,amg2023,fom_setup,15651520000.0
940,azure/cyclecloud/cpu,azure,cyclecloud,cpu,128,amg2023,workload_manager_wrapper_seconds,71
941,azure/cyclecloud/cpu,azure,cyclecloud,cpu,128,amg2023,fom_overall,2978746000.0
942,azure/cyclecloud/cpu,azure,cyclecloud,cpu,128,amg2023,fom_solve,11053850000.0
943,azure/cyclecloud/cpu,azure,cyclecloud,cpu,128,amg2023,fom_setup,15548940000.0
944,azure/cyclecloud/cpu,azure,cyclecloud,cpu,128,amg2023,workload_manager_wrapper_seconds,95
945,azure/cyclecloud/cpu,azure,cyclecloud,cpu,128,amg2023,fom_overall,2957412000.0
946,azure/cyclecloud/cpu,azure,cyclecloud,cpu,128,amg2023,fom_solve,10934490000.0
947,azure/cyclecloud/cpu,azure,cyclecloud,cpu,128,amg2023,fom_setup,15680780000.0
948,azure/cyclecloud/cpu,azure,cyclecloud,cpu,128,amg2023,workload_manager_wrapper_seconds,73
949,azure/cyclecloud/cpu,azure,cyclecloud,cpu,128,amg2023,fom_overall,2947150000.0
950,azure/cyclecloud/cpu,azure,cyclecloud,cpu,128,amg2023,fom_solve,10944370000.0
951,azure/cyclecloud/cpu,azure,cyclecloud,cpu,128,amg2023,fom_setup,15338070000.0
952,azure/cyclecloud/cpu,azure,cyclecloud,cpu,128,amg2023,workload_manager_wrapper_seconds,72
953,azure/cyclecloud/cpu,azure,cyclecloud,cpu,128,amg2023,fom_overall,2987674000.0
954,azure/cyclecloud/cpu,azure,cyclecloud,cpu,128,amg2023,fom_solve,11065560000.0
955,azure/cyclecloud/cpu,azure,cyclecloud,cpu,128,amg2023,fom_setup,15723960000.0
956,azure/cyclecloud/cpu,azure,cyclecloud,cpu,256,amg2023,workload_manager_wrapper_seconds,94
957,azure/cyclecloud/cpu,azure,cyclecloud,cpu,256,amg2023,fom_overall,5390598000.0
958,azure/cyclecloud/cpu,azure,cyclecloud,cpu,256,amg2023,fom_solve,20268300000.0
959,azure/cyclecloud/cpu,azure,cyclecloud,cpu,256,amg2023,fom_setup,26671100000.0
960,azure/cyclecloud/cpu,azure,cyclecloud,cpu,256,amg2023,workload_manager_wrapper_seconds,91
961,azure/cyclecloud/cpu,azure,cyclecloud,cpu,256,amg2023,fom_overall,5078689000.0
962,azure/cyclecloud/cpu,azure,cyclecloud,cpu,256,amg2023,fom_solve,20410920000.0
963,azure/cyclecloud/cpu,azure,cyclecloud,cpu,256,amg2023,fom_setup,20031620000.0
964,azure/cyclecloud/gpu,azure,cyclecloud,gpu,32,amg2023,workload_manager_wrapper_seconds,26
965,azure/cyclecloud/gpu,azure,cyclecloud,gpu,32,amg2023,fom_overall,1702791000.0
966,azure/cyclecloud/gpu,azure,cyclecloud,gpu,32,amg2023,fom_solve,6062710000.0
967,azure/cyclecloud/gpu,azure,cyclecloud,gpu,32,amg2023,fom_setup,10817500000.0
968,azure/cyclecloud/gpu,azure,cyclecloud,gpu,32,amg2023,workload_manager_wrapper_seconds,15
969,azure/cyclecloud/gpu,azure,cyclecloud,gpu,32,amg2023,fom_overall,2222132000.0
970,azure/cyclecloud/gpu,azure,cyclecloud,gpu,32,amg2023,fom_solve,7925885000.0
971,azure/cyclecloud/gpu,azure,cyclecloud,gpu,32,amg2023,fom_setup,13983720000.0
972,azure/cyclecloud/gpu,azure,cyclecloud,gpu,8,amg2023,workload_manager_wrapper_seconds,11
973,azure/cyclecloud/gpu,azure,cyclecloud,gpu,8,amg2023,fom_overall,1092653000.0
974,azure/cyclecloud/gpu,azure,cyclecloud,gpu,8,amg2023,fom_solve,4224530000.0
975,azure/cyclecloud/gpu,azure,cyclecloud,gpu,8,amg2023,fom_setup,4876492000.0
976,azure/cyclecloud/gpu,azure,cyclecloud,gpu,8,amg2023,workload_manager_wrapper_seconds,17
977,azure/cyclecloud/gpu,azure,cyclecloud,gpu,8,amg2023,fom_overall,970143300.0
978,azure/cyclecloud/gpu,azure,cyclecloud,gpu,8,amg2023,fom_solve,3708810000.0
979,azure/cyclecloud/gpu,azure,cyclecloud,gpu,8,amg2023,fom_setup,4506724000.0
980,azure/cyclecloud/gpu,azure,cyclecloud,gpu,8,amg2023,workload_manager_wrapper_seconds,11
981,azure/cyclecloud/gpu,azure,cyclecloud,gpu,8,amg2023,fom_overall,1082201000.0
982,azure/cyclecloud/gpu,azure,cyclecloud,gpu,8,amg2023,fom_solve,4194403000.0
983,azure/cyclecloud/gpu,azure,cyclecloud,gpu,8,amg2023,fom_setup,4789182000.0
984,azure/cyclecloud/gpu,azure,cyclecloud,gpu,8,amg2023,workload_manager_wrapper_seconds,17
985,azure/cyclecloud/gpu,azure,cyclecloud,gpu,8,amg2023,fom_overall,954637800.0
986,azure/cyclecloud/gpu,azure,cyclecloud,gpu,8,amg2023,fom_solve,3633996000.0
987,azure/cyclecloud/gpu,azure,cyclecloud,gpu,8,amg2023,fom_setup,4504907000.0
988,azure/cyclecloud/gpu,azure,cyclecloud,gpu,8,amg2023,workload_manager_wrapper_seconds,11
989,azure/cyclecloud/gpu,azure,cyclecloud,gpu,8,amg2023,fom_overall,1133524000.0
990,azure/cyclecloud/gpu,azure,cyclecloud,gpu,8,amg2023,fom_solve,4441063000.0
991,azure/cyclecloud/gpu,azure,cyclecloud,gpu,8,amg2023,fom_setup,4838155000.0
992,azure/cyclecloud/gpu,azure,cyclecloud,gpu,16,amg2023,workload_manager_wrapper_seconds,12
993,azure/cyclecloud/gpu,azure,cyclecloud,gpu,16,amg2023,fom_overall,2052782000.0
994,azure/cyclecloud/gpu,azure,cyclecloud,gpu,16,amg2023,fom_solve,8233964000.0
995,azure/cyclecloud/gpu,azure,cyclecloud,gpu,16,amg2023,fom_setup,8143368000.0
996,azure/cyclecloud/gpu,azure,cyclecloud,gpu,16,amg2023,workload_manager_wrapper_seconds,12
997,azure/cyclecloud/gpu,azure,cyclecloud,gpu,16,amg2023,fom_overall,2069169000.0
998,azure/cyclecloud/gpu,azure,cyclecloud,gpu,16,amg2023,fom_solve,8293085000.0
999,azure/cyclecloud/gpu,azure,cyclecloud,gpu,16,amg2023,fom_setup,8227841000.0
1000,azure/cyclecloud/gpu,azure,cyclecloud,gpu,16,amg2023,workload_manager_wrapper_seconds,14
1001,azure/cyclecloud/gpu,azure,cyclecloud,gpu,16,amg2023,fom_overall,1970145000.0
1002,azure/cyclecloud/gpu,azure,cyclecloud,gpu,16,amg2023,fom_solve,7981498000.0
1003,azure/cyclecloud/gpu,azure,cyclecloud,gpu,16,amg2023,fom_setup,7592586000.0
1004,azure/cyclecloud/gpu,azure,cyclecloud,gpu,16,amg2023,workload_manager_wrapper_seconds,12
1005,azure/cyclecloud/gpu,azure,cyclecloud,gpu,16,amg2023,fom_overall,2124916000.0
1006,azure/cyclecloud/gpu,azure,cyclecloud,gpu,16,amg2023,fom_solve,8627073000.0
1007,azure/cyclecloud/gpu,azure,cyclecloud,gpu,16,amg2023,fom_setup,8139055000.0
1008,azure/cyclecloud/gpu,azure,cyclecloud,gpu,16,amg2023,workload_manager_wrapper_seconds,17
1009,azure/cyclecloud/gpu,azure,cyclecloud,gpu,16,amg2023,fom_overall,1853876000.0
1010,azure/cyclecloud/gpu,azure,cyclecloud,gpu,16,amg2023,fom_solve,7396081000.0
1011,azure/cyclecloud/gpu,azure,cyclecloud,gpu,16,amg2023,fom_setup,7474397000.0
1012,azure/cyclecloud/gpu,azure,cyclecloud,gpu,4,amg2023,workload_manager_wrapper_seconds,19
1013,azure/cyclecloud/gpu,azure,cyclecloud,gpu,4,amg2023,fom_overall,640659400.0
1014,azure/cyclecloud/gpu,azure,cyclecloud,gpu,4,amg2023,fom_solve,2531352000.0
1015,azure/cyclecloud/gpu,azure,cyclecloud,gpu,4,amg2023,fom_setup,2661312000.0
1016,azure/cyclecloud/gpu,azure,cyclecloud,gpu,4,amg2023,workload_manager_wrapper_seconds,10
1017,azure/cyclecloud/gpu,azure,cyclecloud,gpu,4,amg2023,fom_overall,687937500.0
1018,azure/cyclecloud/gpu,azure,cyclecloud,gpu,4,amg2023,fom_solve,2686376000.0
1019,azure/cyclecloud/gpu,azure,cyclecloud,gpu,4,amg2023,fom_setup,2968465000.0
1020,azure/cyclecloud/gpu,azure,cyclecloud,gpu,4,amg2023,workload_manager_wrapper_seconds,10
1021,azure/cyclecloud/gpu,azure,cyclecloud,gpu,4,amg2023,fom_overall,706299200.0
1022,azure/cyclecloud/gpu,azure,cyclecloud,gpu,4,amg2023,fom_solve,2789096000.0
1023,azure/cyclecloud/gpu,azure,cyclecloud,gpu,4,amg2023,fom_setup,2939333000.0
1024,azure/cyclecloud/gpu,azure,cyclecloud,gpu,4,amg2023,workload_manager_wrapper_seconds,42
1025,azure/cyclecloud/gpu,azure,cyclecloud,gpu,4,amg2023,fom_overall,470431500.0
1026,azure/cyclecloud/gpu,azure,cyclecloud,gpu,4,amg2023,fom_solve,1937632000.0
1027,azure/cyclecloud/gpu,azure,cyclecloud,gpu,4,amg2023,fom_setup,1731823000.0
1028,azure/cyclecloud/gpu,azure,cyclecloud,gpu,4,amg2023,workload_manager_wrapper_seconds,12
1029,azure/cyclecloud/gpu,azure,cyclecloud,gpu,4,amg2023,fom_overall,678600100.0
1030,azure/cyclecloud/gpu,azure,cyclecloud,gpu,4,amg2023,fom_solve,2635977000.0
1031,azure/cyclecloud/gpu,azure,cyclecloud,gpu,4,amg2023,fom_setup,2980414000.0
1032,azure/cyclecloud/gpu,azure,cyclecloud,gpu,4,amg2023,workload_manager_wrapper_seconds,13
1033,azure/cyclecloud/gpu,azure,cyclecloud,gpu,4,amg2023,fom_overall,683716200.0
1034,azure/cyclecloud/gpu,azure,cyclecloud,gpu,4,amg2023,fom_solve,2663124000.0
1035,azure/cyclecloud/gpu,azure,cyclecloud,gpu,4,amg2023,fom_setup,2975319000.0
1036,azure/cyclecloud/gpu,azure,cyclecloud,gpu,4,amg2023,workload_manager_wrapper_seconds,13
1037,azure/cyclecloud/gpu,azure,cyclecloud,gpu,4,amg2023,fom_overall,679590000.0
1038,azure/cyclecloud/gpu,azure,cyclecloud,gpu,4,amg2023,fom_solve,2636676000.0
1039,azure/cyclecloud/gpu,azure,cyclecloud,gpu,4,amg2023,fom_setup,2996892000.0
1040,azure/cyclecloud/gpu,azure,cyclecloud,gpu,4,amg2023,workload_manager_wrapper_seconds,12
1041,azure/cyclecloud/gpu,azure,cyclecloud,gpu,4,amg2023,fom_overall,673576200.0
1042,azure/cyclecloud/gpu,azure,cyclecloud,gpu,4,amg2023,fom_solve,2620949000.0
1043,azure/cyclecloud/gpu,azure,cyclecloud,gpu,4,amg2023,fom_setup,2941268000.0
1044,azure/cyclecloud/gpu,azure,cyclecloud,gpu,4,amg2023,workload_manager_wrapper_seconds,10
1045,azure/cyclecloud/gpu,azure,cyclecloud,gpu,4,amg2023,fom_overall,715214700.0
1046,azure/cyclecloud/gpu,azure,cyclecloud,gpu,4,amg2023,fom_solve,2839720000.0
1047,azure/cyclecloud/gpu,azure,cyclecloud,gpu,4,amg2023,fom_setup,2926206000.0
1048,azure/cyclecloud/gpu,azure,cyclecloud,gpu,4,amg2023,workload_manager_wrapper_seconds,10
1049,azure/cyclecloud/gpu,azure,cyclecloud,gpu,4,amg2023,fom_overall,703133400.0
1050,azure/cyclecloud/gpu,azure,cyclecloud,gpu,4,amg2023,fom_solve,2768570000.0
1051,azure/cyclecloud/gpu,azure,cyclecloud,gpu,4,amg2023,fom_setup,2953220000.0
1052,azure/cyclecloud/gpu,azure,cyclecloud,gpu,4,amg2023,workload_manager_wrapper_seconds,10
1053,azure/cyclecloud/gpu,azure,cyclecloud,gpu,4,amg2023,fom_overall,705806800.0
1054,azure/cyclecloud/gpu,azure,cyclecloud,gpu,4,amg2023,fom_solve,2790644000.0
1055,azure/cyclecloud/gpu,azure,cyclecloud,gpu,4,amg2023,fom_setup,2925707000.0
1056,azure/cyclecloud/gpu,azure,cyclecloud,gpu,4,amg2023,workload_manager_wrapper_seconds,19
1057,azure/cyclecloud/gpu,azure,cyclecloud,gpu,4,amg2023,fom_overall,643517400.0
1058,azure/cyclecloud/gpu,azure,cyclecloud,gpu,4,amg2023,fom_solve,2507297000.0
1059,azure/cyclecloud/gpu,azure,cyclecloud,gpu,4,amg2023,fom_setup,2797579000.0
1060,azure/cyclecloud/gpu,azure,cyclecloud,gpu,4,amg2023,workload_manager_wrapper_seconds,10
1061,azure/cyclecloud/gpu,azure,cyclecloud,gpu,4,amg2023,fom_overall,708502700.0
1062,azure/cyclecloud/gpu,azure,cyclecloud,gpu,4,amg2023,fom_solve,2789859000.0
1063,azure/cyclecloud/gpu,azure,cyclecloud,gpu,4,amg2023,fom_setup,2975269000.0
1064,azure/cyclecloud/gpu,azure,cyclecloud,gpu,4,amg2023,workload_manager_wrapper_seconds,20
1065,azure/cyclecloud/gpu,azure,cyclecloud,gpu,4,amg2023,fom_overall,654570100.0
1066,azure/cyclecloud/gpu,azure,cyclecloud,gpu,4,amg2023,fom_solve,2592659000.0
1067,azure/cyclecloud/gpu,azure,cyclecloud,gpu,4,amg2023,fom_setup,2698276000.0
1068,azure/aks/cpu,azure,aks,cpu,32,amg2023,workload_manager_wrapper_seconds,74.09508442878723
1069,azure/aks/cpu,azure,aks,cpu,32,amg2023,fom_overall,752856100.0
1070,azure/aks/cpu,azure,aks,cpu,32,amg2023,fom_solve,2850010000.0
1071,azure/aks/cpu,azure,aks,cpu,32,amg2023,fom_setup,3627827000.0
1072,azure/aks/cpu,azure,aks,cpu,32,amg2023,workload_manager_wrapper_seconds,74.09761309623718
1073,azure/aks/cpu,azure,aks,cpu,32,amg2023,fom_overall,751984600.0
1074,azure/aks/cpu,azure,aks,cpu,32,amg2023,fom_solve,2840869000.0
1075,azure/aks/cpu,azure,aks,cpu,32,amg2023,fom_setup,3652308000.0
1076,azure/aks/cpu,azure,aks,cpu,32,amg2023,workload_manager_wrapper_seconds,73.10378909111023
1077,azure/aks/cpu,azure,aks,cpu,32,amg2023,fom_overall,758654200.0
1078,azure/aks/cpu,azure,aks,cpu,32,amg2023,fom_solve,2851860000.0
1079,azure/aks/cpu,azure,aks,cpu,32,amg2023,fom_setup,3756876000.0
1080,azure/aks/cpu,azure,aks,cpu,32,amg2023,workload_manager_wrapper_seconds,74.9560616016388
1081,azure/aks/cpu,azure,aks,cpu,32,amg2023,fom_overall,743542600.0
1082,azure/aks/cpu,azure,aks,cpu,32,amg2023,fom_solve,2809062000.0
1083,azure/aks/cpu,azure,aks,cpu,32,amg2023,fom_setup,3610881000.0
1084,azure/aks/cpu,azure,aks,cpu,32,amg2023,workload_manager_wrapper_seconds,72.65293884277344
1085,azure/aks/cpu,azure,aks,cpu,32,amg2023,fom_overall,764128400.0
1086,azure/aks/cpu,azure,aks,cpu,32,amg2023,fom_solve,2869345000.0
1087,azure/aks/cpu,azure,aks,cpu,32,amg2023,fom_setup,3800172000.0
1088,azure/aks/cpu,azure,aks,cpu,64,amg2023,workload_manager_wrapper_seconds,82.5033655166626
1089,azure/aks/cpu,azure,aks,cpu,64,amg2023,fom_overall,1447033000.0
1090,azure/aks/cpu,azure,aks,cpu,64,amg2023,fom_solve,5461249000.0
1091,azure/aks/cpu,azure,aks,cpu,64,amg2023,fom_setup,7054951000.0
1092,azure/aks/cpu,azure,aks,cpu,64,amg2023,workload_manager_wrapper_seconds,82.13344216346741
1093,azure/aks/cpu,azure,aks,cpu,64,amg2023,fom_overall,1458932000.0
1094,azure/aks/cpu,azure,aks,cpu,64,amg2023,fom_solve,5512521000.0
1095,azure/aks/cpu,azure,aks,cpu,64,amg2023,fom_setup,7081277000.0
1096,azure/aks/cpu,azure,aks,cpu,64,amg2023,workload_manager_wrapper_seconds,81.25350213050842
1097,azure/aks/cpu,azure,aks,cpu,64,amg2023,fom_overall,1471203000.0
1098,azure/aks/cpu,azure,aks,cpu,64,amg2023,fom_solve,5540130000.0
1099,azure/aks/cpu,azure,aks,cpu,64,amg2023,fom_setup,7235255000.0
1100,azure/aks/cpu,azure,aks,cpu,64,amg2023,workload_manager_wrapper_seconds,83.36623668670654
1101,azure/aks/cpu,azure,aks,cpu,64,amg2023,fom_overall,1438662000.0
1102,azure/aks/cpu,azure,aks,cpu,64,amg2023,fom_solve,5450617000.0
1103,azure/aks/cpu,azure,aks,cpu,64,amg2023,fom_setup,6911152000.0
1104,azure/aks/cpu,azure,aks,cpu,64,amg2023,workload_manager_wrapper_seconds,83.2801582813263
1105,azure/aks/cpu,azure,aks,cpu,64,amg2023,fom_overall,1442571000.0
1106,azure/aks/cpu,azure,aks,cpu,64,amg2023,fom_solve,5469927000.0
1107,azure/aks/cpu,azure,aks,cpu,64,amg2023,fom_setup,6908300000.0
1108,azure/aks/gpu,azure,aks,gpu,32,amg2023,workload_manager_wrapper_seconds,8.832853555679321
1109,azure/aks/gpu,azure,aks,gpu,32,amg2023,fom_overall,2257033000.0
1110,azure/aks/gpu,azure,aks,gpu,32,amg2023,fom_solve,7515675000.0
1111,azure/aks/gpu,azure,aks,gpu,32,amg2023,fom_setup,22782300000.0
1112,azure/aks/gpu,azure,aks,gpu,32,amg2023,workload_manager_wrapper_seconds,7.441544532775879
1113,azure/aks/gpu,azure,aks,gpu,32,amg2023,fom_overall,3001121000.0
1114,azure/aks/gpu,azure,aks,gpu,32,amg2023,fom_solve,10350320000.0
1115,azure/aks/gpu,azure,aks,gpu,32,amg2023,fom_setup,23061240000.0
1116,azure/aks/gpu,azure,aks,gpu,32,amg2023,workload_manager_wrapper_seconds,6.352758169174194
1117,azure/aks/gpu,azure,aks,gpu,32,amg2023,fom_overall,4995756000.0
1118,azure/aks/gpu,azure,aks,gpu,32,amg2023,fom_solve,18716750000.0
1119,azure/aks/gpu,azure,aks,gpu,32,amg2023,fom_setup,25071650000.0
1120,azure/aks/gpu,azure,aks,gpu,32,amg2023,workload_manager_wrapper_seconds,8.224743366241455
1121,azure/aks/gpu,azure,aks,gpu,32,amg2023,fom_overall,2338696000.0
1122,azure/aks/gpu,azure,aks,gpu,32,amg2023,fom_solve,7743470000.0
1123,azure/aks/gpu,azure,aks,gpu,32,amg2023,fom_setup,24896960000.0
1124,azure/aks/gpu,azure,aks,gpu,32,amg2023,workload_manager_wrapper_seconds,8.497250080108643
1125,azure/aks/gpu,azure,aks,gpu,32,amg2023,fom_overall,2256914000.0
1126,azure/aks/gpu,azure,aks,gpu,32,amg2023,fom_solve,7518150000.0
1127,azure/aks/gpu,azure,aks,gpu,32,amg2023,fom_setup,22702190000.0
1128,azure/aks/gpu,azure,aks,gpu,8,amg2023,workload_manager_wrapper_seconds,5.92862868309021
1129,azure/aks/gpu,azure,aks,gpu,8,amg2023,fom_overall,1387598000.0
1130,azure/aks/gpu,azure,aks,gpu,8,amg2023,fom_solve,5221271000.0
1131,azure/aks/gpu,azure,aks,gpu,8,amg2023,fom_setup,6844764000.0
1132,azure/aks/gpu,azure,aks,gpu,8,amg2023,workload_manager_wrapper_seconds,5.3962085247039795
1133,azure/aks/gpu,azure,aks,gpu,8,amg2023,fom_overall,1435347000.0
1134,azure/aks/gpu,azure,aks,gpu,8,amg2023,fom_solve,5270701000.0
1135,azure/aks/gpu,azure,aks,gpu,8,amg2023,fom_setup,7842432000.0
1136,azure/aks/gpu,azure,aks,gpu,8,amg2023,workload_manager_wrapper_seconds,5.42316746711731
1137,azure/aks/gpu,azure,aks,gpu,8,amg2023,fom_overall,1422918000.0
1138,azure/aks/gpu,azure,aks,gpu,8,amg2023,fom_solve,5265512000.0
1139,azure/aks/gpu,azure,aks,gpu,8,amg2023,fom_setup,7516753000.0
1140,azure/aks/gpu,azure,aks,gpu,8,amg2023,workload_manager_wrapper_seconds,5.3411030769348145
1141,azure/aks/gpu,azure,aks,gpu,8,amg2023,fom_overall,1475305000.0
1142,azure/aks/gpu,azure,aks,gpu,8,amg2023,fom_solve,5464152000.0
1143,azure/aks/gpu,azure,aks,gpu,8,amg2023,fom_setup,7764400000.0
1144,azure/aks/gpu,azure,aks,gpu,8,amg2023,workload_manager_wrapper_seconds,5.456578254699707
1145,azure/aks/gpu,azure,aks,gpu,8,amg2023,fom_overall,1442895000.0
1146,azure/aks/gpu,azure,aks,gpu,8,amg2023,fom_solve,5321700000.0
1147,azure/aks/gpu,azure,aks,gpu,8,amg2023,fom_setup,7732669000.0
1148,azure/aks/gpu,azure,aks,gpu,16,amg2023,workload_manager_wrapper_seconds,7.419451713562012
1149,azure/aks/gpu,azure,aks,gpu,16,amg2023,fom_overall,1271726000.0
1150,azure/aks/gpu,azure,aks,gpu,16,amg2023,fom_solve,4214478000.0
1151,azure/aks/gpu,azure,aks,gpu,16,amg2023,fom_setup,13422600000.0
1152,azure/aks/gpu,azure,aks,gpu,16,amg2023,workload_manager_wrapper_seconds,7.362431526184082
1153,azure/aks/gpu,azure,aks,gpu,16,amg2023,fom_overall,1549651000.0
1154,azure/aks/gpu,azure,aks,gpu,16,amg2023,fom_solve,5316443000.0
1155,azure/aks/gpu,azure,aks,gpu,16,amg2023,fom_setup,12342690000.0
1156,azure/aks/gpu,azure,aks,gpu,16,amg2023,workload_manager_wrapper_seconds,5.6371846199035645
1157,azure/aks/gpu,azure,aks,gpu,16,amg2023,fom_overall,2780358000.0
1158,azure/aks/gpu,azure,aks,gpu,16,amg2023,fom_solve,10287620000.0
1159,azure/aks/gpu,azure,aks,gpu,16,amg2023,fom_setup,14694350000.0
1160,azure/aks/gpu,azure,aks,gpu,16,amg2023,workload_manager_wrapper_seconds,5.631161212921143
1161,azure/aks/gpu,azure,aks,gpu,16,amg2023,fom_overall,2796505000.0
1162,azure/aks/gpu,azure,aks,gpu,16,amg2023,fom_solve,10375870000.0
1163,azure/aks/gpu,azure,aks,gpu,16,amg2023,fom_setup,14607760000.0
1164,azure/aks/gpu,azure,aks,gpu,16,amg2023,workload_manager_wrapper_seconds,14.954004526138306
1165,azure/aks/gpu,azure,aks,gpu,16,amg2023,fom_overall,1049930000.0
1166,azure/aks/gpu,azure,aks,gpu,16,amg2023,fom_solve,123092900000.0
1167,azure/aks/gpu,azure,aks,gpu,16,amg2023,fom_setup,1077501000.0
1168,azure/aks/gpu,azure,aks,gpu,4,amg2023,workload_manager_wrapper_seconds,6.061166286468506
1169,azure/aks/gpu,azure,aks,gpu,4,amg2023,fom_overall,675675400.0
1170,azure/aks/gpu,azure,aks,gpu,4,amg2023,fom_solve,2804965000.0
1171,azure/aks/gpu,azure,aks,gpu,4,amg2023,fom_setup,2436240000.0
1172,azure/aks/gpu,azure,aks,gpu,4,amg2023,workload_manager_wrapper_seconds,6.4574644565582275
1173,azure/aks/gpu,azure,aks,gpu,4,amg2023,fom_overall,681613300.0
1174,azure/aks/gpu,azure,aks,gpu,4,amg2023,fom_solve,2863885000.0
1175,azure/aks/gpu,azure,aks,gpu,4,amg2023,fom_setup,2383339000.0
1176,azure/aks/gpu,azure,aks,gpu,4,amg2023,workload_manager_wrapper_seconds,6.065457344055176
1177,azure/aks/gpu,azure,aks,gpu,4,amg2023,fom_overall,688111200.0
1178,azure/aks/gpu,azure,aks,gpu,4,amg2023,fom_solve,2843176000.0
1179,azure/aks/gpu,azure,aks,gpu,4,amg2023,fom_setup,2511961000.0
1180,azure/aks/gpu,azure,aks,gpu,4,amg2023,workload_manager_wrapper_seconds,6.016919136047363
1181,azure/aks/gpu,azure,aks,gpu,4,amg2023,fom_overall,687902200.0
1182,azure/aks/gpu,azure,aks,gpu,4,amg2023,fom_solve,2852173000.0
1183,azure/aks/gpu,azure,aks,gpu,4,amg2023,fom_setup,2488395000.0
1184,azure/aks/gpu,azure,aks,gpu,4,amg2023,workload_manager_wrapper_seconds,6.000250816345215
1185,azure/aks/gpu,azure,aks,gpu,4,amg2023,fom_overall,698524200.0
1186,azure/aks/gpu,azure,aks,gpu,4,amg2023,fom_solve,2928493000.0
1187,azure/aks/gpu,azure,aks,gpu,4,amg2023,fom_setup,2455964000.0
