Experiment ID, Single Precision ops,,,,              Double precision ops,,,,              Half precision ops,,,,                Integer operations,,, 
Compute iters, Flops/byte, ex.time,  GFLOPS, GB/sec, Flops/byte, ex.time,  GFLOPS, GB/sec, Flops/byte, ex.time,  GFLOPS, GB/sec, Iops/byte, ex.time,   GIOPS, GB/sec
            0,      0.250,    0.25,  264.21,1056.83,      0.125,    0.24,  140.40,1123.16,     0.250,    0.16,  422.07,1688.27
            0,      0.250,    0.23,  296.94,1187.77,      0.125,    0.23,  144.01,1152.08,     0.250,    0.19,  349.53,1398.10
            1,      0.750,    0.23,  883.01,1177.35,      0.375,    0.21,  488.66,1303.08,     0.750,    0.19, 1082.40,1443.20
            2,      1.250,    0.22, 1553.45,1242.76,      0.625,    0.21,  810.49,1296.79,     1.250,    0.18, 1885.08,1508.06
            3,      1.750,    0.21, 2184.94,1248.54,      0.875,    0.21, 1102.73,1260.26,     1.750,    0.18, 2609.79,1491.31
            4,      2.250,    0.22, 2745.36,1220.16,      1.125,    0.20, 1480.34,1315.86,     2.250,    0.20, 3097.33,1376.59
            1,      0.750,    0.25,  795.76,1061.01,      0.375,    0.37,  272.06, 725.50,     0.750,    0.25,  815.09,1086.78
            6,      3.250,    0.23, 3728.27,1147.16,      1.625,    0.23, 1896.55,1167.11,     3.250,    0.20, 4297.61,1322.34
            2,      1.250,    0.27, 1233.62, 986.90,      0.625,    0.24,  699.05,1118.48,     1.250,    0.21, 1597.83,1278.26
            8,      4.250,    0.26, 4321.40,1016.80,      2.125,    0.24, 2328.27,1095.65,     4.250,    0.23, 5003.73,1177.35
           12,      6.250,    0.32, 5259.32, 841.49,      3.125,    0.31, 2680.07, 857.62,     6.250,    0.34, 4920.00, 787.20
           16,      8.250,    0.37, 5937.25, 719.67,      4.125,    0.37, 2976.60, 721.60,     8.250,    0.43, 5102.75, 618.51
           20,     10.250,    0.46, 5968.47, 582.29,      5.125,    0.46, 2997.24, 584.83,    10.250,    0.53, 5152.55, 502.69
            3,      1.750,    0.40, 1171.48, 669.42,      0.875,    0.27,  869.93, 994.21,     1.750,    0.22, 2106.56,1203.75
           24,     12.250,    0.54, 6044.73, 493.45,      6.125,    0.56, 2951.83, 481.93,    12.250,    0.62, 5303.77, 432.96
           28,     14.250,    0.64, 6023.95, 422.73,      7.125,    0.63, 3026.27, 424.74,    14.250,    0.73, 5232.84, 367.22
           32,     16.250,    0.73, 6000.10, 369.24,      8.125,    0.72, 3029.22, 372.83,    16.250,    0.81, 5372.01, 330.59
            4,      2.250,    0.41, 1487.63, 661.17,      1.125,    0.29, 1027.18, 913.05,     2.250,    0.23, 2570.13,1142.28
            6,      3.250,    0.27, 3243.18, 997.90,      1.625,    0.26, 1703.94,1048.58,     3.250,    0.21, 4214.57,1296.79
           40,     20.250,    0.91, 6006.43, 296.61,     10.125,    0.90, 3009.87, 297.27,    20.250,    1.02, 5329.23, 263.17
            8,      4.250,    0.26, 4456.45,1048.58,      2.125,    0.26, 2236.96,1052.69,     4.250,    0.23, 5048.01,1187.77
           48,     24.250,    1.07, 6066.69, 250.17,     12.125,    1.08, 3016.48, 248.78,    24.250,    1.21, 5384.25, 222.03
           56,     28.250,    1.25, 6091.01, 215.61,     14.125,    1.24, 3052.86, 216.13,    28.250,    1.40, 5436.06, 192.43
           12,      6.250,    0.32, 5292.50, 846.80,      3.125,    0.31, 2671.53, 854.89,     6.250,    0.65, 2573.19, 411.71
           16,      8.250,    0.37, 5985.39, 725.50,      4.125,    0.37, 2992.69, 725.50,     8.250,    0.43, 5150.22, 624.27
           64,     32.250,    1.42, 6100.81, 189.17,     16.125,    1.42, 3048.25, 189.04,    32.250,    1.60, 5407.27, 167.67
           20,     10.250,    0.46, 5994.47, 584.83,      5.125,    0.46, 3010.35, 587.39,    10.250,    0.53, 5191.44, 506.48
           24,     12.250,    0.54, 6067.04, 495.27,      6.125,    0.54, 3039.13, 496.18,    12.250,    0.61, 5390.71, 440.06
           28,     14.250,    0.62, 6130.14, 430.19,      7.125,    0.63, 3040.70, 426.77,    14.250,    0.72, 5290.74, 371.28
           80,     40.250,    1.76, 6145.92, 152.69,     20.125,    1.77, 3055.58, 151.83,    40.250,    1.99, 5426.68, 134.82
           32,     16.250,    0.71, 6143.77, 378.08,      8.125,    0.72, 3020.83, 371.79,    16.250,    0.81, 5398.61, 332.22
           40,     20.250,    0.89, 6135.23, 302.97,     10.125,    0.90, 3036.77, 299.93,    20.250,    1.00, 5408.77, 267.10
          104,     52.250,    2.29, 6111.44, 116.97,     26.125,    2.31, 3038.51, 116.31,    52.250,    2.57, 5463.87, 104.57
           48,     24.250,    1.06, 6112.26, 252.05,     12.125,    1.06, 3059.00, 252.29,    24.250,    1.20, 5442.78, 224.44
           56,     28.250,    1.24, 6125.45, 216.83,     14.125,    1.25, 3043.06, 215.44,    28.250,    1.38, 5487.19, 194.24
          120,     60.250,    2.65, 6093.91, 101.14,     30.125,    2.65, 3046.95, 101.14,    60.250,    2.95, 5480.60,  90.96
           64,     32.250,    1.41, 6131.05, 190.11,     16.125,    1.42, 3050.40, 189.17,    32.250,    1.58, 5493.05, 170.33
           80,     40.250,    1.76, 6152.92, 152.87,     20.125,    1.77, 3050.40, 151.57,    40.250,    1.97, 5481.75, 136.19
          128,     64.250,    2.83, 6090.03,  94.79,     32.125,    2.84, 3037.51,  94.55,    64.250,    3.15, 5476.97,  85.24
          104,     52.250,    2.27, 6167.88, 118.05,     26.125,    2.29, 3062.39, 117.22,    52.250,    2.54, 5511.10, 105.48
          120,     60.250,    2.62, 6165.93, 102.34,     30.125,    2.63, 3074.76, 102.07,    60.250,    2.92, 5540.68,  91.96
          160,     80.250,    3.54, 6087.01,  75.85,     40.125,    3.54, 3038.36,  75.72,    80.250,    8.22, 2621.63,  32.67
          128,     64.250,    2.80, 6168.45,  96.01,     32.125,    3.03, 2846.98,  88.62,    64.250,    3.12, 5520.80,  85.93
          160,     80.250,    3.48, 6190.21,  77.14,     40.125,    3.53, 3053.00,  76.09,    80.250,    4.07, 5290.26,  65.92
          192,     96.250,    4.25, 6086.43,  63.24,     48.125,    4.24, 3043.93,  63.25,    96.250,    4.85, 5322.81,  55.30
          192,     96.250,    8.40, 3077.29,  31.97,     48.125,    8.40, 1537.18,  31.94,    96.250,    9.82, 2629.98,  27.32
          256,    128.250,    5.59, 6155.35,  47.99,     64.125,    5.63, 3058.53,  47.70,   128.250,   12.82, 2684.77,  20.93
          256,    128.250,   11.18, 3080.70,  24.02,     64.125,   11.20, 1537.05,  23.97,   128.250,   13.03, 2641.31,  20.60
          320,    160.250,   13.87, 3102.10,  19.36,     80.125,   13.93, 1544.14,  19.27,   160.250,   16.04, 2681.51,  16.73
          320,    160.250,   14.06, 3059.95,  19.09,     80.125,   14.10, 1525.20,  19.04,   160.250,   16.27, 2643.93,  16.50
          512,    256.250,   22.17, 3102.27,  12.11,    128.125,   11.29, 3047.43,  23.78,   256.250,   12.78, 5382.78,  21.01
          512,    256.250,   11.35, 6061.56,  23.65,    128.125,   11.36, 3027.05,  23.63,   256.250,   20.21, 3403.42,  13.28
Experiment ID, Single Precision ops,,,,              Double precision ops,,,,              Half precision ops,,,,                Integer operations,,, 
Compute iters, Flops/byte, ex.time,  GFLOPS, GB/sec, Flops/byte, ex.time,  GFLOPS, GB/sec, Flops/byte, ex.time,  GFLOPS, GB/sec, Iops/byte, ex.time,   GIOPS, GB/sec
            0,      0.250,    0.23,  285.57,1142.28,      0.125,    0.20,  171.20,1369.57,     0.250,    0.14,  469.29,1877.17
            0,      0.250,    0.28,  235.47, 941.88,      0.125,    0.23,  144.63,1157.05,     0.250,    0.16,  411.71,1646.84
            1,      0.750,    0.21,  963.29,1284.38,      0.375,    0.20,  505.85,1348.92,     0.750,    0.20, 1021.96,1362.62
            1,      0.750,    0.20, 1011.69,1348.92,      0.375,    0.22,  451.40,1203.75,     0.750,    0.19, 1076.61,1435.48
            2,      1.250,    0.22, 1546.29,1237.03,      0.625,    0.22,  762.60,1220.16,     1.250,    0.18, 1813.75,1451.00
            3,      1.750,    0.21, 2215.86,1266.20,      0.875,    0.21, 1102.73,1260.26,     1.750,    0.19, 2525.60,1443.20
            4,      2.250,    0.21, 2903.75,1290.56,      1.125,    0.20, 1487.63,1322.34,     2.250,    0.19, 3145.73,1398.10
            2,      1.250,    0.30, 1122.22, 897.78,      0.625,    0.25,  679.24,1086.78,     1.250,    0.22, 1525.20,1220.16
            6,      3.250,    0.23, 3728.27,1147.16,      1.625,    0.23, 1896.55,1167.11,     3.250,    0.20, 4276.55,1315.86
            8,      4.250,    0.25, 4600.20,1082.40,      2.125,    0.26, 2177.20,1024.56,     4.250,    0.23, 5048.01,1187.77
           12,      6.250,    0.32, 5309.25, 849.48,      3.125,    0.31, 2697.30, 863.14,     6.250,    0.34, 4993.22, 798.92
            3,      1.750,    0.23, 2060.36,1177.35,      0.875,    0.22, 1062.81,1214.64,     1.750,    0.33, 1419.22, 810.98
           16,      8.250,    0.37, 5953.21, 721.60,      4.125,    0.37, 2992.69, 725.50,     8.250,    0.43, 5162.22, 625.72
           20,     10.250,    0.46, 6020.71, 587.39,      5.125,    0.46, 3016.96, 588.67,    10.250,    0.53, 5201.25, 507.44
           24,     12.250,    0.54, 6044.73, 493.45,      6.125,    0.54, 3050.40, 498.02,    12.250,    0.61, 5355.59, 437.19
            4,      2.250,    0.28, 2141.77, 951.90,      1.125,    0.24, 1268.87,1127.88,     2.250,    0.33, 1835.80, 815.91
           28,     14.250,    0.63, 6100.81, 428.13,      7.125,    0.63, 3055.28, 428.81,    14.250,    0.72, 5290.74, 371.28
            6,      3.250,    0.29, 2987.72, 919.30,      1.625,    0.27, 1609.62, 990.54,     3.250,    0.21, 4115.17,1266.20
           32,     16.250,    0.71, 6109.35, 375.96,      8.125,    0.72, 3016.65, 371.28,    16.250,    0.80, 5425.47, 333.87
            8,      4.250,    0.27, 4288.91,1009.16,      2.125,    0.25, 2254.65,1061.01,     4.250,    0.23, 4875.43,1147.16
           12,      6.250,    0.32, 5242.88, 838.86,      3.125,    0.32, 2613.27, 836.25,     6.250,    0.34, 4862.96, 778.07
           40,     20.250,    0.89, 6100.81, 301.27,     10.125,    0.89, 3043.57, 300.60,    20.250,    1.01, 5387.33, 266.04
           16,      8.250,    0.38, 5905.58, 715.83,      4.125,    0.38, 2944.94, 713.92,     8.250,    0.43, 5102.75, 618.51
           20,     10.250,    0.46, 5929.88, 578.52,      5.125,    0.46, 2990.72, 583.56,    10.250,    0.53, 5152.55, 502.69
           48,     24.250,    1.06, 6135.31, 253.00,     12.125,    1.07, 3047.55, 251.34,    24.250,    1.20, 5424.63, 223.70
           24,     12.250,    0.55, 6011.58, 490.74,      6.125,    0.55, 3005.79, 490.74,    12.250,    0.61, 5346.89, 436.48
           28,     14.250,    0.63, 6071.75, 426.09,      7.125,    0.63, 3021.49, 424.07,    14.250,    0.73, 5268.88, 369.75
           56,     28.250,    1.26, 6008.96, 212.71,     14.125,    1.23, 3077.64, 217.89,    28.250,    1.39, 5451.69, 192.98
           32,     16.250,    0.72, 6083.79, 374.39,      8.125,    0.72, 3020.83, 371.79,    16.250,    0.81, 5378.64, 330.99
           64,     32.250,    1.41, 6131.05, 190.11,     16.125,    1.46, 2968.81, 184.11,    32.250,    1.57, 5496.54, 170.44
           40,     20.250,    0.90, 6066.76, 299.59,     10.125,    0.89, 3043.57, 300.60,    20.250,    1.01, 5376.67, 265.51
           48,     24.250,    1.07, 6095.09, 251.34,     12.125,    1.07, 3044.70, 251.11,    24.250,    1.21, 5402.12, 222.77
           80,     40.250,    1.76, 6128.49, 152.26,     20.125,    1.76, 3076.46, 152.87,    40.250,    1.98, 5462.35, 135.71
           56,     28.250,    1.26, 6028.06, 213.38,     14.125,    1.25, 3033.32, 214.75,    28.250,    1.39, 5447.77, 192.84
          104,     52.250,    2.28, 6159.75, 117.89,     26.125,    2.28, 3073.13, 117.63,    52.250,    2.56, 5470.26, 104.69
           64,     32.250,    1.41, 6122.38, 189.84,     16.125,    1.44, 3001.75, 186.15,    32.250,    1.59, 5454.97, 169.15
           80,     40.250,    1.78, 6066.55, 150.72,     20.125,    1.78, 3040.10, 151.06,    40.250,    1.98, 5456.83, 135.57
          120,     60.250,    2.62, 6163.58, 102.30,     30.125,    2.64, 3066.60, 101.80,    60.250,    2.92, 5546.38,  92.06
          104,     52.250,    2.28, 6148.95, 117.68,     26.125,    2.30, 3050.40, 116.76,    52.250,    2.56, 5478.81, 104.86
          128,     64.250,    2.80, 6159.64,  95.87,     32.125,    2.81, 3063.41,  95.36,    64.250,    3.14, 5497.92,  85.57
          120,     60.250,    2.64, 6128.55, 101.72,     30.125,    2.63, 3071.26, 101.95,    60.250,    2.94, 5502.97,  91.34
          160,     80.250,    3.52, 6126.83,  76.35,     40.125,    3.58, 3008.65,  74.98,    80.250,    4.09, 5270.85,  65.68
          128,     64.250,    2.81, 6144.27,  95.63,     32.125,    2.83, 3052.56,  95.02,    64.250,    3.15, 5482.19,  85.33
          192,     96.250,    4.23, 6106.57,  63.44,     48.125,    4.23, 3051.84,  63.41,    96.250,    4.89, 5285.78,  54.92
          160,     80.250,    3.52, 6126.83,  76.35,     40.125,    3.52, 3061.68,  76.30,    80.250,    4.09, 5261.83,  65.57
          256,    128.250,    5.67, 6071.75,  47.34,     64.125,    5.65, 3045.01,  47.49,   128.250,   12.82, 2685.40,  20.94
          192,     96.250,    4.20, 6145.79,  63.85,     48.125,    8.37, 1543.05,  32.06,    96.250,    9.76, 2646.41,  27.50
          256,    128.250,   11.13, 3092.05,  24.11,     64.125,   11.15, 1543.53,  24.07,   128.250,   12.93, 2661.94,  20.76
          320,    160.250,   13.94, 3085.41,  19.25,     80.125,   13.96, 1540.27,  19.22,   160.250,   16.01, 2686.53,  16.76
          320,    160.250,    7.01, 6139.12,  38.31,     80.125,    7.05, 3051.27,  38.08,   160.250,    8.09, 5317.28,  33.18
          512,    256.250,   22.14, 3106.75,  12.12,    128.125,   18.79, 1830.89,  14.29,   256.250,   25.57, 2690.55,  10.50
          512,    256.250,   18.20, 3779.69,  14.75,    128.125,   11.30, 3043.12,  23.75,   256.250,   12.85, 5353.87,  20.89
Experiment ID, Single Precision ops,,,,              Double precision ops,,,,              Half precision ops,,,,                Integer operations,,, 
Compute iters, Flops/byte, ex.time,  GFLOPS, GB/sec, Flops/byte, ex.time,  GFLOPS, GB/sec, Flops/byte, ex.time,  GFLOPS, GB/sec, Iops/byte, ex.time,   GIOPS, GB/sec
            0,      0.250,    0.28,  242.27, 969.08,      0.125,    0.23,  149.13,1193.05,     0.250,    0.16,  409.20,1636.80
            1,      0.750,    0.24,  835.38,1113.84,      0.375,    0.22,  451.40,1203.75,     0.750,    0.20, 1011.69,1348.92
            0,      0.250,    0.23,  298.26,1193.05,      0.125,    0.22,  151.83,1214.64,     0.250,    0.18,  374.91,1499.64
            2,      1.250,    0.23, 1458.89,1167.11,      0.625,    0.20,  818.40,1309.44,     1.250,    0.21, 1620.99,1296.79
            1,      0.750,    0.23,  894.78,1193.05,      0.375,    0.22,  461.76,1231.36,     0.750,    0.20,  982.08,1309.44
            3,      1.750,    0.22, 2145.03,1225.73,      0.875,    0.21, 1092.47,1248.54,     1.750,    0.19, 2498.73,1427.85
            4,      2.250,    0.21, 2903.75,1290.56,      1.125,    0.20, 1495.00,1328.89,     2.250,    0.18, 3264.76,1451.00
            2,      1.250,    0.23, 1484.71,1187.77,      0.625,    0.22,  748.98,1198.37,     1.250,    0.23, 1427.85,1142.28
            6,      3.250,    0.23, 3776.69,1162.06,      1.625,    0.23, 1938.70,1193.05,     3.250,    0.20, 4340.37,1335.50
            8,      4.250,    0.25, 4600.20,1082.40,      2.125,    0.26, 2185.54,1028.49,     4.250,    0.23, 5003.73,1177.35
            3,      1.750,    0.25, 1864.14,1065.22,      0.875,    0.26,  896.49,1024.56,     1.750,    0.22, 2154.87,1231.36
           12,      6.250,    0.32, 5275.85, 844.14,      3.125,    0.32, 2654.62, 849.48,     6.250,    0.34, 4949.03, 791.85
           16,      8.250,    0.38, 5905.58, 715.83,      4.125,    0.40, 2747.63, 666.09,     8.250,    0.47, 4721.95, 572.36
           20,     10.250,    0.53, 5152.55, 502.69,      5.125,    0.46, 3010.35, 587.39,    10.250,    0.53, 5181.66, 505.53
           24,     12.250,    0.54, 6044.73, 493.45,      6.125,    0.54, 3050.40, 498.02,    12.250,    0.62, 5312.33, 433.66
            4,      2.250,    0.26, 2314.10,1028.49,      1.125,    0.39,  774.33, 688.30,     2.250,    0.26, 2296.50,1020.67
           28,     14.250,    0.62, 6120.33, 429.50,      7.125,    0.63, 3031.07, 425.41,    14.250,    0.72, 5290.74, 371.28
            6,      3.250,    0.29, 2987.72, 919.30,      1.625,    0.27, 1609.62, 990.54,     3.250,    0.22, 3929.80,1209.17
           32,     16.250,    0.72, 6058.44, 372.83,      8.125,    0.71, 3067.56, 377.55,    16.250,    0.81, 5391.94, 331.81
           40,     20.250,    0.90, 6060.00, 299.26,     10.125,    0.89, 3071.08, 303.32,    20.250,    1.01, 5382.00, 265.78
            8,      4.250,    0.30, 3802.84, 894.78,      2.125,    0.25, 2318.80,1091.20,     4.250,    0.43, 2640.86, 621.38
           48,     24.250,    1.08, 6038.55, 249.01,     12.125,    1.07, 3047.55, 251.34,    24.250,    1.20, 5438.23, 224.26
           12,      6.250,    0.35, 4766.25, 762.60,      3.125,    0.35, 2389.92, 764.77,     6.250,    0.34, 4920.00, 787.20
           16,      8.250,    0.37, 5937.25, 719.67,      4.125,    0.37, 2960.69, 717.74,     8.250,    0.43, 5138.27, 622.82
           56,     28.250,    1.25, 6056.95, 214.41,     14.125,    1.25, 3035.75, 214.92,    28.250,    1.39, 5443.86, 192.70
           20,     10.250,    0.46, 5994.47, 584.83,      5.125,    0.46, 3003.78, 586.10,    10.250,    0.53, 5171.92, 504.58
           24,     12.250,    0.55, 6033.64, 492.54,      6.125,    0.55, 3016.82, 492.54,    12.250,    0.62, 5338.21, 435.77
           64,     32.250,    1.41, 6122.38, 189.84,     16.125,    1.41, 3076.42, 190.79,    32.250,    1.59, 5458.41, 169.25
           28,     14.250,    0.63, 6110.55, 428.81,      7.125,    0.63, 3031.07, 425.41,    14.250,    0.72, 5290.74, 371.28
           32,     16.250,    0.72, 6058.44, 372.83,      8.125,    0.72, 3025.02, 372.31,    16.250,    0.81, 5418.73, 333.46
           80,     40.250,    1.77, 6090.49, 151.32,     20.125,    1.78, 3031.57, 150.64,    40.250,    1.98, 5451.33, 135.44
           40,     20.250,    0.89, 6107.66, 301.61,     10.125,    0.90, 3013.20, 297.60,    20.250,    1.01, 5392.68, 266.31
           48,     24.250,    1.07, 6066.69, 250.17,     12.125,    1.07, 3050.40, 251.58,    24.250,    1.20, 5438.23, 224.26
           56,     28.250,    1.25, 6091.01, 215.61,     14.125,    1.25, 3035.75, 214.92,    28.250,    1.39, 5475.31, 193.82
          104,     52.250,    2.28, 6146.25, 117.63,     26.125,    2.30, 3046.43, 116.61,    52.250,    2.56, 5472.40, 104.73
           64,     32.250,    1.41, 6144.10, 190.51,     16.125,    1.41, 3063.36, 189.98,    32.250,    1.57, 5496.54, 170.44
           80,     40.250,    1.76, 6142.43, 152.61,     20.125,    1.77, 3053.85, 151.74,    40.250,    1.96, 5506.89, 136.82
          120,     60.250,    2.63, 6140.18, 101.91,     30.125,    2.63, 3071.26, 101.95,    60.250,    2.94, 5504.85,  91.37
          104,     52.250,    2.29, 6122.11, 117.17,     26.125,    2.29, 3062.39, 117.22,    52.250,    2.54, 5517.61, 105.60
          128,     64.250,    2.83, 6105.12,  95.02,     32.125,    2.85, 3022.60,  94.09,    64.250,    3.15, 5478.71,  85.27
          120,     60.250,    2.63, 6151.86, 102.11,     30.125,    2.64, 3059.64, 101.56,    60.250,    2.92, 5544.48,  92.02
          128,     64.250,    2.80, 6153.04,  95.77,     32.125,    2.87, 3006.80,  93.60,    64.250,    3.12, 5519.03,  85.90
          160,     80.250,    3.52, 6111.19,  76.15,     40.125,    3.52, 3064.29,  76.37,    80.250,    4.11, 5246.46,  65.38
          160,     80.250,    3.51, 6135.56,  76.46,     40.125,    3.53, 3051.27,  76.04,    80.250,    4.07, 5291.56,  65.94
          192,     96.250,    4.31, 6000.21,  62.34,     48.125,    4.24, 3044.65,  63.27,    96.250,    4.91, 5266.39,  54.72
          192,     96.250,    4.19, 6160.45,  64.00,     48.125,    4.24, 3045.37,  63.28,    96.250,    4.87, 5310.77,  55.18
          256,    128.250,    5.63, 6110.55,  47.65,     64.125,    5.73, 3002.52,  46.82,   128.250,    6.48, 5310.33,  41.41
          256,    128.250,    5.66, 6084.63,  47.44,     64.125,    5.62, 3065.61,  47.81,   128.250,    6.44, 5349.11,  41.71
          320,    160.250,    6.99, 6150.53,  38.38,     80.125,    7.00, 3070.87,  38.33,   160.250,    8.02, 5366.36,  33.49
          320,    160.250,    7.14, 6026.45,  37.61,     80.125,    7.13, 3016.18,  37.64,   160.250,   16.07, 2677.34,  16.71
          512,    256.250,   18.69, 3679.80,  14.36,    128.125,   22.12, 1554.64,  12.13,   256.250,   20.07, 3427.85,  13.38
          512,    256.250,   21.79, 3156.51,  12.32,    128.125,   11.33, 3034.79,  23.69,   256.250,   12.77, 5387.84,  21.03
Experiment ID, Single Precision ops,,,,              Double precision ops,,,,              Half precision ops,,,,                Integer operations,,, 
Compute iters, Flops/byte, ex.time,  GFLOPS, GB/sec, Flops/byte, ex.time,  GFLOPS, GB/sec, Flops/byte, ex.time,  GFLOPS, GB/sec, Iops/byte, ex.time,   GIOPS, GB/sec
            0,      0.250,    0.23,  286.79,1147.16,      0.125,    0.26,  129.55,1036.43,     0.250,    0.18,  364.72,1458.89
            0,      0.250,    0.25,  268.44,1073.74,      0.125,    0.23,  146.53,1172.21,     0.250,    0.17,  401.85,1607.40
            1,      0.750,    0.21,  940.78,1254.37,      0.375,    0.23,  441.51,1177.35,     0.750,    0.21,  958.70,1278.26
            1,      0.750,    0.24,  853.08,1137.44,      0.375,    0.23,  437.67,1167.11,     0.750,    0.21,  977.31,1303.08
            2,      1.250,    0.23, 1440.10,1152.08,      0.625,    0.23,  745.65,1193.05,     1.250,    0.20, 1636.80,1309.44
            2,      1.250,    0.21, 1575.33,1260.26,      0.625,    0.21,  791.38,1266.20,     1.250,    0.19, 1756.78,1405.42
            3,      1.750,    0.22, 2145.03,1225.73,      0.875,    0.21, 1113.18,1272.21,     1.750,    0.19, 2472.43,1412.82
            4,      2.250,    0.22, 2757.90,1225.73,      1.125,    0.20, 1487.63,1322.34,     2.250,    0.18, 3282.50,1458.89
            6,      3.250,    0.23, 3760.41,1157.05,      1.625,    0.23, 1856.20,1142.28,     3.250,    0.20, 4276.55,1315.86
            3,      1.750,    0.21, 2226.36,1272.21,      0.875,    0.24,  958.70,1095.65,     1.750,    0.20, 2291.52,1309.44
            8,      4.250,    0.25, 4600.20,1082.40,      2.125,    0.27, 2128.45,1001.62,     4.250,    0.23, 4917.46,1157.05
            4,      2.250,    0.22, 2720.63,1209.17,      1.125,    0.22, 1391.66,1237.03,     2.250,    0.20, 2960.69,1315.86
           12,      6.250,    0.32, 5326.10, 852.18,      3.125,    0.31, 2680.07, 857.62,     6.250,    0.34, 4920.00, 787.20
            6,      3.250,    0.23, 3744.27,1152.08,      1.625,    0.23, 1913.19,1177.35,     3.250,    0.21, 4154.36,1278.26
           16,      8.250,    0.38, 5843.25, 708.27,      4.125,    0.37, 2960.69, 717.74,     8.250,    0.43, 5126.37, 621.38
            8,      4.250,    0.25, 4527.19,1065.22,      2.125,    0.29, 1933.65, 909.95,     4.250,    0.23, 5048.01,1187.77
           20,     10.250,    0.46, 5994.47, 584.83,      5.125,    0.46, 2977.77, 581.03,    10.250,    0.53, 5181.66, 505.53
           12,      6.250,    0.33, 5130.65, 820.90,      3.125,    0.32, 2621.44, 838.86,     6.250,    0.34, 4949.03, 791.85
           16,      8.250,    0.37, 5985.39, 725.50,      4.125,    0.37, 2976.60, 721.60,     8.250,    0.43, 5162.22, 625.72
           24,     12.250,    0.54, 6100.81, 498.02,      6.125,    0.55, 2994.84, 488.95,    12.250,    0.61, 5346.89, 436.48
           20,     10.250,    0.47, 5854.18, 571.14,      5.125,    0.46, 2977.77, 581.03,    10.250,    0.53, 5201.25, 507.44
           28,     14.250,    0.63, 6081.41, 426.77,      7.125,    0.63, 3050.40, 428.13,    14.250,    0.73, 5268.88, 369.75
           24,     12.250,    0.54, 6100.81, 498.02,      6.125,    0.54, 3039.13, 496.18,    12.250,    0.61, 5364.33, 437.90
           32,     16.250,    0.72, 6058.44, 372.83,      8.125,    0.71, 3067.56, 377.55,    16.250,    0.81, 5405.30, 332.63
           28,     14.250,    0.62, 6120.33, 429.50,      7.125,    0.63, 3050.40, 428.13,    14.250,    0.72, 5290.74, 371.28
           40,     20.250,    0.89, 6087.14, 300.60,     10.125,    0.89, 3064.16, 302.63,    20.250,    1.01, 5371.36, 265.25
           32,     16.250,    0.72, 6058.44, 372.83,      8.125,    0.72, 3033.43, 373.35,    16.250,    0.80, 5425.47, 333.87
           40,     20.250,    0.89, 6114.53, 301.95,     10.125,    0.89, 3046.98, 300.94,    20.250,    1.00, 5408.77, 267.10
           48,     24.250,    1.08, 6021.79, 248.32,     12.125,    1.07, 3039.01, 250.64,    24.250,    1.20, 5420.12, 223.51
           48,     24.250,    1.06, 6129.53, 252.76,     12.125,    1.06, 3064.76, 252.76,    24.250,    1.20, 5447.33, 224.63
           56,     28.250,    1.25, 6042.47, 213.89,     14.125,    1.24, 3050.40, 215.96,    28.250,    1.39, 5443.86, 192.70
           56,     28.250,    1.23, 6165.29, 218.24,     14.125,    1.24, 3060.25, 216.65,    28.250,    1.38, 5483.23, 194.10
           64,     32.250,    1.42, 6079.38, 188.51,     16.125,    1.41, 3063.36, 189.98,    32.250,    1.58, 5461.86, 169.36
           64,     32.250,    1.41, 6148.47, 190.65,     16.125,    1.41, 3074.23, 190.65,    32.250,    1.57, 5500.03, 170.54
           80,     40.250,    1.75, 6170.49, 153.30,     20.125,    1.76, 3060.77, 152.09,    40.250,    2.07, 5214.54, 129.55
           80,     40.250,    1.74, 6195.26, 153.92,     20.125,    1.76, 3071.21, 152.61,    40.250,    1.97, 5495.69, 136.54
          104,     52.250,    2.27, 6165.17, 117.99,     26.125,    2.29, 3063.73, 117.27,    52.250,    2.55, 5491.68, 105.10
          104,     52.250,    2.27, 6184.19, 118.36,     26.125,    2.27, 3082.58, 117.99,    52.250,    2.54, 5521.95, 105.68
          120,     60.250,    2.63, 6147.18, 102.03,     30.125,    2.70, 2998.38,  99.53,    60.250,    2.94, 5497.36,  91.24
          120,     60.250,    2.63, 6156.54, 102.18,     30.125,    2.63, 3077.10, 102.14,    60.250,    2.92, 5548.28,  92.09
          128,     64.250,    2.82, 6124.64,  95.33,     32.125,    2.81, 3067.77,  95.49,    64.250,    3.14, 5485.68,  85.38
          128,     64.250,    2.79, 6170.65,  96.04,     32.125,    2.82, 3061.23,  95.29,    64.250,    3.12, 5524.34,  85.98
          160,     80.250,    3.49, 6170.71,  76.89,     40.125,    3.50, 3074.79,  76.63,    80.250,    4.07, 5299.37,  66.04
          192,     96.250,    4.18, 6175.17,  64.16,     48.125,    4.20, 3075.82,  63.91,    96.250,    4.85, 5326.10,  55.34
          160,     80.250,    3.53, 6104.26,  76.07,     40.125,    6.93, 1554.48,  38.74,    80.250,    8.09, 2662.46,  33.18
          256,    128.250,    5.58, 6174.11,  48.14,     64.125,    5.60, 3073.28,  47.93,   128.250,    6.42, 5360.77,  41.80
          320,    160.250,    6.98, 6165.51,  38.47,     80.125,    6.99, 3076.14,  38.39,   160.250,    7.99, 5381.81,  33.58
          192,     96.250,    4.20, 6151.65,  63.91,     48.125,    4.23, 3054.01,  63.46,    96.250,    9.68, 2669.38,  27.73
          256,    128.250,   11.04, 3119.22,  24.32,     64.125,    5.68, 3028.93,  47.23,   128.250,    6.45, 5339.15,  41.63
          512,    256.250,   11.15, 6170.86,  24.08,    128.125,   22.17, 1551.06,  12.11,   256.250,   12.75, 5393.33,  21.05
          320,    160.250,    6.96, 6177.02,  38.55,     80.125,    7.00, 3071.75,  38.34,   160.250,    8.04, 5351.68,  33.40
          512,    256.250,   22.12, 3110.12,  12.14,    128.125,   11.22, 3066.45,  23.93,   256.250,   12.85, 5351.79,  20.89
Experiment ID, Single Precision ops,,,,              Double precision ops,,,,              Half precision ops,,,,                Integer operations,,, 
Compute iters, Flops/byte, ex.time,  GFLOPS, GB/sec, Flops/byte, ex.time,  GFLOPS, GB/sec, Flops/byte, ex.time,  GFLOPS, GB/sec, Iops/byte, ex.time,   GIOPS, GB/sec
            0,      0.250,    0.27,  244.92, 979.69,      0.125,    0.22,  150.47,1203.75,     0.250,    0.15,  441.51,1766.02
            0,      0.250,    0.24,  273.91,1095.65,      0.125,    0.23,  148.47,1187.77,     0.250,    0.25,  271.70,1086.78
            1,      0.750,    0.27,  745.65, 994.21,      0.375,    0.23,  428.35,1142.28,     0.750,    0.21,  936.40,1248.54
            2,      1.250,    0.24, 1392.30,1113.84,      0.625,    0.23,  739.08,1182.54,     1.250,    0.19, 1775.37,1420.29
            1,      0.750,    0.23,  886.90,1182.54,      0.375,    0.22,  453.44,1209.17,     0.750,    0.33,  615.68, 820.90
            3,      1.750,    0.22, 2154.87,1231.36,      0.875,    0.21, 1102.73,1260.26,     1.750,    0.18, 2553.05,1458.89
            4,      2.250,    0.21, 2848.96,1266.20,      1.125,    0.21, 1465.97,1303.08,     2.250,    0.19, 3247.20,1443.20
            6,      3.250,    0.24, 3665.61,1127.88,      1.625,    0.23, 1930.12,1187.77,     3.250,    0.20, 4255.68,1309.44
            8,      4.250,    0.25, 4581.73,1078.05,      2.125,    0.25, 2281.70,1073.74,     4.250,    0.23, 4981.88,1172.21
           12,      6.250,    0.32, 5292.50, 846.80,      3.125,    0.31, 2671.53, 854.89,     6.250,    0.34, 4920.00, 787.20
            2,      1.250,    0.32, 1061.85, 849.48,      0.625,    0.39,  429.08, 686.54,     1.250,    0.24, 1403.95,1123.16
           16,      8.250,    0.38, 5889.87, 713.92,      4.125,    0.37, 2976.60, 721.60,     8.250,    0.43, 5114.53, 619.94
           20,     10.250,    0.46, 5955.55, 581.03,      5.125,    0.46, 2990.72, 583.56,    10.250,    0.54, 5142.92, 501.75
           24,     12.250,    0.54, 6067.04, 495.27,      6.125,    0.54, 3022.37, 493.45,    12.250,    0.62, 5320.93, 434.36
           28,     14.250,    0.63, 6042.98, 424.07,      7.125,    0.63, 3026.27, 424.74,    14.250,    0.73, 5247.20, 368.22
           32,     16.250,    0.73, 6008.37, 369.75,      8.125,    0.71, 3050.40, 375.43,    16.250,    0.81, 5378.64, 330.99
           40,     20.250,    0.89, 6135.23, 302.97,     10.125,    0.90, 3026.62, 298.93,    20.250,    1.01, 5355.49, 264.47
            3,      1.750,    0.41, 1131.96, 646.83,      0.875,    0.28,  829.97, 948.54,     1.750,    0.36, 1304.89, 745.65
            4,      2.250,    0.32, 1881.56, 836.25,      1.125,    0.27, 1118.48, 994.21,     2.250,    0.23, 2672.48,1187.77
           48,     24.250,    1.07, 6083.70, 250.87,     12.125,    1.07, 3041.85, 250.87,    24.250,    1.21, 5379.80, 221.85
           56,     28.250,    1.24, 6105.72, 216.13,     14.125,    1.25, 3045.50, 215.61,    28.250,    1.40, 5432.16, 192.29
           64,     32.250,    1.42, 6105.11, 189.31,     16.125,    1.43, 3033.30, 188.11,    32.250,    1.59, 5451.54, 169.04
           80,     40.250,    1.78, 6059.75, 150.55,     20.125,    1.78, 3034.98, 150.81,    40.250,    1.99, 5440.35, 135.16
            6,      3.250,    0.44, 1978.27, 608.70,      1.625,    0.32, 1350.49, 831.07,     3.250,    0.36, 2390.18, 735.44
            8,      4.250,    0.36, 3186.73, 749.82,      2.125,    0.32, 1788.17, 841.49,     4.250,    0.24, 4694.86,1104.67
           12,      6.250,    0.32, 5275.85, 844.14,      3.125,    0.32, 2605.16, 833.65,     6.250,    0.34, 4920.00, 787.20
          104,     52.250,    2.29, 6122.11, 117.17,     26.125,    2.30, 3047.75, 116.66,    52.250,    2.57, 5463.87, 104.57
           16,      8.250,    0.38, 5905.58, 715.83,      4.125,    0.38, 2937.13, 712.03,     8.250,    0.43, 5126.37, 621.38
           20,     10.250,    0.46, 6007.56, 586.10,      5.125,    0.46, 3003.78, 586.10,    10.250,    0.54, 5142.92, 501.75
           24,     12.250,    0.54, 6055.86, 494.36,      6.125,    0.54, 3027.93, 494.36,    12.250,    0.62, 5303.77, 432.96
          120,     60.250,    2.66, 6087.03, 101.03,     30.125,    2.67, 3024.17, 100.39,    60.250,    2.95, 5482.45,  91.00
           28,     14.250,    0.63, 6081.41, 426.77,      7.125,    0.63, 3045.55, 427.44,    14.250,    0.73, 5240.01, 367.72
           32,     16.250,    0.71, 6117.92, 376.49,      8.125,    0.72, 3029.22, 372.83,    16.250,    0.81, 5385.28, 331.40
           40,     20.250,    0.89, 6080.33, 300.26,     10.125,    0.90, 3033.38, 299.59,    20.250,    1.01, 5366.06, 264.99
          128,     64.250,    2.83, 6102.96,  94.99,     32.125,    2.85, 3030.04,  94.32,    64.250,    3.15, 5480.45,  85.30
           48,     24.250,    1.07, 6083.70, 250.87,     12.125,    1.07, 3041.85, 250.87,    24.250,    1.21, 5397.64, 222.58
           56,     28.250,    1.24, 6115.57, 216.48,     14.125,    1.24, 3050.40, 215.96,    28.250,    1.39, 5447.77, 192.84
          160,     80.250,    3.57, 6029.09,  75.13,     40.125,    3.53, 3052.13,  76.07,    80.250,    4.10, 5251.57,  65.44
           64,     32.250,    1.41, 6126.71, 189.98,     16.125,    1.43, 3026.94, 187.72,    32.250,    1.59, 5451.54, 169.04
           80,     40.250,    1.78, 6069.96, 150.81,     20.125,    1.77, 3052.13, 151.66,    40.250,    1.99, 5434.87, 135.03
          192,     96.250,    4.28, 6042.31,  62.78,     48.125,    4.27, 3022.57,  62.81,    96.250,    4.89, 5279.30,  54.85
          104,     52.250,    2.29, 6135.50, 117.43,     26.125,    2.30, 3046.43, 116.61,    52.250,    2.56, 5472.40, 104.73
          120,     60.250,    2.65, 6112.33, 101.45,     30.125,    2.64, 3059.64, 101.56,    60.250,    2.95, 5476.88,  90.90
          128,     64.250,    2.81, 6128.99,  95.39,     32.125,    2.85, 3023.66,  94.12,    64.250,    3.15, 5468.29,  85.11
          256,    128.250,    5.67, 6077.11,  47.38,     64.125,    5.70, 3021.49,  47.12,   128.250,    6.47, 5316.89,  41.46
          160,     80.250,    3.52, 6116.40,  76.22,     40.125,    3.52, 3059.94,  76.26,    80.250,    4.11, 5242.62,  65.33
          320,    160.250,    7.08, 6077.53,  37.93,     80.125,   14.04, 1531.39,  19.11,   160.250,   16.12, 2668.04,  16.65
          192,     96.250,    8.28, 3120.78,  32.42,     48.125,    8.34, 1549.72,  32.20,    96.250,    9.67, 2670.76,  27.75
          256,    128.250,   11.04, 3117.81,  24.31,     64.125,   11.07, 1554.40,  24.24,   128.250,   12.83, 2683.73,  20.93
          512,    256.250,   11.35, 6062.63,  23.66,    128.125,   22.37, 1537.68,  12.00,   256.250,   20.09, 3424.26,  13.36
          320,    160.250,   13.85, 3105.01,  19.38,     80.125,   10.89, 1974.51,  24.64,   160.250,    8.06, 5335.08,  33.29
          512,    256.250,   11.31, 6083.54,  23.74,    128.125,   11.28, 3048.24,  23.79,   256.250,   12.79, 5378.15,  20.99