,experiment,cloud,env,env_type,nodes,application,problem_size,metric,value,gpu_count
0,google/gke/cpu,google,gke,cpu,64,lammps,64x64x32,matom_steps_per_second,31.177,0
1,google/gke/cpu,google,gke,cpu,64,lammps,64x64x32,duration,140.72673869132996,0
2,google/gke/cpu,google,gke,cpu,64,lammps,64x64x32,matom_steps_per_second,31.379,0
3,google/gke/cpu,google,gke,cpu,64,lammps,64x64x32,duration,139.64802956581116,0
4,google/gke/cpu,google,gke,cpu,64,lammps,64x64x32,matom_steps_per_second,28.059,0
5,google/gke/cpu,google,gke,cpu,64,lammps,64x64x32,duration,154.85197639465332,0
6,google/gke/cpu,google,gke,cpu,64,lammps,64x64x32,matom_steps_per_second,31.16,0
7,google/gke/cpu,google,gke,cpu,64,lammps,64x64x32,duration,140.37281584739685,0
8,google/gke/cpu,google,gke,cpu,64,lammps,64x64x32,matom_steps_per_second,31.53,0
9,google/gke/cpu,google,gke,cpu,64,lammps,64x64x32,duration,139.65953636169434,0
10,google/gke/cpu,google,gke,cpu,32,lammps,64x64x32,matom_steps_per_second,19.876,0
11,google/gke/cpu,google,gke,cpu,32,lammps,64x64x32,duration,211.26960015296936,0
12,google/gke/cpu,google,gke,cpu,32,lammps,64x64x32,matom_steps_per_second,19.475,0
13,google/gke/cpu,google,gke,cpu,32,lammps,64x64x32,duration,215.38701486587524,0
14,google/gke/cpu,google,gke,cpu,32,lammps,64x64x32,matom_steps_per_second,20.025,0
15,google/gke/cpu,google,gke,cpu,32,lammps,64x64x32,duration,209.42085671424866,0
16,google/gke/cpu,google,gke,cpu,32,lammps,64x64x32,matom_steps_per_second,19.814,0
17,google/gke/cpu,google,gke,cpu,32,lammps,64x64x32,duration,212.11827659606934,0
18,google/gke/cpu,google,gke,cpu,128,lammps,64x64x32,matom_steps_per_second,40.177,0
19,google/gke/cpu,google,gke,cpu,128,lammps,64x64x32,duration,129.22454714775085,0
20,google/gke/cpu,google,gke,cpu,128,lammps,64x64x32,matom_steps_per_second,40.01,0
21,google/gke/cpu,google,gke,cpu,128,lammps,64x64x32,duration,130.869038105011,0
22,google/gke/cpu,google,gke,cpu,128,lammps,64x64x32,matom_steps_per_second,38.647,0
23,google/gke/cpu,google,gke,cpu,128,lammps,64x64x32,duration,134.49770045280457,0
24,google/gke/cpu,google,gke,cpu,128,lammps,64x64x32,matom_steps_per_second,40.499,0
25,google/gke/cpu,google,gke,cpu,128,lammps,64x64x32,duration,129.91354703903198,0
26,google/gke/cpu,google,gke,cpu,128,lammps,64x64x32,matom_steps_per_second,40.855,0
27,google/gke/cpu,google,gke,cpu,128,lammps,64x64x32,duration,128.60635137557983,0
28,google/gke/cpu,google,gke,cpu,256,lammps,64x64x32,matom_steps_per_second,14.847,0
29,google/gke/cpu,google,gke,cpu,256,lammps,64x64x32,duration,371.9130928516388,0
30,google/gke/cpu,google,gke,cpu,256,lammps,64x64x32,matom_steps_per_second,14.927,0
31,google/gke/cpu,google,gke,cpu,256,lammps,64x64x32,duration,371.27147459983826,0
32,google/gke/gpu,google,gke,gpu,32,lammps,64x32x32,matom_steps_per_second,152.935,256
33,google/gke/gpu,google,gke,gpu,32,lammps,64x32x32,duration,19.480812788009644,256
34,google/gke/gpu,google,gke,gpu,32,lammps,64x32x32,matom_steps_per_second,128.639,256
35,google/gke/gpu,google,gke,gpu,32,lammps,64x32x32,duration,24.42403531074524,256
36,google/gke/gpu,google,gke,gpu,32,lammps,64x64x32,matom_steps_per_second,194.667,256
37,google/gke/gpu,google,gke,gpu,32,lammps,64x64x32,duration,30.980899572372437,256
38,google/gke/gpu,google,gke,gpu,32,lammps,64x64x32,matom_steps_per_second,194.69,256
39,google/gke/gpu,google,gke,gpu,32,lammps,64x64x32,duration,30.98126745223999,256
40,google/gke/gpu,google,gke,gpu,32,lammps,64x32x32,matom_steps_per_second,128.842,256
41,google/gke/gpu,google,gke,gpu,32,lammps,64x32x32,duration,24.279096364974976,256
42,google/gke/gpu,google,gke,gpu,32,lammps,64x32x32,matom_steps_per_second,128.898,256
43,google/gke/gpu,google,gke,gpu,32,lammps,64x32x32,duration,24.313599586486816,256
44,google/gke/gpu,google,gke,gpu,32,lammps,64x64x32,matom_steps_per_second,195.028,256
45,google/gke/gpu,google,gke,gpu,32,lammps,64x64x32,duration,30.282105445861816,256
46,google/gke/gpu,google,gke,gpu,32,lammps,64x32x32,matom_steps_per_second,129.903,256
47,google/gke/gpu,google,gke,gpu,32,lammps,64x32x32,duration,24.2374165058136,256
48,google/gke/gpu,google,gke,gpu,32,lammps,64x64x32,matom_steps_per_second,193.988,256
49,google/gke/gpu,google,gke,gpu,32,lammps,64x64x32,duration,31.15102744102478,256
50,google/gke/gpu,google,gke,gpu,32,lammps,64x64x32,matom_steps_per_second,198.972,256
51,google/gke/gpu,google,gke,gpu,32,lammps,64x64x32,duration,28.155176162719727,256
52,google/gke/gpu,google,gke,gpu,8,lammps,64x32x32,matom_steps_per_second,70.692,64
53,google/gke/gpu,google,gke,gpu,8,lammps,64x32x32,duration,40.420807123184204,64
54,google/gke/gpu,google,gke,gpu,8,lammps,64x64x32,matom_steps_per_second,77.102,64
55,google/gke/gpu,google,gke,gpu,8,lammps,64x64x32,duration,67.73654365539551,64
56,google/gke/gpu,google,gke,gpu,8,lammps,64x64x32,matom_steps_per_second,77.723,64
57,google/gke/gpu,google,gke,gpu,8,lammps,64x64x32,duration,67.93356227874756,64
58,google/gke/gpu,google,gke,gpu,8,lammps,64x64x32,matom_steps_per_second,77.253,64
59,google/gke/gpu,google,gke,gpu,8,lammps,64x64x32,duration,68.17432951927185,64
60,google/gke/gpu,google,gke,gpu,8,lammps,64x32x32,matom_steps_per_second,69.731,64
61,google/gke/gpu,google,gke,gpu,8,lammps,64x32x32,duration,40.79453492164612,64
62,google/gke/gpu,google,gke,gpu,8,lammps,64x32x32,matom_steps_per_second,69.883,64
63,google/gke/gpu,google,gke,gpu,8,lammps,64x32x32,duration,36.97917819023132,64
64,google/gke/gpu,google,gke,gpu,8,lammps,64x64x32,matom_steps_per_second,76.751,64
65,google/gke/gpu,google,gke,gpu,8,lammps,64x64x32,duration,68.56634712219238,64
66,google/gke/gpu,google,gke,gpu,8,lammps,64x32x32,matom_steps_per_second,70.038,64
67,google/gke/gpu,google,gke,gpu,8,lammps,64x32x32,duration,40.757232904434204,64
68,google/gke/gpu,google,gke,gpu,8,lammps,64x64x32,matom_steps_per_second,78.733,64
69,google/gke/gpu,google,gke,gpu,8,lammps,64x64x32,duration,65.87056398391724,64
70,google/gke/gpu,google,gke,gpu,8,lammps,64x32x32,matom_steps_per_second,69.245,64
71,google/gke/gpu,google,gke,gpu,8,lammps,64x32x32,duration,39.793537616729736,64
72,google/gke/gpu,google,gke,gpu,8,lammps,64x32x32,matom_steps_per_second,69.891,64
73,google/gke/gpu,google,gke,gpu,8,lammps,64x32x32,duration,39.539764642715454,64
74,google/gke/gpu,google,gke,gpu,16,lammps,64x32x32,matom_steps_per_second,102.706,128
75,google/gke/gpu,google,gke,gpu,16,lammps,64x32x32,duration,26.832635402679443,128
76,google/gke/gpu,google,gke,gpu,16,lammps,64x64x32,matom_steps_per_second,122.512,128
77,google/gke/gpu,google,gke,gpu,16,lammps,64x64x32,duration,44.736016273498535,128
78,google/gke/gpu,google,gke,gpu,16,lammps,64x32x32,matom_steps_per_second,99.021,128
79,google/gke/gpu,google,gke,gpu,16,lammps,64x32x32,duration,29.640106678009033,128
80,google/gke/gpu,google,gke,gpu,16,lammps,64x32x32,matom_steps_per_second,99.864,128
81,google/gke/gpu,google,gke,gpu,16,lammps,64x32x32,duration,29.32980990409851,128
82,google/gke/gpu,google,gke,gpu,16,lammps,64x64x32,matom_steps_per_second,123.32,128
83,google/gke/gpu,google,gke,gpu,16,lammps,64x64x32,duration,43.826072216033936,128
84,google/gke/gpu,google,gke,gpu,16,lammps,64x64x32,matom_steps_per_second,123.355,128
85,google/gke/gpu,google,gke,gpu,16,lammps,64x64x32,duration,43.20056939125061,128
86,google/gke/gpu,google,gke,gpu,16,lammps,64x32x32,matom_steps_per_second,100.063,128
87,google/gke/gpu,google,gke,gpu,16,lammps,64x32x32,duration,30.020556449890137,128
88,google/gke/gpu,google,gke,gpu,16,lammps,64x64x32,matom_steps_per_second,121.651,128
89,google/gke/gpu,google,gke,gpu,16,lammps,64x64x32,duration,44.231717586517334,128
90,google/gke/gpu,google,gke,gpu,16,lammps,64x64x32,matom_steps_per_second,123.258,128
91,google/gke/gpu,google,gke,gpu,16,lammps,64x64x32,duration,44.55011487007141,128
92,google/gke/gpu,google,gke,gpu,16,lammps,64x32x32,matom_steps_per_second,98.299,128
93,google/gke/gpu,google,gke,gpu,16,lammps,64x32x32,duration,30.969188451766968,128
94,google/gke/gpu,google,gke,gpu,4,lammps,64x32x32,matom_steps_per_second,41.832,32
95,google/gke/gpu,google,gke,gpu,4,lammps,64x32x32,duration,63.13030290603638,32
96,google/gke/gpu,google,gke,gpu,4,lammps,64x32x32,matom_steps_per_second,41.243,32
97,google/gke/gpu,google,gke,gpu,4,lammps,64x32x32,duration,64.41558170318604,32
98,google/gke/gpu,google,gke,gpu,4,lammps,64x32x32,matom_steps_per_second,41.187,32
99,google/gke/gpu,google,gke,gpu,4,lammps,64x32x32,duration,64.46191787719727,32
100,google/gke/gpu,google,gke,gpu,4,lammps,64x32x32,matom_steps_per_second,41.127,32
101,google/gke/gpu,google,gke,gpu,4,lammps,64x32x32,duration,65.1929223537445,32
102,google/gke/gpu,google,gke,gpu,4,lammps,64x32x32,matom_steps_per_second,41.357,32
103,google/gke/gpu,google,gke,gpu,4,lammps,64x32x32,duration,58.59995460510254,32
104,google/gke/gpu,google,gke,gpu,4,lammps,64x32x32,matom_steps_per_second,43.769,32
105,google/gke/gpu,google,gke,gpu,4,lammps,64x32x32,duration,55.64991569519043,32
106,google/compute-engine/cpu,google,compute-engine,cpu,64,lammps,64x64x32,matom_steps_per_second,25.126,0
107,google/compute-engine/cpu,google,compute-engine,cpu,64,lammps,64x64x32,duration,169.354154586792,0
108,google/compute-engine/cpu,google,compute-engine,cpu,32,lammps,64x64x32,matom_steps_per_second,14.888,0
109,google/compute-engine/cpu,google,compute-engine,cpu,32,lammps,64x64x32,duration,276.72042322158813,0
110,google/compute-engine/cpu,google,compute-engine,cpu,32,lammps,64x64x32,matom_steps_per_second,13.207,0
111,google/compute-engine/cpu,google,compute-engine,cpu,32,lammps,64x64x32,duration,310.4513590335846,0
112,google/compute-engine/cpu,google,compute-engine,cpu,32,lammps,64x64x32,matom_steps_per_second,14.122,0
113,google/compute-engine/cpu,google,compute-engine,cpu,32,lammps,64x64x32,duration,290.69475626945496,0
114,google/compute-engine/cpu,google,compute-engine,cpu,32,lammps,64x64x32,matom_steps_per_second,14.917,0
115,google/compute-engine/cpu,google,compute-engine,cpu,32,lammps,64x64x32,duration,275.90187668800354,0
116,google/compute-engine/cpu,google,compute-engine,cpu,32,lammps,64x64x32,matom_steps_per_second,14.565,0
117,google/compute-engine/cpu,google,compute-engine,cpu,32,lammps,64x64x32,duration,284.0179226398468,0
118,google/compute-engine/cpu,google,compute-engine,cpu,128,lammps,64x64x32,matom_steps_per_second,46.059,0
119,google/compute-engine/cpu,google,compute-engine,cpu,128,lammps,64x64x32,duration,109.13429522514343,0
120,google/compute-engine/cpu,google,compute-engine,cpu,128,lammps,64x64x32,matom_steps_per_second,46.762,0
121,google/compute-engine/cpu,google,compute-engine,cpu,128,lammps,64x64x32,duration,108.15780830383301,0
122,google/compute-engine/cpu,google,compute-engine,cpu,128,lammps,64x64x32,matom_steps_per_second,39.009,0
123,google/compute-engine/cpu,google,compute-engine,cpu,128,lammps,64x64x32,duration,124.92214322090149,0
124,google/compute-engine/cpu,google,compute-engine,cpu,128,lammps,64x64x32,matom_steps_per_second,45.301,0
125,google/compute-engine/cpu,google,compute-engine,cpu,128,lammps,64x64x32,duration,112.31331539154053,0
126,google/compute-engine/cpu,google,compute-engine,cpu,128,lammps,64x64x32,matom_steps_per_second,46.068,0
127,google/compute-engine/cpu,google,compute-engine,cpu,128,lammps,64x64x32,duration,108.97752046585083,0
128,google/compute-engine/cpu,google,compute-engine,cpu,256,lammps,64x64x32,matom_steps_per_second,77.22,0
129,google/compute-engine/cpu,google,compute-engine,cpu,256,lammps,64x64x32,duration,126.82043218612671,0
130,google/compute-engine/cpu,google,compute-engine,cpu,256,lammps,64x64x32,matom_steps_per_second,76.532,0
131,google/compute-engine/cpu,google,compute-engine,cpu,256,lammps,64x64x32,duration,113.98148703575134,0
132,google/compute-engine/cpu,google,compute-engine,cpu,256,lammps,64x64x32,matom_steps_per_second,72.786,0
133,google/compute-engine/cpu,google,compute-engine,cpu,256,lammps,64x64x32,duration,116.29460597038269,0
134,google/compute-engine/cpu,google,compute-engine,cpu,256,lammps,64x64x32,matom_steps_per_second,73.19,0
135,google/compute-engine/cpu,google,compute-engine,cpu,256,lammps,64x64x32,duration,117.44166374206543,0
136,google/compute-engine/cpu,google,compute-engine,cpu,256,lammps,64x64x32,matom_steps_per_second,65.485,0
137,google/compute-engine/cpu,google,compute-engine,cpu,256,lammps,64x64x32,duration,124.36066937446594,0
138,google/compute-engine/gpu,google,compute-engine,gpu,32,lammps,64x32x32,matom_steps_per_second,122.165,256
139,google/compute-engine/gpu,google,compute-engine,gpu,32,lammps,64x32x32,duration,24.30156922340393,256
140,google/compute-engine/gpu,google,compute-engine,gpu,32,lammps,64x64x32,matom_steps_per_second,182.201,256
141,google/compute-engine/gpu,google,compute-engine,gpu,32,lammps,64x64x32,duration,32.24470829963684,256
142,google/compute-engine/gpu,google,compute-engine,gpu,32,lammps,64x32x32,matom_steps_per_second,121.1,256
143,google/compute-engine/gpu,google,compute-engine,gpu,32,lammps,64x32x32,duration,24.475139141082764,256
144,google/compute-engine/gpu,google,compute-engine,gpu,32,lammps,64x64x32,matom_steps_per_second,183.408,256
145,google/compute-engine/gpu,google,compute-engine,gpu,32,lammps,64x64x32,duration,31.11344623565674,256
146,google/compute-engine/gpu,google,compute-engine,gpu,32,lammps,64x32x32,matom_steps_per_second,121.211,256
147,google/compute-engine/gpu,google,compute-engine,gpu,32,lammps,64x32x32,duration,24.034663915634155,256
148,google/compute-engine/gpu,google,compute-engine,gpu,32,lammps,64x64x32,matom_steps_per_second,186.548,256
149,google/compute-engine/gpu,google,compute-engine,gpu,32,lammps,64x64x32,duration,30.693907022476196,256
150,google/compute-engine/gpu,google,compute-engine,gpu,32,lammps,64x32x32,matom_steps_per_second,122.126,256
151,google/compute-engine/gpu,google,compute-engine,gpu,32,lammps,64x32x32,duration,25.033327102661133,256
152,google/compute-engine/gpu,google,compute-engine,gpu,32,lammps,64x64x32,matom_steps_per_second,183.198,256
153,google/compute-engine/gpu,google,compute-engine,gpu,32,lammps,64x64x32,duration,31.76782250404358,256
154,google/compute-engine/gpu,google,compute-engine,gpu,32,lammps,64x32x32,matom_steps_per_second,127.457,256
155,google/compute-engine/gpu,google,compute-engine,gpu,32,lammps,64x32x32,duration,27.068926572799683,256
156,google/compute-engine/gpu,google,compute-engine,gpu,32,lammps,64x64x32,matom_steps_per_second,184.79,256
157,google/compute-engine/gpu,google,compute-engine,gpu,32,lammps,64x64x32,duration,31.53968071937561,256
158,google/compute-engine/gpu,google,compute-engine,gpu,8,lammps,64x32x32,matom_steps_per_second,64.671,64
159,google/compute-engine/gpu,google,compute-engine,gpu,8,lammps,64x32x32,duration,42.15709447860718,64
160,google/compute-engine/gpu,google,compute-engine,gpu,8,lammps,64x64x32,matom_steps_per_second,76.237,64
161,google/compute-engine/gpu,google,compute-engine,gpu,8,lammps,64x64x32,duration,68.62079572677612,64
162,google/compute-engine/gpu,google,compute-engine,gpu,8,lammps,64x32x32,matom_steps_per_second,64.589,64
163,google/compute-engine/gpu,google,compute-engine,gpu,8,lammps,64x32x32,duration,43.037394762039185,64
164,google/compute-engine/gpu,google,compute-engine,gpu,8,lammps,64x32x32,matom_steps_per_second,65.501,64
165,google/compute-engine/gpu,google,compute-engine,gpu,8,lammps,64x32x32,duration,41.72688841819763,64
166,google/compute-engine/gpu,google,compute-engine,gpu,8,lammps,64x64x32,matom_steps_per_second,77.384,64
167,google/compute-engine/gpu,google,compute-engine,gpu,8,lammps,64x64x32,duration,67.40161609649658,64
168,google/compute-engine/gpu,google,compute-engine,gpu,8,lammps,64x32x32,matom_steps_per_second,64.577,64
169,google/compute-engine/gpu,google,compute-engine,gpu,8,lammps,64x32x32,duration,42.159095764160156,64
170,google/compute-engine/gpu,google,compute-engine,gpu,8,lammps,64x64x32,matom_steps_per_second,76.046,64
171,google/compute-engine/gpu,google,compute-engine,gpu,8,lammps,64x64x32,duration,68.43913912773132,64
172,google/compute-engine/gpu,google,compute-engine,gpu,8,lammps,64x64x32,matom_steps_per_second,75.502,64
173,google/compute-engine/gpu,google,compute-engine,gpu,8,lammps,64x64x32,duration,69.2444109916687,64
174,google/compute-engine/gpu,google,compute-engine,gpu,8,lammps,64x32x32,matom_steps_per_second,64.873,64
175,google/compute-engine/gpu,google,compute-engine,gpu,8,lammps,64x32x32,duration,41.934112548828125,64
176,google/compute-engine/gpu,google,compute-engine,gpu,8,lammps,64x64x32,matom_steps_per_second,77.602,64
177,google/compute-engine/gpu,google,compute-engine,gpu,8,lammps,64x64x32,duration,67.22674083709717,64
178,google/compute-engine/gpu,google,compute-engine,gpu,16,lammps,64x64x32,matom_steps_per_second,113.946,128
179,google/compute-engine/gpu,google,compute-engine,gpu,16,lammps,64x64x32,duration,46.82338881492615,128
180,google/compute-engine/gpu,google,compute-engine,gpu,16,lammps,64x32x32,matom_steps_per_second,91.438,128
181,google/compute-engine/gpu,google,compute-engine,gpu,16,lammps,64x32x32,duration,31.411856651306152,128
182,google/compute-engine/gpu,google,compute-engine,gpu,16,lammps,64x32x32,matom_steps_per_second,91.883,128
183,google/compute-engine/gpu,google,compute-engine,gpu,16,lammps,64x32x32,duration,31.21518564224243,128
184,google/compute-engine/gpu,google,compute-engine,gpu,16,lammps,64x64x32,matom_steps_per_second,116.476,128
185,google/compute-engine/gpu,google,compute-engine,gpu,16,lammps,64x64x32,duration,46.064129114151,128
186,google/compute-engine/gpu,google,compute-engine,gpu,16,lammps,64x64x32,matom_steps_per_second,116.16,128
187,google/compute-engine/gpu,google,compute-engine,gpu,16,lammps,64x64x32,duration,46.070778131484985,128
188,google/compute-engine/gpu,google,compute-engine,gpu,16,lammps,64x32x32,matom_steps_per_second,92.306,128
189,google/compute-engine/gpu,google,compute-engine,gpu,16,lammps,64x32x32,duration,31.361023902893066,128
190,google/compute-engine/gpu,google,compute-engine,gpu,16,lammps,64x64x32,matom_steps_per_second,115.929,128
191,google/compute-engine/gpu,google,compute-engine,gpu,16,lammps,64x64x32,duration,46.17066144943237,128
192,google/compute-engine/gpu,google,compute-engine,gpu,16,lammps,64x32x32,matom_steps_per_second,92.986,128
193,google/compute-engine/gpu,google,compute-engine,gpu,16,lammps,64x32x32,duration,30.994781255722046,128
194,google/compute-engine/gpu,google,compute-engine,gpu,16,lammps,64x64x32,matom_steps_per_second,114.735,128
195,google/compute-engine/gpu,google,compute-engine,gpu,16,lammps,64x64x32,duration,46.69950795173645,128
196,google/compute-engine/gpu,google,compute-engine,gpu,16,lammps,64x32x32,matom_steps_per_second,92.755,128
197,google/compute-engine/gpu,google,compute-engine,gpu,16,lammps,64x32x32,duration,31.664676666259766,128
198,google/compute-engine/gpu,google,compute-engine,gpu,4,lammps,64x32x32,matom_steps_per_second,42.55,32
199,google/compute-engine/gpu,google,compute-engine,gpu,4,lammps,64x32x32,duration,56.93675494194031,32
200,google/compute-engine/gpu,google,compute-engine,gpu,4,lammps,64x32x32,matom_steps_per_second,42.618,32
201,google/compute-engine/gpu,google,compute-engine,gpu,4,lammps,64x32x32,duration,56.962323904037476,32
202,google/compute-engine/gpu,google,compute-engine,gpu,4,lammps,64x32x32,matom_steps_per_second,42.436,32
203,google/compute-engine/gpu,google,compute-engine,gpu,4,lammps,64x32x32,duration,57.10684132575989,32
204,google/compute-engine/gpu,google,compute-engine,gpu,4,lammps,64x32x32,matom_steps_per_second,40.777,32
205,google/compute-engine/gpu,google,compute-engine,gpu,4,lammps,64x32x32,duration,59.45130181312561,32
206,google/compute-engine/gpu,google,compute-engine,gpu,4,lammps,64x32x32,matom_steps_per_second,40.382,32
207,google/compute-engine/gpu,google,compute-engine,gpu,4,lammps,64x32x32,duration,64.65276956558228,32
208,on-premises/dane/cpu,on-premises,dane,cpu,64,lammps,64x64x32,matom_steps_per_second,78.684,0
209,on-premises/dane/cpu,on-premises,dane,cpu,64,lammps,64x64x32,duration,52.0,0
210,on-premises/dane/cpu,on-premises,dane,cpu,64,lammps,64x64x32,matom_steps_per_second,76.529,0
211,on-premises/dane/cpu,on-premises,dane,cpu,64,lammps,64x64x32,duration,53.0,0
212,on-premises/dane/cpu,on-premises,dane,cpu,64,lammps,64x64x32,matom_steps_per_second,77.868,0
213,on-premises/dane/cpu,on-premises,dane,cpu,64,lammps,64x64x32,duration,52.0,0
214,on-premises/dane/cpu,on-premises,dane,cpu,64,lammps,64x64x32,matom_steps_per_second,78.527,0
215,on-premises/dane/cpu,on-premises,dane,cpu,64,lammps,64x64x32,duration,52.0,0
216,on-premises/dane/cpu,on-premises,dane,cpu,64,lammps,64x64x32,matom_steps_per_second,76.429,0
217,on-premises/dane/cpu,on-premises,dane,cpu,64,lammps,64x64x32,duration,53.0,0
218,on-premises/dane/cpu,on-premises,dane,cpu,32,lammps,64x64x32,matom_steps_per_second,41.753,0
219,on-premises/dane/cpu,on-premises,dane,cpu,32,lammps,64x64x32,duration,97.0,0
220,on-premises/dane/cpu,on-premises,dane,cpu,32,lammps,64x64x32,matom_steps_per_second,42.525,0
221,on-premises/dane/cpu,on-premises,dane,cpu,32,lammps,64x64x32,duration,96.0,0
222,on-premises/dane/cpu,on-premises,dane,cpu,32,lammps,64x64x32,matom_steps_per_second,41.01,0
223,on-premises/dane/cpu,on-premises,dane,cpu,32,lammps,64x64x32,duration,99.0,0
224,on-premises/dane/cpu,on-premises,dane,cpu,32,lammps,64x64x32,matom_steps_per_second,42.466,0
225,on-premises/dane/cpu,on-premises,dane,cpu,32,lammps,64x64x32,duration,96.0,0
226,on-premises/dane/cpu,on-premises,dane,cpu,32,lammps,64x64x32,matom_steps_per_second,40.859,0
227,on-premises/dane/cpu,on-premises,dane,cpu,32,lammps,64x64x32,duration,100.0,0
228,on-premises/dane/cpu,on-premises,dane,cpu,128,lammps,64x64x32,matom_steps_per_second,130.835,0
229,on-premises/dane/cpu,on-premises,dane,cpu,128,lammps,64x64x32,duration,32.0,0
230,on-premises/dane/cpu,on-premises,dane,cpu,128,lammps,64x64x32,matom_steps_per_second,134.106,0
231,on-premises/dane/cpu,on-premises,dane,cpu,128,lammps,64x64x32,duration,31.0,0
232,on-premises/dane/cpu,on-premises,dane,cpu,128,lammps,64x64x32,matom_steps_per_second,134.342,0
233,on-premises/dane/cpu,on-premises,dane,cpu,128,lammps,64x64x32,duration,32.0,0
234,on-premises/dane/cpu,on-premises,dane,cpu,128,lammps,64x64x32,matom_steps_per_second,135.65,0
235,on-premises/dane/cpu,on-premises,dane,cpu,128,lammps,64x64x32,duration,31.0,0
236,on-premises/dane/cpu,on-premises,dane,cpu,128,lammps,64x64x32,matom_steps_per_second,132.978,0
237,on-premises/dane/cpu,on-premises,dane,cpu,128,lammps,64x64x32,duration,32.0,0
238,on-premises/dane/cpu,on-premises,dane,cpu,256,lammps,64x64x32,matom_steps_per_second,213.383,0
239,on-premises/dane/cpu,on-premises,dane,cpu,256,lammps,64x64x32,duration,21.0,0
240,on-premises/dane/cpu,on-premises,dane,cpu,256,lammps,64x64x32,matom_steps_per_second,218.084,0
241,on-premises/dane/cpu,on-premises,dane,cpu,256,lammps,64x64x32,duration,21.0,0
242,on-premises/dane/cpu,on-premises,dane,cpu,256,lammps,64x64x32,matom_steps_per_second,204.357,0
243,on-premises/dane/cpu,on-premises,dane,cpu,256,lammps,64x64x32,duration,22.0,0
244,on-premises/dane/cpu,on-premises,dane,cpu,256,lammps,64x64x32,matom_steps_per_second,195.344,0
245,on-premises/dane/cpu,on-premises,dane,cpu,256,lammps,64x64x32,duration,22.0,0
246,on-premises/dane/cpu,on-premises,dane,cpu,256,lammps,64x64x32,matom_steps_per_second,209.925,0
247,on-premises/dane/cpu,on-premises,dane,cpu,256,lammps,64x64x32,duration,22.0,0
248,on-premises/lassen/gpu,on-premises,lassen,gpu,64,lammps,64x32x32,matom_steps_per_second,279.256,256
249,on-premises/lassen/gpu,on-premises,lassen,gpu,64,lammps,64x32x32,duration,9.0,256
250,on-premises/lassen/gpu,on-premises,lassen,gpu,64,lammps,64x32x32,matom_steps_per_second,277.777,256
251,on-premises/lassen/gpu,on-premises,lassen,gpu,64,lammps,64x32x32,duration,10.0,256
252,on-premises/lassen/gpu,on-premises,lassen,gpu,64,lammps,64x32x32,matom_steps_per_second,276.391,256
253,on-premises/lassen/gpu,on-premises,lassen,gpu,64,lammps,64x32x32,duration,9.0,256
254,on-premises/lassen/gpu,on-premises,lassen,gpu,64,lammps,64x32x32,matom_steps_per_second,277.895,256
255,on-premises/lassen/gpu,on-premises,lassen,gpu,64,lammps,64x32x32,duration,9.0,256
256,on-premises/lassen/gpu,on-premises,lassen,gpu,64,lammps,64x32x32,matom_steps_per_second,279.315,256
257,on-premises/lassen/gpu,on-premises,lassen,gpu,64,lammps,64x32x32,duration,9.0,256
258,on-premises/lassen/gpu,on-premises,lassen,gpu,32,lammps,64x32x32,matom_steps_per_second,168.699,128
259,on-premises/lassen/gpu,on-premises,lassen,gpu,32,lammps,64x32x32,duration,14.0,128
260,on-premises/lassen/gpu,on-premises,lassen,gpu,32,lammps,64x32x32,matom_steps_per_second,168.912,128
261,on-premises/lassen/gpu,on-premises,lassen,gpu,32,lammps,64x32x32,duration,14.0,128
262,on-premises/lassen/gpu,on-premises,lassen,gpu,32,lammps,64x32x32,matom_steps_per_second,169.861,128
263,on-premises/lassen/gpu,on-premises,lassen,gpu,32,lammps,64x32x32,duration,14.0,128
264,on-premises/lassen/gpu,on-premises,lassen,gpu,32,lammps,64x32x32,matom_steps_per_second,169.811,128
265,on-premises/lassen/gpu,on-premises,lassen,gpu,32,lammps,64x32x32,duration,14.0,128
266,on-premises/lassen/gpu,on-premises,lassen,gpu,32,lammps,64x32x32,matom_steps_per_second,169.86,128
267,on-premises/lassen/gpu,on-premises,lassen,gpu,32,lammps,64x32x32,duration,14.0,128
268,on-premises/lassen/gpu,on-premises,lassen,gpu,8,lammps,64x32x32,matom_steps_per_second,55.189,32
269,on-premises/lassen/gpu,on-premises,lassen,gpu,8,lammps,64x32x32,duration,41.0,32
270,on-premises/lassen/gpu,on-premises,lassen,gpu,8,lammps,64x32x32,matom_steps_per_second,55.46,32
271,on-premises/lassen/gpu,on-premises,lassen,gpu,8,lammps,64x32x32,duration,41.0,32
272,on-premises/lassen/gpu,on-premises,lassen,gpu,8,lammps,64x32x32,matom_steps_per_second,55.319,32
273,on-premises/lassen/gpu,on-premises,lassen,gpu,8,lammps,64x32x32,duration,41.0,32
274,on-premises/lassen/gpu,on-premises,lassen,gpu,8,lammps,64x32x32,matom_steps_per_second,52.07,32
275,on-premises/lassen/gpu,on-premises,lassen,gpu,8,lammps,64x32x32,duration,43.0,32
276,on-premises/lassen/gpu,on-premises,lassen,gpu,8,lammps,64x32x32,matom_steps_per_second,55.31,32
277,on-premises/lassen/gpu,on-premises,lassen,gpu,8,lammps,64x32x32,duration,41.0,32
278,on-premises/lassen/gpu,on-premises,lassen,gpu,8,lammps,64x32x32,matom_steps_per_second,55.377,32
279,on-premises/lassen/gpu,on-premises,lassen,gpu,8,lammps,64x32x32,duration,41.0,32
280,on-premises/lassen/gpu,on-premises,lassen,gpu,16,lammps,64x32x32,matom_steps_per_second,97.346,64
281,on-premises/lassen/gpu,on-premises,lassen,gpu,16,lammps,64x32x32,duration,24.0,64
282,on-premises/lassen/gpu,on-premises,lassen,gpu,16,lammps,64x32x32,matom_steps_per_second,97.157,64
283,on-premises/lassen/gpu,on-premises,lassen,gpu,16,lammps,64x32x32,duration,24.0,64
284,on-premises/lassen/gpu,on-premises,lassen,gpu,16,lammps,64x32x32,matom_steps_per_second,97.532,64
285,on-premises/lassen/gpu,on-premises,lassen,gpu,16,lammps,64x32x32,duration,24.0,64
286,on-premises/lassen/gpu,on-premises,lassen,gpu,16,lammps,64x32x32,matom_steps_per_second,97.078,64
287,on-premises/lassen/gpu,on-premises,lassen,gpu,16,lammps,64x32x32,duration,24.0,64
288,on-premises/lassen/gpu,on-premises,lassen,gpu,16,lammps,64x32x32,matom_steps_per_second,97.071,64
289,on-premises/lassen/gpu,on-premises,lassen,gpu,16,lammps,64x32x32,duration,24.0,64
290,aws/eks/cpu,aws,eks,cpu,64,lammps,64x64x32,matom_steps_per_second,46.755,0
291,aws/eks/cpu,aws,eks,cpu,64,lammps,64x64x32,duration,108.49909949302673,0
292,aws/eks/cpu,aws,eks,cpu,64,lammps,64x64x32,matom_steps_per_second,47.371,0
293,aws/eks/cpu,aws,eks,cpu,64,lammps,64x64x32,duration,107.22755312919617,0
294,aws/eks/cpu,aws,eks,cpu,64,lammps,64x64x32,matom_steps_per_second,46.676,0
295,aws/eks/cpu,aws,eks,cpu,64,lammps,64x64x32,duration,107.40302896499634,0
296,aws/eks/cpu,aws,eks,cpu,64,lammps,64x64x32,matom_steps_per_second,45.926,0
297,aws/eks/cpu,aws,eks,cpu,64,lammps,64x64x32,duration,108.90163087844849,0
298,aws/eks/cpu,aws,eks,cpu,64,lammps,64x64x32,matom_steps_per_second,47.732,0
299,aws/eks/cpu,aws,eks,cpu,64,lammps,64x64x32,duration,105.21268510818481,0
300,aws/eks/cpu,aws,eks,cpu,32,lammps,64x64x32,matom_steps_per_second,28.327,0
301,aws/eks/cpu,aws,eks,cpu,32,lammps,64x64x32,duration,155.97357869148254,0
302,aws/eks/cpu,aws,eks,cpu,32,lammps,64x64x32,matom_steps_per_second,29.272,0
303,aws/eks/cpu,aws,eks,cpu,32,lammps,64x64x32,duration,151.4970738887787,0
304,aws/eks/cpu,aws,eks,cpu,32,lammps,64x64x32,matom_steps_per_second,29.066,0
305,aws/eks/cpu,aws,eks,cpu,32,lammps,64x64x32,duration,152.40614938735962,0
306,aws/eks/cpu,aws,eks,cpu,32,lammps,64x64x32,matom_steps_per_second,28.221,0
307,aws/eks/cpu,aws,eks,cpu,32,lammps,64x64x32,duration,156.69318389892578,0
308,aws/eks/cpu,aws,eks,cpu,32,lammps,64x64x32,matom_steps_per_second,29.27,0
309,aws/eks/cpu,aws,eks,cpu,32,lammps,64x64x32,duration,151.18611335754395,0
310,aws/eks/cpu,aws,eks,cpu,128,lammps,64x64x32,matom_steps_per_second,66.149,0
311,aws/eks/cpu,aws,eks,cpu,128,lammps,64x64x32,duration,108.70875692367554,0
312,aws/eks/cpu,aws,eks,cpu,128,lammps,64x64x32,matom_steps_per_second,67.017,0
313,aws/eks/cpu,aws,eks,cpu,128,lammps,64x64x32,duration,108.31331133842468,0
314,aws/eks/cpu,aws,eks,cpu,128,lammps,64x64x32,matom_steps_per_second,61.831,0
315,aws/eks/cpu,aws,eks,cpu,128,lammps,64x64x32,duration,112.74718427658081,0
316,aws/eks/cpu,aws,eks,cpu,128,lammps,64x64x32,matom_steps_per_second,67.062,0
317,aws/eks/cpu,aws,eks,cpu,128,lammps,64x64x32,duration,108.11770343780518,0
318,aws/eks/cpu,aws,eks,cpu,128,lammps,64x64x32,matom_steps_per_second,63.219,0
319,aws/eks/cpu,aws,eks,cpu,128,lammps,64x64x32,duration,110.00929188728333,0
320,aws/eks/cpu,aws,eks,cpu,256,lammps,64x64x32,matom_steps_per_second,70.464,0
321,aws/eks/cpu,aws,eks,cpu,256,lammps,64x64x32,duration,200.66289567947388,0
322,aws/eks/cpu,aws,eks,cpu,256,lammps,64x64x32,matom_steps_per_second,74.411,0
323,aws/eks/cpu,aws,eks,cpu,256,lammps,64x64x32,duration,198.42198872566223,0
324,aws/eks/cpu,aws,eks,cpu,256,lammps,64x64x32,matom_steps_per_second,71.804,0
325,aws/eks/cpu,aws,eks,cpu,256,lammps,64x64x32,duration,200.13426208496094,0
326,aws/eks/cpu,aws,eks,cpu,256,lammps,64x64x32,matom_steps_per_second,74.063,0
327,aws/eks/cpu,aws,eks,cpu,256,lammps,64x64x32,duration,198.9509401321411,0
328,aws/eks/gpu,aws,eks,gpu,8,lammps,64x32x32,matom_steps_per_second,87.779,64
329,aws/eks/gpu,aws,eks,gpu,8,lammps,64x32x32,duration,29.479251623153687,64
330,aws/eks/gpu,aws,eks,gpu,8,lammps,64x64x32,matom_steps_per_second,97.977,64
331,aws/eks/gpu,aws,eks,gpu,8,lammps,64x64x32,duration,49.25311350822449,64
332,aws/eks/gpu,aws,eks,gpu,8,lammps,64x64x32,matom_steps_per_second,97.948,64
333,aws/eks/gpu,aws,eks,gpu,8,lammps,64x64x32,duration,49.22377252578735,64
334,aws/eks/gpu,aws,eks,gpu,8,lammps,64x32x32,matom_steps_per_second,87.658,64
335,aws/eks/gpu,aws,eks,gpu,8,lammps,64x32x32,duration,29.50461435317993,64
336,aws/eks/gpu,aws,eks,gpu,8,lammps,64x64x32,matom_steps_per_second,97.604,64
337,aws/eks/gpu,aws,eks,gpu,8,lammps,64x64x32,duration,49.404616594314575,64
338,aws/eks/gpu,aws,eks,gpu,8,lammps,64x32x32,matom_steps_per_second,87.631,64
339,aws/eks/gpu,aws,eks,gpu,8,lammps,64x32x32,duration,29.506070852279663,64
340,aws/eks/gpu,aws,eks,gpu,8,lammps,64x64x32,matom_steps_per_second,97.863,64
341,aws/eks/gpu,aws,eks,gpu,8,lammps,64x64x32,duration,49.30733776092529,64
342,aws/eks/gpu,aws,eks,gpu,8,lammps,64x32x32,matom_steps_per_second,87.464,64
343,aws/eks/gpu,aws,eks,gpu,8,lammps,64x32x32,duration,29.4788658618927,64
344,aws/eks/gpu,aws,eks,gpu,8,lammps,64x32x32,matom_steps_per_second,87.737,64
345,aws/eks/gpu,aws,eks,gpu,8,lammps,64x32x32,duration,29.483632802963257,64
346,aws/eks/gpu,aws,eks,gpu,8,lammps,64x64x32,matom_steps_per_second,97.759,64
347,aws/eks/gpu,aws,eks,gpu,8,lammps,64x64x32,duration,49.32995533943176,64
348,aws/eks/gpu,aws,eks,gpu,16,lammps,64x64x32,matom_steps_per_second,159.206,128
349,aws/eks/gpu,aws,eks,gpu,16,lammps,64x64x32,duration,32.4832227230072,128
350,aws/eks/gpu,aws,eks,gpu,16,lammps,64x32x32,matom_steps_per_second,133.635,128
351,aws/eks/gpu,aws,eks,gpu,16,lammps,64x32x32,duration,20.742207765579224,128
352,aws/eks/gpu,aws,eks,gpu,16,lammps,64x32x32,matom_steps_per_second,130.765,128
353,aws/eks/gpu,aws,eks,gpu,16,lammps,64x32x32,duration,21.333361864089966,128
354,aws/eks/gpu,aws,eks,gpu,16,lammps,64x32x32,matom_steps_per_second,133.303,128
355,aws/eks/gpu,aws,eks,gpu,16,lammps,64x32x32,duration,20.805423974990845,128
356,aws/eks/gpu,aws,eks,gpu,16,lammps,64x32x32,matom_steps_per_second,133.492,128
357,aws/eks/gpu,aws,eks,gpu,16,lammps,64x32x32,duration,20.815250635147095,128
358,aws/eks/gpu,aws,eks,gpu,16,lammps,64x64x32,matom_steps_per_second,157.687,128
359,aws/eks/gpu,aws,eks,gpu,16,lammps,64x64x32,duration,32.33093309402466,128
360,aws/eks/gpu,aws,eks,gpu,16,lammps,64x64x32,matom_steps_per_second,160.8,128
361,aws/eks/gpu,aws,eks,gpu,16,lammps,64x64x32,duration,31.988774299621582,128
362,aws/eks/gpu,aws,eks,gpu,16,lammps,64x64x32,matom_steps_per_second,160.803,128
363,aws/eks/gpu,aws,eks,gpu,16,lammps,64x64x32,duration,32.045693159103394,128
364,aws/eks/gpu,aws,eks,gpu,16,lammps,64x64x32,matom_steps_per_second,161.272,128
365,aws/eks/gpu,aws,eks,gpu,16,lammps,64x64x32,duration,31.912853956222534,128
366,aws/eks/gpu,aws,eks,gpu,16,lammps,64x32x32,matom_steps_per_second,133.456,128
367,aws/eks/gpu,aws,eks,gpu,16,lammps,64x32x32,duration,20.793686389923096,128
368,aws/eks/gpu,aws,eks,gpu,4,lammps,64x64x32,matom_steps_per_second,53.606,32
369,aws/eks/gpu,aws,eks,gpu,4,lammps,64x64x32,duration,87.3665120601654,32
370,aws/eks/gpu,aws,eks,gpu,4,lammps,64x64x32,matom_steps_per_second,53.599,32
371,aws/eks/gpu,aws,eks,gpu,4,lammps,64x64x32,duration,87.32244944572449,32
372,aws/eks/gpu,aws,eks,gpu,4,lammps,64x64x32,matom_steps_per_second,53.089,32
373,aws/eks/gpu,aws,eks,gpu,4,lammps,64x64x32,duration,88.93634724617004,32
374,aws/eks/gpu,aws,eks,gpu,4,lammps,64x64x32,matom_steps_per_second,53.311,32
375,aws/eks/gpu,aws,eks,gpu,4,lammps,64x64x32,duration,87.73515009880066,32
376,aws/eks/gpu,aws,eks,gpu,4,lammps,64x32x32,matom_steps_per_second,49.796,32
377,aws/eks/gpu,aws,eks,gpu,4,lammps,64x32x32,duration,48.45541000366211,32
378,aws/eks/gpu,aws,eks,gpu,4,lammps,64x64x32,matom_steps_per_second,53.451,32
379,aws/eks/gpu,aws,eks,gpu,4,lammps,64x64x32,duration,87.55824494361877,32
380,aws/eks/gpu,aws,eks,gpu,4,lammps,64x32x32,matom_steps_per_second,49.195,32
381,aws/eks/gpu,aws,eks,gpu,4,lammps,64x32x32,duration,48.98343801498413,32
382,aws/eks/gpu,aws,eks,gpu,4,lammps,64x32x32,matom_steps_per_second,49.801,32
383,aws/eks/gpu,aws,eks,gpu,4,lammps,64x32x32,duration,48.44377374649048,32
384,aws/eks/gpu,aws,eks,gpu,4,lammps,64x32x32,matom_steps_per_second,49.982,32
385,aws/eks/gpu,aws,eks,gpu,4,lammps,64x32x32,duration,48.29618692398071,32
386,aws/eks/gpu,aws,eks,gpu,4,lammps,64x32x32,matom_steps_per_second,49.828,32
387,aws/eks/gpu,aws,eks,gpu,4,lammps,64x32x32,duration,48.48504972457886,32
388,aws/parallel-cluster/cpu,aws,parallel-cluster,cpu,64,lammps,64x64x32,matom_steps_per_second,55.444,0
389,aws/parallel-cluster/cpu,aws,parallel-cluster,cpu,64,lammps,64x64x32,duration,74.0,0
390,aws/parallel-cluster/cpu,aws,parallel-cluster,cpu,64,lammps,64x64x32,matom_steps_per_second,52.461,0
391,aws/parallel-cluster/cpu,aws,parallel-cluster,cpu,64,lammps,64x64x32,duration,78.0,0
392,aws/parallel-cluster/cpu,aws,parallel-cluster,cpu,64,lammps,64x64x32,matom_steps_per_second,55.854,0
393,aws/parallel-cluster/cpu,aws,parallel-cluster,cpu,64,lammps,64x64x32,duration,73.0,0
394,aws/parallel-cluster/cpu,aws,parallel-cluster,cpu,64,lammps,64x64x32,matom_steps_per_second,55.541,0
395,aws/parallel-cluster/cpu,aws,parallel-cluster,cpu,64,lammps,64x64x32,duration,73.0,0
396,aws/parallel-cluster/cpu,aws,parallel-cluster,cpu,64,lammps,64x64x32,matom_steps_per_second,53.366,0
397,aws/parallel-cluster/cpu,aws,parallel-cluster,cpu,64,lammps,64x64x32,duration,76.0,0
398,aws/parallel-cluster/cpu,aws,parallel-cluster,cpu,32,lammps,64x64x32,matom_steps_per_second,30.933,0
399,aws/parallel-cluster/cpu,aws,parallel-cluster,cpu,32,lammps,64x64x32,duration,133.0,0
400,aws/parallel-cluster/cpu,aws,parallel-cluster,cpu,32,lammps,64x64x32,matom_steps_per_second,30.574,0
401,aws/parallel-cluster/cpu,aws,parallel-cluster,cpu,32,lammps,64x64x32,duration,134.0,0
402,aws/parallel-cluster/cpu,aws,parallel-cluster,cpu,32,lammps,64x64x32,matom_steps_per_second,23.81,0
403,aws/parallel-cluster/cpu,aws,parallel-cluster,cpu,32,lammps,64x64x32,duration,171.0,0
404,aws/parallel-cluster/cpu,aws,parallel-cluster,cpu,32,lammps,64x64x32,matom_steps_per_second,28.968,0
405,aws/parallel-cluster/cpu,aws,parallel-cluster,cpu,32,lammps,64x64x32,duration,141.0,0
406,aws/parallel-cluster/cpu,aws,parallel-cluster,cpu,32,lammps,64x64x32,matom_steps_per_second,30.583,0
407,aws/parallel-cluster/cpu,aws,parallel-cluster,cpu,32,lammps,64x64x32,duration,134.0,0
408,aws/parallel-cluster/cpu,aws,parallel-cluster,cpu,128,lammps,64x64x32,matom_steps_per_second,92.154,0
409,aws/parallel-cluster/cpu,aws,parallel-cluster,cpu,128,lammps,64x64x32,duration,45.0,0
410,aws/parallel-cluster/cpu,aws,parallel-cluster,cpu,128,lammps,64x64x32,matom_steps_per_second,81.03,0
411,aws/parallel-cluster/cpu,aws,parallel-cluster,cpu,128,lammps,64x64x32,duration,50.0,0
412,aws/parallel-cluster/cpu,aws,parallel-cluster,cpu,128,lammps,64x64x32,matom_steps_per_second,90.67,0
413,aws/parallel-cluster/cpu,aws,parallel-cluster,cpu,128,lammps,64x64x32,duration,45.0,0
414,aws/parallel-cluster/cpu,aws,parallel-cluster,cpu,128,lammps,64x64x32,matom_steps_per_second,92.457,0
415,aws/parallel-cluster/cpu,aws,parallel-cluster,cpu,128,lammps,64x64x32,duration,45.0,0
416,aws/parallel-cluster/cpu,aws,parallel-cluster,cpu,128,lammps,64x64x32,matom_steps_per_second,91.188,0
417,aws/parallel-cluster/cpu,aws,parallel-cluster,cpu,128,lammps,64x64x32,duration,45.0,0
418,aws/parallel-cluster/cpu,aws,parallel-cluster,cpu,256,lammps,64x64x32,matom_steps_per_second,148.706,0
419,aws/parallel-cluster/cpu,aws,parallel-cluster,cpu,256,lammps,64x64x32,duration,28.0,0
420,aws/parallel-cluster/cpu,aws,parallel-cluster,cpu,256,lammps,64x64x32,matom_steps_per_second,141.613,0
421,aws/parallel-cluster/cpu,aws,parallel-cluster,cpu,256,lammps,64x64x32,duration,29.0,0
422,aws/parallel-cluster/cpu,aws,parallel-cluster,cpu,256,lammps,64x64x32,matom_steps_per_second,114.84,0
423,aws/parallel-cluster/cpu,aws,parallel-cluster,cpu,256,lammps,64x64x32,duration,36.0,0
424,aws/parallel-cluster/cpu,aws,parallel-cluster,cpu,256,lammps,64x64x32,matom_steps_per_second,120.037,0
425,aws/parallel-cluster/cpu,aws,parallel-cluster,cpu,256,lammps,64x64x32,duration,34.0,0
426,aws/parallel-cluster/cpu,aws,parallel-cluster,cpu,256,lammps,64x64x32,matom_steps_per_second,133.726,0
427,aws/parallel-cluster/cpu,aws,parallel-cluster,cpu,256,lammps,64x64x32,duration,31.0,0
428,azure/cyclecloud/cpu,azure,cyclecloud,cpu,64,lammps,64x64x32,matom_steps_per_second,24.561,0
429,azure/cyclecloud/cpu,azure,cyclecloud,cpu,64,lammps,64x64x32,duration,166.0,0
430,azure/cyclecloud/cpu,azure,cyclecloud,cpu,64,lammps,64x64x32,matom_steps_per_second,25.961,0
431,azure/cyclecloud/cpu,azure,cyclecloud,cpu,64,lammps,64x64x32,duration,168.0,0
432,azure/cyclecloud/cpu,azure,cyclecloud,cpu,64,lammps,64x64x32,matom_steps_per_second,20.992,0
433,azure/cyclecloud/cpu,azure,cyclecloud,cpu,64,lammps,64x64x32,duration,193.0,0
434,azure/cyclecloud/cpu,azure,cyclecloud,cpu,64,lammps,64x64x32,matom_steps_per_second,22.346,0
435,azure/cyclecloud/cpu,azure,cyclecloud,cpu,64,lammps,64x64x32,duration,181.0,0
436,azure/cyclecloud/cpu,azure,cyclecloud,cpu,64,lammps,64x64x32,matom_steps_per_second,23.046,0
437,azure/cyclecloud/cpu,azure,cyclecloud,cpu,64,lammps,64x64x32,duration,176.0,0
438,azure/cyclecloud/cpu,azure,cyclecloud,cpu,32,lammps,64x64x32,matom_steps_per_second,25.33,0
439,azure/cyclecloud/cpu,azure,cyclecloud,cpu,32,lammps,64x64x32,duration,161.0,0
440,azure/cyclecloud/cpu,azure,cyclecloud,cpu,32,lammps,64x64x32,matom_steps_per_second,17.251,0
441,azure/cyclecloud/cpu,azure,cyclecloud,cpu,32,lammps,64x64x32,duration,235.0,0
442,azure/cyclecloud/cpu,azure,cyclecloud,cpu,32,lammps,64x64x32,matom_steps_per_second,15.77,0
443,azure/cyclecloud/cpu,azure,cyclecloud,cpu,32,lammps,64x64x32,duration,257.0,0
444,azure/cyclecloud/cpu,azure,cyclecloud,cpu,32,lammps,64x64x32,matom_steps_per_second,20.795,0
445,azure/cyclecloud/cpu,azure,cyclecloud,cpu,32,lammps,64x64x32,duration,195.0,0
446,azure/cyclecloud/cpu,azure,cyclecloud,cpu,32,lammps,64x64x32,matom_steps_per_second,21.092,0
447,azure/cyclecloud/cpu,azure,cyclecloud,cpu,32,lammps,64x64x32,duration,193.0,0
448,azure/cyclecloud/cpu,azure,cyclecloud,cpu,128,lammps,64x64x32,matom_steps_per_second,46.647,0
449,azure/cyclecloud/cpu,azure,cyclecloud,cpu,128,lammps,64x64x32,duration,88.0,0
450,azure/cyclecloud/cpu,azure,cyclecloud,cpu,128,lammps,64x64x32,matom_steps_per_second,58.969,0
451,azure/cyclecloud/cpu,azure,cyclecloud,cpu,128,lammps,64x64x32,duration,70.0,0
452,azure/cyclecloud/cpu,azure,cyclecloud,cpu,128,lammps,64x64x32,matom_steps_per_second,62.626,0
453,azure/cyclecloud/cpu,azure,cyclecloud,cpu,128,lammps,64x64x32,duration,66.0,0
454,azure/cyclecloud/cpu,azure,cyclecloud,cpu,128,lammps,64x64x32,matom_steps_per_second,70.893,0
455,azure/cyclecloud/cpu,azure,cyclecloud,cpu,128,lammps,64x64x32,duration,58.0,0
456,azure/cyclecloud/cpu,azure,cyclecloud,cpu,128,lammps,64x64x32,matom_steps_per_second,62.448,0
457,azure/cyclecloud/cpu,azure,cyclecloud,cpu,128,lammps,64x64x32,duration,66.0,0
458,azure/cyclecloud/cpu,azure,cyclecloud,cpu,128,lammps,64x64x32,matom_steps_per_second,54.908,0
459,azure/cyclecloud/cpu,azure,cyclecloud,cpu,128,lammps,64x64x32,duration,75.0,0
460,azure/cyclecloud/cpu,azure,cyclecloud,cpu,256,lammps,64x64x32,matom_steps_per_second,34.94,0
461,azure/cyclecloud/cpu,azure,cyclecloud,cpu,256,lammps,64x64x32,duration,117.0,0
462,azure/cyclecloud/cpu,azure,cyclecloud,cpu,256,lammps,64x64x32,matom_steps_per_second,113.694,0
463,azure/cyclecloud/cpu,azure,cyclecloud,cpu,256,lammps,64x64x32,duration,37.0,0
464,azure/cyclecloud/cpu,azure,cyclecloud,cpu,256,lammps,64x64x32,matom_steps_per_second,114.137,0
465,azure/cyclecloud/cpu,azure,cyclecloud,cpu,256,lammps,64x64x32,duration,37.0,0
466,azure/cyclecloud/cpu,azure,cyclecloud,cpu,256,lammps,64x64x32,matom_steps_per_second,43.534,0
467,azure/cyclecloud/cpu,azure,cyclecloud,cpu,256,lammps,64x64x32,duration,95.0,0
468,azure/cyclecloud/cpu,azure,cyclecloud,cpu,256,lammps,64x64x32,matom_steps_per_second,36.145,0
469,azure/cyclecloud/cpu,azure,cyclecloud,cpu,256,lammps,64x64x32,duration,113.0,0
470,azure/cyclecloud/cpu,azure,cyclecloud,cpu,256,lammps,64x64x32,matom_steps_per_second,111.34,0
471,azure/cyclecloud/cpu,azure,cyclecloud,cpu,256,lammps,64x64x32,duration,38.0,0
472,azure/cyclecloud/cpu,azure,cyclecloud,cpu,256,lammps,64x64x32,matom_steps_per_second,49.318,0
473,azure/cyclecloud/cpu,azure,cyclecloud,cpu,256,lammps,64x64x32,duration,84.0,0
474,azure/cyclecloud/cpu,azure,cyclecloud,cpu,256,lammps,64x64x32,matom_steps_per_second,44.622,0
475,azure/cyclecloud/cpu,azure,cyclecloud,cpu,256,lammps,64x64x32,duration,92.0,0
476,azure/cyclecloud/cpu,azure,cyclecloud,cpu,256,lammps,64x64x32,matom_steps_per_second,112.548,0
477,azure/cyclecloud/cpu,azure,cyclecloud,cpu,256,lammps,64x64x32,duration,37.0,0
478,azure/cyclecloud/cpu,azure,cyclecloud,cpu,256,lammps,64x64x32,matom_steps_per_second,39.254,0
479,azure/cyclecloud/cpu,azure,cyclecloud,cpu,256,lammps,64x64x32,duration,104.0,0
480,azure/cyclecloud/cpu,azure,cyclecloud,cpu,256,lammps,64x64x32,matom_steps_per_second,90.798,0
481,azure/cyclecloud/cpu,azure,cyclecloud,cpu,256,lammps,64x64x32,duration,46.0,0
482,azure/cyclecloud/gpu,azure,cyclecloud,gpu,32,lammps,64x64x32,matom_steps_per_second,284.255,256
483,azure/cyclecloud/gpu,azure,cyclecloud,gpu,32,lammps,64x64x32,duration,17.0,256
484,azure/cyclecloud/gpu,azure,cyclecloud,gpu,32,lammps,64x32x32,matom_steps_per_second,220.217,256
485,azure/cyclecloud/gpu,azure,cyclecloud,gpu,32,lammps,64x32x32,duration,11.0,256
486,azure/cyclecloud/gpu,azure,cyclecloud,gpu,32,lammps,64x64x32,matom_steps_per_second,285.057,256
487,azure/cyclecloud/gpu,azure,cyclecloud,gpu,32,lammps,64x64x32,duration,17.0,256
488,azure/cyclecloud/gpu,azure,cyclecloud,gpu,32,lammps,64x32x32,matom_steps_per_second,227.084,256
489,azure/cyclecloud/gpu,azure,cyclecloud,gpu,32,lammps,64x32x32,duration,11.0,256
490,azure/cyclecloud/gpu,azure,cyclecloud,gpu,32,lammps,64x64x32,matom_steps_per_second,287.987,256
491,azure/cyclecloud/gpu,azure,cyclecloud,gpu,32,lammps,64x64x32,duration,17.0,256
492,azure/cyclecloud/gpu,azure,cyclecloud,gpu,32,lammps,64x32x32,matom_steps_per_second,220.834,256
493,azure/cyclecloud/gpu,azure,cyclecloud,gpu,32,lammps,64x32x32,duration,11.0,256
494,azure/cyclecloud/gpu,azure,cyclecloud,gpu,32,lammps,64x64x32,matom_steps_per_second,285.843,256
495,azure/cyclecloud/gpu,azure,cyclecloud,gpu,32,lammps,64x64x32,duration,17.0,256
496,azure/cyclecloud/gpu,azure,cyclecloud,gpu,32,lammps,64x32x32,matom_steps_per_second,227.156,256
497,azure/cyclecloud/gpu,azure,cyclecloud,gpu,32,lammps,64x32x32,duration,11.0,256
498,azure/cyclecloud/gpu,azure,cyclecloud,gpu,32,lammps,64x64x32,matom_steps_per_second,284.823,256
499,azure/cyclecloud/gpu,azure,cyclecloud,gpu,32,lammps,64x64x32,duration,17.0,256
500,azure/cyclecloud/gpu,azure,cyclecloud,gpu,32,lammps,64x32x32,matom_steps_per_second,227.149,256
501,azure/cyclecloud/gpu,azure,cyclecloud,gpu,32,lammps,64x32x32,duration,11.0,256
502,azure/cyclecloud/gpu,azure,cyclecloud,gpu,8,lammps,64x64x32,matom_steps_per_second,104.429,64
503,azure/cyclecloud/gpu,azure,cyclecloud,gpu,8,lammps,64x64x32,duration,44.0,64
504,azure/cyclecloud/gpu,azure,cyclecloud,gpu,8,lammps,64x32x32,matom_steps_per_second,94.015,64
505,azure/cyclecloud/gpu,azure,cyclecloud,gpu,8,lammps,64x32x32,duration,25.0,64
506,azure/cyclecloud/gpu,azure,cyclecloud,gpu,8,lammps,64x64x32,matom_steps_per_second,103.114,64
507,azure/cyclecloud/gpu,azure,cyclecloud,gpu,8,lammps,64x64x32,duration,44.0,64
508,azure/cyclecloud/gpu,azure,cyclecloud,gpu,8,lammps,64x32x32,matom_steps_per_second,92.92,64
509,azure/cyclecloud/gpu,azure,cyclecloud,gpu,8,lammps,64x32x32,duration,25.0,64
510,azure/cyclecloud/gpu,azure,cyclecloud,gpu,8,lammps,64x64x32,matom_steps_per_second,104.023,64
511,azure/cyclecloud/gpu,azure,cyclecloud,gpu,8,lammps,64x64x32,duration,44.0,64
512,azure/cyclecloud/gpu,azure,cyclecloud,gpu,8,lammps,64x32x32,matom_steps_per_second,93.982,64
513,azure/cyclecloud/gpu,azure,cyclecloud,gpu,8,lammps,64x32x32,duration,25.0,64
514,azure/cyclecloud/gpu,azure,cyclecloud,gpu,8,lammps,64x64x32,matom_steps_per_second,104.616,64
515,azure/cyclecloud/gpu,azure,cyclecloud,gpu,8,lammps,64x64x32,duration,44.0,64
516,azure/cyclecloud/gpu,azure,cyclecloud,gpu,8,lammps,64x32x32,matom_steps_per_second,94.106,64
517,azure/cyclecloud/gpu,azure,cyclecloud,gpu,8,lammps,64x32x32,duration,25.0,64
518,azure/cyclecloud/gpu,azure,cyclecloud,gpu,8,lammps,64x64x32,matom_steps_per_second,67.787,64
519,azure/cyclecloud/gpu,azure,cyclecloud,gpu,8,lammps,64x64x32,duration,66.0,64
520,azure/cyclecloud/gpu,azure,cyclecloud,gpu,8,lammps,64x32x32,matom_steps_per_second,61.23,64
521,azure/cyclecloud/gpu,azure,cyclecloud,gpu,8,lammps,64x32x32,duration,38.0,64
522,azure/cyclecloud/gpu,azure,cyclecloud,gpu,16,lammps,64x64x32,matom_steps_per_second,154.451,128
523,azure/cyclecloud/gpu,azure,cyclecloud,gpu,16,lammps,64x64x32,duration,30.0,128
524,azure/cyclecloud/gpu,azure,cyclecloud,gpu,16,lammps,64x32x32,matom_steps_per_second,136.055,128
525,azure/cyclecloud/gpu,azure,cyclecloud,gpu,16,lammps,64x32x32,duration,17.0,128
526,azure/cyclecloud/gpu,azure,cyclecloud,gpu,16,lammps,64x64x32,matom_steps_per_second,154.499,128
527,azure/cyclecloud/gpu,azure,cyclecloud,gpu,16,lammps,64x64x32,duration,30.0,128
528,azure/cyclecloud/gpu,azure,cyclecloud,gpu,16,lammps,64x32x32,matom_steps_per_second,136.193,128
529,azure/cyclecloud/gpu,azure,cyclecloud,gpu,16,lammps,64x32x32,duration,17.0,128
530,azure/cyclecloud/gpu,azure,cyclecloud,gpu,16,lammps,64x64x32,matom_steps_per_second,154.558,128
531,azure/cyclecloud/gpu,azure,cyclecloud,gpu,16,lammps,64x64x32,duration,30.0,128
532,azure/cyclecloud/gpu,azure,cyclecloud,gpu,16,lammps,64x32x32,matom_steps_per_second,135.584,128
533,azure/cyclecloud/gpu,azure,cyclecloud,gpu,16,lammps,64x32x32,duration,18.0,128
534,azure/cyclecloud/gpu,azure,cyclecloud,gpu,16,lammps,64x64x32,matom_steps_per_second,154.509,128
535,azure/cyclecloud/gpu,azure,cyclecloud,gpu,16,lammps,64x64x32,duration,30.0,128
536,azure/cyclecloud/gpu,azure,cyclecloud,gpu,16,lammps,64x32x32,matom_steps_per_second,135.096,128
537,azure/cyclecloud/gpu,azure,cyclecloud,gpu,16,lammps,64x32x32,duration,18.0,128
538,azure/cyclecloud/gpu,azure,cyclecloud,gpu,16,lammps,64x64x32,matom_steps_per_second,165.362,128
539,azure/cyclecloud/gpu,azure,cyclecloud,gpu,16,lammps,64x64x32,duration,28.0,128
540,azure/cyclecloud/gpu,azure,cyclecloud,gpu,16,lammps,64x32x32,matom_steps_per_second,143.535,128
541,azure/cyclecloud/gpu,azure,cyclecloud,gpu,16,lammps,64x32x32,duration,17.0,128
542,azure/cyclecloud/gpu,azure,cyclecloud,gpu,4,lammps,64x64x32,matom_steps_per_second,55.624,32
543,azure/cyclecloud/gpu,azure,cyclecloud,gpu,4,lammps,64x64x32,duration,80.0,32
544,azure/cyclecloud/gpu,azure,cyclecloud,gpu,4,lammps,64x32x32,matom_steps_per_second,52.812,32
545,azure/cyclecloud/gpu,azure,cyclecloud,gpu,4,lammps,64x32x32,duration,43.0,32
546,azure/cyclecloud/gpu,azure,cyclecloud,gpu,4,lammps,64x64x32,matom_steps_per_second,55.724,32
547,azure/cyclecloud/gpu,azure,cyclecloud,gpu,4,lammps,64x64x32,duration,80.0,32
548,azure/cyclecloud/gpu,azure,cyclecloud,gpu,4,lammps,64x32x32,matom_steps_per_second,52.667,32
549,azure/cyclecloud/gpu,azure,cyclecloud,gpu,4,lammps,64x32x32,duration,43.0,32
550,azure/cyclecloud/gpu,azure,cyclecloud,gpu,4,lammps,64x64x32,matom_steps_per_second,55.906,32
551,azure/cyclecloud/gpu,azure,cyclecloud,gpu,4,lammps,64x64x32,duration,80.0,32
552,azure/cyclecloud/gpu,azure,cyclecloud,gpu,4,lammps,64x32x32,matom_steps_per_second,52.747,32
553,azure/cyclecloud/gpu,azure,cyclecloud,gpu,4,lammps,64x32x32,duration,43.0,32
554,azure/cyclecloud/gpu,azure,cyclecloud,gpu,4,lammps,64x64x32,matom_steps_per_second,55.742,32
555,azure/cyclecloud/gpu,azure,cyclecloud,gpu,4,lammps,64x64x32,duration,80.0,32
556,azure/cyclecloud/gpu,azure,cyclecloud,gpu,4,lammps,64x32x32,matom_steps_per_second,52.66,32
557,azure/cyclecloud/gpu,azure,cyclecloud,gpu,4,lammps,64x32x32,duration,43.0,32
558,azure/cyclecloud/gpu,azure,cyclecloud,gpu,4,lammps,64x64x32,matom_steps_per_second,55.822,32
559,azure/cyclecloud/gpu,azure,cyclecloud,gpu,4,lammps,64x64x32,duration,80.0,32
560,azure/cyclecloud/gpu,azure,cyclecloud,gpu,4,lammps,64x32x32,matom_steps_per_second,52.562,32
561,azure/cyclecloud/gpu,azure,cyclecloud,gpu,4,lammps,64x32x32,duration,43.0,32
562,azure/aks/cpu,azure,aks,cpu,32,lammps,64x64x32,matom_steps_per_second,22.561,0
563,azure/aks/cpu,azure,aks,cpu,32,lammps,64x64x32,duration,229.6722056865692,0
564,azure/aks/cpu,azure,aks,cpu,32,lammps,64x64x32,matom_steps_per_second,22.334,0
565,azure/aks/cpu,azure,aks,cpu,32,lammps,64x64x32,duration,231.48991441726685,0
566,azure/aks/cpu,azure,aks,cpu,32,lammps,64x64x32,matom_steps_per_second,19.902,0
567,azure/aks/cpu,azure,aks,cpu,32,lammps,64x64x32,duration,254.3577525615692,0
568,azure/aks/cpu,azure,aks,cpu,32,lammps,64x64x32,matom_steps_per_second,22.202,0
569,azure/aks/cpu,azure,aks,cpu,32,lammps,64x64x32,duration,233.25765252113342,0
570,azure/aks/cpu,azure,aks,cpu,32,lammps,64x64x32,matom_steps_per_second,22.497,0
571,azure/aks/cpu,azure,aks,cpu,32,lammps,64x64x32,duration,230.63749933242798,0
572,azure/aks/cpu,azure,aks,cpu,128,lammps,64x64x32,matom_steps_per_second,37.134,0
573,azure/aks/cpu,azure,aks,cpu,128,lammps,64x64x32,duration,300.1546766757965,0
574,azure/aks/cpu,azure,aks,cpu,128,lammps,64x64x32,matom_steps_per_second,38.641,0
575,azure/aks/cpu,azure,aks,cpu,128,lammps,64x64x32,duration,296.03473472595215,0
576,azure/aks/cpu,azure,aks,cpu,128,lammps,64x64x32,matom_steps_per_second,38.682,0
577,azure/aks/cpu,azure,aks,cpu,128,lammps,64x64x32,duration,295.7065463066101,0
578,azure/aks/cpu,azure,aks,cpu,256,lammps,64x64x32,matom_steps_per_second,40.141,0
579,azure/aks/cpu,azure,aks,cpu,256,lammps,64x64x32,duration,528.5570678710938,0
580,azure/aks/cpu,azure,aks,cpu,64,lammps,64x64x32,matom_steps_per_second,31.921,0
581,azure/aks/cpu,azure,aks,cpu,64,lammps,64x64x32,duration,220.87447476387024,0
582,azure/aks/cpu,azure,aks,cpu,64,lammps,64x64x32,matom_steps_per_second,32.347,0
583,azure/aks/cpu,azure,aks,cpu,64,lammps,64x64x32,duration,218.0289661884308,0
584,azure/aks/cpu,azure,aks,cpu,64,lammps,64x64x32,matom_steps_per_second,29.622,0
585,azure/aks/cpu,azure,aks,cpu,64,lammps,64x64x32,duration,229.97016668319702,0
586,azure/aks/cpu,azure,aks,cpu,64,lammps,64x64x32,matom_steps_per_second,31.842,0
587,azure/aks/cpu,azure,aks,cpu,64,lammps,64x64x32,duration,221.00285410881042,0
588,azure/aks/cpu,azure,aks,cpu,64,lammps,64x64x32,matom_steps_per_second,32.119,0
589,azure/aks/cpu,azure,aks,cpu,64,lammps,64x64x32,duration,219.15290117263794,0
590,azure/aks/gpu,azure,aks,gpu,32,lammps,64x64x32,matom_steps_per_second,235.511,256
591,azure/aks/gpu,azure,aks,gpu,32,lammps,64x64x32,duration,22.332262992858887,256
592,azure/aks/gpu,azure,aks,gpu,32,lammps,64x32x32,matom_steps_per_second,195.128,256
593,azure/aks/gpu,azure,aks,gpu,32,lammps,64x32x32,duration,14.935471773147583,256
594,azure/aks/gpu,azure,aks,gpu,32,lammps,64x32x32,matom_steps_per_second,195.681,256
595,azure/aks/gpu,azure,aks,gpu,32,lammps,64x32x32,duration,14.714810848236084,256
596,azure/aks/gpu,azure,aks,gpu,32,lammps,64x64x32,matom_steps_per_second,234.585,256
597,azure/aks/gpu,azure,aks,gpu,32,lammps,64x64x32,duration,22.443052530288696,256
598,azure/aks/gpu,azure,aks,gpu,32,lammps,64x64x32,matom_steps_per_second,237.655,256
599,azure/aks/gpu,azure,aks,gpu,32,lammps,64x64x32,duration,22.236868619918823,256
600,azure/aks/gpu,azure,aks,gpu,32,lammps,64x64x32,matom_steps_per_second,236.758,256
601,azure/aks/gpu,azure,aks,gpu,32,lammps,64x64x32,duration,22.356935024261475,256
602,azure/aks/gpu,azure,aks,gpu,32,lammps,64x64x32,matom_steps_per_second,237.726,256
603,azure/aks/gpu,azure,aks,gpu,32,lammps,64x64x32,duration,22.301544189453125,256
604,azure/aks/gpu,azure,aks,gpu,32,lammps,64x32x32,matom_steps_per_second,195.176,256
605,azure/aks/gpu,azure,aks,gpu,32,lammps,64x32x32,duration,14.860580444335938,256
606,azure/aks/gpu,azure,aks,gpu,32,lammps,64x32x32,matom_steps_per_second,193.672,256
607,azure/aks/gpu,azure,aks,gpu,32,lammps,64x32x32,duration,14.782117366790771,256
608,azure/aks/gpu,azure,aks,gpu,32,lammps,64x32x32,matom_steps_per_second,194.886,256
609,azure/aks/gpu,azure,aks,gpu,32,lammps,64x32x32,duration,14.763707637786865,256
610,azure/aks/gpu,azure,aks,gpu,8,lammps,64x64x32,matom_steps_per_second,93.548,64
611,azure/aks/gpu,azure,aks,gpu,8,lammps,64x64x32,duration,50.13534879684448,64
612,azure/aks/gpu,azure,aks,gpu,8,lammps,64x32x32,matom_steps_per_second,82.064,64
613,azure/aks/gpu,azure,aks,gpu,8,lammps,64x32x32,duration,30.27009606361389,64
614,azure/aks/gpu,azure,aks,gpu,8,lammps,64x32x32,matom_steps_per_second,82.463,64
615,azure/aks/gpu,azure,aks,gpu,8,lammps,64x32x32,duration,30.12030601501465,64
616,azure/aks/gpu,azure,aks,gpu,8,lammps,64x64x32,matom_steps_per_second,92.936,64
617,azure/aks/gpu,azure,aks,gpu,8,lammps,64x64x32,duration,50.42992687225342,64
618,azure/aks/gpu,azure,aks,gpu,8,lammps,64x64x32,matom_steps_per_second,93.483,64
619,azure/aks/gpu,azure,aks,gpu,8,lammps,64x64x32,duration,50.15178680419922,64
620,azure/aks/gpu,azure,aks,gpu,8,lammps,64x32x32,matom_steps_per_second,82.694,64
621,azure/aks/gpu,azure,aks,gpu,8,lammps,64x32x32,duration,30.039986848831177,64
622,azure/aks/gpu,azure,aks,gpu,8,lammps,64x64x32,matom_steps_per_second,93.035,64
623,azure/aks/gpu,azure,aks,gpu,8,lammps,64x64x32,duration,50.593446254730225,64
624,azure/aks/gpu,azure,aks,gpu,8,lammps,64x32x32,matom_steps_per_second,82.105,64
625,azure/aks/gpu,azure,aks,gpu,8,lammps,64x32x32,duration,30.212775468826294,64
626,azure/aks/gpu,azure,aks,gpu,8,lammps,64x64x32,matom_steps_per_second,93.297,64
627,azure/aks/gpu,azure,aks,gpu,8,lammps,64x64x32,duration,50.27379775047302,64
628,azure/aks/gpu,azure,aks,gpu,8,lammps,64x32x32,matom_steps_per_second,82.329,64
629,azure/aks/gpu,azure,aks,gpu,8,lammps,64x32x32,duration,30.15764832496643,64
630,azure/aks/gpu,azure,aks,gpu,16,lammps,64x32x32,matom_steps_per_second,139.829,128
631,azure/aks/gpu,azure,aks,gpu,16,lammps,64x32x32,duration,19.089275360107422,128
632,azure/aks/gpu,azure,aks,gpu,16,lammps,64x64x32,matom_steps_per_second,161.155,128
633,azure/aks/gpu,azure,aks,gpu,16,lammps,64x64x32,duration,30.938098192214966,128
634,azure/aks/gpu,azure,aks,gpu,16,lammps,64x64x32,matom_steps_per_second,162.378,128
635,azure/aks/gpu,azure,aks,gpu,16,lammps,64x64x32,duration,30.74173927307129,128
636,azure/aks/gpu,azure,aks,gpu,16,lammps,64x64x32,matom_steps_per_second,163.007,128
637,azure/aks/gpu,azure,aks,gpu,16,lammps,64x64x32,duration,30.644188165664673,128
638,azure/aks/gpu,azure,aks,gpu,16,lammps,64x64x32,matom_steps_per_second,163.484,128
639,azure/aks/gpu,azure,aks,gpu,16,lammps,64x64x32,duration,30.602083206176758,128
640,azure/aks/gpu,azure,aks,gpu,16,lammps,64x32x32,matom_steps_per_second,138.662,128
641,azure/aks/gpu,azure,aks,gpu,16,lammps,64x32x32,duration,19.301159620285034,128
642,azure/aks/gpu,azure,aks,gpu,16,lammps,64x32x32,matom_steps_per_second,138.59,128
643,azure/aks/gpu,azure,aks,gpu,16,lammps,64x32x32,duration,19.2597918510437,128
644,azure/aks/gpu,azure,aks,gpu,16,lammps,64x32x32,matom_steps_per_second,138.348,128
645,azure/aks/gpu,azure,aks,gpu,16,lammps,64x32x32,duration,19.462868213653564,128
646,azure/aks/gpu,azure,aks,gpu,16,lammps,64x64x32,matom_steps_per_second,160.783,128
647,azure/aks/gpu,azure,aks,gpu,16,lammps,64x64x32,duration,30.995325326919556,128
648,azure/aks/gpu,azure,aks,gpu,16,lammps,64x32x32,matom_steps_per_second,137.829,128
649,azure/aks/gpu,azure,aks,gpu,16,lammps,64x32x32,duration,19.355515956878662,128
650,azure/aks/gpu,azure,aks,gpu,4,lammps,64x32x32,matom_steps_per_second,45.96,32
651,azure/aks/gpu,azure,aks,gpu,4,lammps,64x32x32,duration,51.391193866729736,32
652,azure/aks/gpu,azure,aks,gpu,4,lammps,64x32x32,matom_steps_per_second,46.07,32
653,azure/aks/gpu,azure,aks,gpu,4,lammps,64x32x32,duration,51.339869260787964,32
654,azure/aks/gpu,azure,aks,gpu,4,lammps,64x32x32,matom_steps_per_second,46.245,32
655,azure/aks/gpu,azure,aks,gpu,4,lammps,64x32x32,duration,51.20706820487976,32
656,azure/aks/gpu,azure,aks,gpu,4,lammps,64x64x32,matom_steps_per_second,50.809,32
657,azure/aks/gpu,azure,aks,gpu,4,lammps,64x64x32,duration,90.06597137451172,32
658,azure/aks/gpu,azure,aks,gpu,4,lammps,64x64x32,matom_steps_per_second,50.782,32
659,azure/aks/gpu,azure,aks,gpu,4,lammps,64x64x32,duration,90.10096096992493,32
660,azure/aks/gpu,azure,aks,gpu,4,lammps,64x64x32,matom_steps_per_second,50.795,32
661,azure/aks/gpu,azure,aks,gpu,4,lammps,64x64x32,duration,90.12733268737793,32
662,azure/aks/gpu,azure,aks,gpu,4,lammps,64x32x32,matom_steps_per_second,46.106,32
663,azure/aks/gpu,azure,aks,gpu,4,lammps,64x32x32,duration,51.34451699256897,32
664,azure/aks/gpu,azure,aks,gpu,4,lammps,64x64x32,matom_steps_per_second,50.878,32
665,azure/aks/gpu,azure,aks,gpu,4,lammps,64x64x32,duration,89.90351438522339,32
666,azure/aks/gpu,azure,aks,gpu,4,lammps,64x32x32,matom_steps_per_second,45.964,32
667,azure/aks/gpu,azure,aks,gpu,4,lammps,64x32x32,duration,51.49231958389282,32
668,azure/aks/gpu,azure,aks,gpu,4,lammps,64x64x32,matom_steps_per_second,50.818,32
669,azure/aks/gpu,azure,aks,gpu,4,lammps,64x64x32,duration,90.07013320922852,32
