,size,latency_us,experiment,cloud,env,env_type,nodes
0,0.0,27.13,google/gke/gpu/osu_latency,google,gke,gpu,4
1,1.0,26.37,google/gke/gpu/osu_latency,google,gke,gpu,4
2,2.0,26.47,google/gke/gpu/osu_latency,google,gke,gpu,4
3,4.0,26.27,google/gke/gpu/osu_latency,google,gke,gpu,4
4,8.0,26.09,google/gke/gpu/osu_latency,google,gke,gpu,4
5,16.0,26.35,google/gke/gpu/osu_latency,google,gke,gpu,4
6,32.0,26.17,google/gke/gpu/osu_latency,google,gke,gpu,4
7,64.0,27.8,google/gke/gpu/osu_latency,google,gke,gpu,4
8,128.0,28.59,google/gke/gpu/osu_latency,google,gke,gpu,4
9,256.0,29.76,google/gke/gpu/osu_latency,google,gke,gpu,4
10,512.0,29.99,google/gke/gpu/osu_latency,google,gke,gpu,4
11,1024.0,30.35,google/gke/gpu/osu_latency,google,gke,gpu,4
12,2048.0,32.12,google/gke/gpu/osu_latency,google,gke,gpu,4
13,4096.0,34.6,google/gke/gpu/osu_latency,google,gke,gpu,4
14,8192.0,40.48,google/gke/gpu/osu_latency,google,gke,gpu,4
15,16384.0,45.03,google/gke/gpu/osu_latency,google,gke,gpu,4
16,32768.0,61.4,google/gke/gpu/osu_latency,google,gke,gpu,4
17,65536.0,141.27,google/gke/gpu/osu_latency,google,gke,gpu,4
18,131072.0,162.16,google/gke/gpu/osu_latency,google,gke,gpu,4
19,262144.0,212.69,google/gke/gpu/osu_latency,google,gke,gpu,4
20,524288.0,286.83,google/gke/gpu/osu_latency,google,gke,gpu,4
21,1048576.0,435.51,google/gke/gpu/osu_latency,google,gke,gpu,4
22,2097152.0,742.43,google/gke/gpu/osu_latency,google,gke,gpu,4
23,4194304.0,1367.51,google/gke/gpu/osu_latency,google,gke,gpu,4
24,0.0,26.96,google/gke/gpu/osu_latency,google,gke,gpu,4
25,1.0,26.49,google/gke/gpu/osu_latency,google,gke,gpu,4
26,2.0,26.31,google/gke/gpu/osu_latency,google,gke,gpu,4
27,4.0,26.65,google/gke/gpu/osu_latency,google,gke,gpu,4
28,8.0,26.43,google/gke/gpu/osu_latency,google,gke,gpu,4
29,16.0,26.75,google/gke/gpu/osu_latency,google,gke,gpu,4
30,32.0,26.55,google/gke/gpu/osu_latency,google,gke,gpu,4
31,64.0,28.37,google/gke/gpu/osu_latency,google,gke,gpu,4
32,128.0,28.52,google/gke/gpu/osu_latency,google,gke,gpu,4
33,256.0,29.34,google/gke/gpu/osu_latency,google,gke,gpu,4
34,512.0,29.83,google/gke/gpu/osu_latency,google,gke,gpu,4
35,1024.0,30.17,google/gke/gpu/osu_latency,google,gke,gpu,4
36,2048.0,31.45,google/gke/gpu/osu_latency,google,gke,gpu,4
37,4096.0,35.67,google/gke/gpu/osu_latency,google,gke,gpu,4
38,8192.0,40.25,google/gke/gpu/osu_latency,google,gke,gpu,4
39,16384.0,46.62,google/gke/gpu/osu_latency,google,gke,gpu,4
40,32768.0,63.14,google/gke/gpu/osu_latency,google,gke,gpu,4
41,65536.0,142.01,google/gke/gpu/osu_latency,google,gke,gpu,4
42,131072.0,159.89,google/gke/gpu/osu_latency,google,gke,gpu,4
43,262144.0,226.37,google/gke/gpu/osu_latency,google,gke,gpu,4
44,524288.0,309.45,google/gke/gpu/osu_latency,google,gke,gpu,4
45,1048576.0,508.58,google/gke/gpu/osu_latency,google,gke,gpu,4
46,2097152.0,903.98,google/gke/gpu/osu_latency,google,gke,gpu,4
47,4194304.0,1715.32,google/gke/gpu/osu_latency,google,gke,gpu,4
48,0.0,27.04,google/gke/gpu/osu_latency,google,gke,gpu,4
49,1.0,26.19,google/gke/gpu/osu_latency,google,gke,gpu,4
50,2.0,26.27,google/gke/gpu/osu_latency,google,gke,gpu,4
51,4.0,26.73,google/gke/gpu/osu_latency,google,gke,gpu,4
52,8.0,26.36,google/gke/gpu/osu_latency,google,gke,gpu,4
53,16.0,26.35,google/gke/gpu/osu_latency,google,gke,gpu,4
54,32.0,26.54,google/gke/gpu/osu_latency,google,gke,gpu,4
55,64.0,28.31,google/gke/gpu/osu_latency,google,gke,gpu,4
56,128.0,28.57,google/gke/gpu/osu_latency,google,gke,gpu,4
57,256.0,29.74,google/gke/gpu/osu_latency,google,gke,gpu,4
58,512.0,30.03,google/gke/gpu/osu_latency,google,gke,gpu,4
59,1024.0,30.28,google/gke/gpu/osu_latency,google,gke,gpu,4
60,2048.0,31.83,google/gke/gpu/osu_latency,google,gke,gpu,4
61,4096.0,34.83,google/gke/gpu/osu_latency,google,gke,gpu,4
62,8192.0,40.58,google/gke/gpu/osu_latency,google,gke,gpu,4
63,16384.0,46.29,google/gke/gpu/osu_latency,google,gke,gpu,4
64,32768.0,62.94,google/gke/gpu/osu_latency,google,gke,gpu,4
65,65536.0,142.3,google/gke/gpu/osu_latency,google,gke,gpu,4
66,131072.0,162.12,google/gke/gpu/osu_latency,google,gke,gpu,4
67,262144.0,217.92,google/gke/gpu/osu_latency,google,gke,gpu,4
68,524288.0,287.77,google/gke/gpu/osu_latency,google,gke,gpu,4
69,1048576.0,433.79,google/gke/gpu/osu_latency,google,gke,gpu,4
70,2097152.0,738.4,google/gke/gpu/osu_latency,google,gke,gpu,4
71,4194304.0,1359.55,google/gke/gpu/osu_latency,google,gke,gpu,4
72,0.0,25.19,google/gke/gpu/osu_latency,google,gke,gpu,4
73,1.0,25.14,google/gke/gpu/osu_latency,google,gke,gpu,4
74,2.0,24.73,google/gke/gpu/osu_latency,google,gke,gpu,4
75,4.0,24.85,google/gke/gpu/osu_latency,google,gke,gpu,4
76,8.0,24.97,google/gke/gpu/osu_latency,google,gke,gpu,4
77,16.0,25.28,google/gke/gpu/osu_latency,google,gke,gpu,4
78,32.0,25.07,google/gke/gpu/osu_latency,google,gke,gpu,4
79,64.0,26.74,google/gke/gpu/osu_latency,google,gke,gpu,4
80,128.0,27.33,google/gke/gpu/osu_latency,google,gke,gpu,4
81,256.0,28.43,google/gke/gpu/osu_latency,google,gke,gpu,4
82,512.0,28.46,google/gke/gpu/osu_latency,google,gke,gpu,4
83,1024.0,28.83,google/gke/gpu/osu_latency,google,gke,gpu,4
84,2048.0,30.59,google/gke/gpu/osu_latency,google,gke,gpu,4
85,4096.0,32.99,google/gke/gpu/osu_latency,google,gke,gpu,4
86,8192.0,38.6,google/gke/gpu/osu_latency,google,gke,gpu,4
87,16384.0,44.29,google/gke/gpu/osu_latency,google,gke,gpu,4
88,32768.0,63.33,google/gke/gpu/osu_latency,google,gke,gpu,4
89,65536.0,136.7,google/gke/gpu/osu_latency,google,gke,gpu,4
90,131072.0,156.87,google/gke/gpu/osu_latency,google,gke,gpu,4
91,262144.0,210.43,google/gke/gpu/osu_latency,google,gke,gpu,4
92,524288.0,281.24,google/gke/gpu/osu_latency,google,gke,gpu,4
93,1048576.0,431.92,google/gke/gpu/osu_latency,google,gke,gpu,4
94,2097152.0,735.28,google/gke/gpu/osu_latency,google,gke,gpu,4
95,4194304.0,1362.41,google/gke/gpu/osu_latency,google,gke,gpu,4
96,0.0,26.94,google/gke/gpu/osu_latency,google,gke,gpu,4
97,1.0,26.67,google/gke/gpu/osu_latency,google,gke,gpu,4
98,2.0,27.03,google/gke/gpu/osu_latency,google,gke,gpu,4
99,4.0,26.78,google/gke/gpu/osu_latency,google,gke,gpu,4
100,8.0,26.64,google/gke/gpu/osu_latency,google,gke,gpu,4
101,16.0,27.44,google/gke/gpu/osu_latency,google,gke,gpu,4
102,32.0,26.72,google/gke/gpu/osu_latency,google,gke,gpu,4
103,64.0,28.22,google/gke/gpu/osu_latency,google,gke,gpu,4
104,128.0,28.91,google/gke/gpu/osu_latency,google,gke,gpu,4
105,256.0,29.89,google/gke/gpu/osu_latency,google,gke,gpu,4
106,512.0,30.07,google/gke/gpu/osu_latency,google,gke,gpu,4
107,1024.0,30.58,google/gke/gpu/osu_latency,google,gke,gpu,4
108,2048.0,32.27,google/gke/gpu/osu_latency,google,gke,gpu,4
109,4096.0,34.84,google/gke/gpu/osu_latency,google,gke,gpu,4
110,8192.0,40.74,google/gke/gpu/osu_latency,google,gke,gpu,4
111,16384.0,45.23,google/gke/gpu/osu_latency,google,gke,gpu,4
112,32768.0,60.74,google/gke/gpu/osu_latency,google,gke,gpu,4
113,65536.0,142.86,google/gke/gpu/osu_latency,google,gke,gpu,4
114,131072.0,160.32,google/gke/gpu/osu_latency,google,gke,gpu,4
115,262144.0,211.97,google/gke/gpu/osu_latency,google,gke,gpu,4
116,524288.0,283.06,google/gke/gpu/osu_latency,google,gke,gpu,4
117,1048576.0,436.0,google/gke/gpu/osu_latency,google,gke,gpu,4
118,2097152.0,743.08,google/gke/gpu/osu_latency,google,gke,gpu,4
119,4194304.0,1348.15,google/gke/gpu/osu_latency,google,gke,gpu,4
120,0.0,26.57,google/gke/gpu/osu_latency,google,gke,gpu,4
121,1.0,26.49,google/gke/gpu/osu_latency,google,gke,gpu,4
122,2.0,26.51,google/gke/gpu/osu_latency,google,gke,gpu,4
123,4.0,26.53,google/gke/gpu/osu_latency,google,gke,gpu,4
124,8.0,27.14,google/gke/gpu/osu_latency,google,gke,gpu,4
125,16.0,27.04,google/gke/gpu/osu_latency,google,gke,gpu,4
126,32.0,26.53,google/gke/gpu/osu_latency,google,gke,gpu,4
127,64.0,27.9,google/gke/gpu/osu_latency,google,gke,gpu,4
128,128.0,28.24,google/gke/gpu/osu_latency,google,gke,gpu,4
129,256.0,29.6,google/gke/gpu/osu_latency,google,gke,gpu,4
130,512.0,29.86,google/gke/gpu/osu_latency,google,gke,gpu,4
131,1024.0,30.4,google/gke/gpu/osu_latency,google,gke,gpu,4
132,2048.0,32.05,google/gke/gpu/osu_latency,google,gke,gpu,4
133,4096.0,34.73,google/gke/gpu/osu_latency,google,gke,gpu,4
134,8192.0,40.65,google/gke/gpu/osu_latency,google,gke,gpu,4
135,16384.0,45.43,google/gke/gpu/osu_latency,google,gke,gpu,4
136,32768.0,62.85,google/gke/gpu/osu_latency,google,gke,gpu,4
137,65536.0,144.22,google/gke/gpu/osu_latency,google,gke,gpu,4
138,131072.0,162.52,google/gke/gpu/osu_latency,google,gke,gpu,4
139,262144.0,217.74,google/gke/gpu/osu_latency,google,gke,gpu,4
140,524288.0,288.02,google/gke/gpu/osu_latency,google,gke,gpu,4
141,1048576.0,443.14,google/gke/gpu/osu_latency,google,gke,gpu,4
142,2097152.0,750.79,google/gke/gpu/osu_latency,google,gke,gpu,4
143,4194304.0,1357.73,google/gke/gpu/osu_latency,google,gke,gpu,4
144,0.0,22.2,google/compute-engine/gpu/osu_latency,google,compute-engine,gpu,4
145,1.0,42.11,google/compute-engine/gpu/osu_latency,google,compute-engine,gpu,4
146,2.0,41.58,google/compute-engine/gpu/osu_latency,google,compute-engine,gpu,4
147,4.0,41.63,google/compute-engine/gpu/osu_latency,google,compute-engine,gpu,4
148,8.0,41.7,google/compute-engine/gpu/osu_latency,google,compute-engine,gpu,4
149,16.0,41.64,google/compute-engine/gpu/osu_latency,google,compute-engine,gpu,4
150,32.0,42.21,google/compute-engine/gpu/osu_latency,google,compute-engine,gpu,4
151,64.0,42.26,google/compute-engine/gpu/osu_latency,google,compute-engine,gpu,4
152,128.0,42.45,google/compute-engine/gpu/osu_latency,google,compute-engine,gpu,4
153,256.0,44.63,google/compute-engine/gpu/osu_latency,google,compute-engine,gpu,4
154,512.0,44.55,google/compute-engine/gpu/osu_latency,google,compute-engine,gpu,4
155,1024.0,45.67,google/compute-engine/gpu/osu_latency,google,compute-engine,gpu,4
156,2048.0,49.69,google/compute-engine/gpu/osu_latency,google,compute-engine,gpu,4
157,4096.0,53.52,google/compute-engine/gpu/osu_latency,google,compute-engine,gpu,4
158,8192.0,60.92,google/compute-engine/gpu/osu_latency,google,compute-engine,gpu,4
159,16384.0,76.95,google/compute-engine/gpu/osu_latency,google,compute-engine,gpu,4
160,32768.0,112.64,google/compute-engine/gpu/osu_latency,google,compute-engine,gpu,4
161,65536.0,244.83,google/compute-engine/gpu/osu_latency,google,compute-engine,gpu,4
162,131072.0,307.63,google/compute-engine/gpu/osu_latency,google,compute-engine,gpu,4
163,262144.0,456.94,google/compute-engine/gpu/osu_latency,google,compute-engine,gpu,4
164,524288.0,639.59,google/compute-engine/gpu/osu_latency,google,compute-engine,gpu,4
165,1048576.0,977.24,google/compute-engine/gpu/osu_latency,google,compute-engine,gpu,4
166,2097152.0,1685.76,google/compute-engine/gpu/osu_latency,google,compute-engine,gpu,4
167,4194304.0,3123.97,google/compute-engine/gpu/osu_latency,google,compute-engine,gpu,4
168,0.0,19.96,google/compute-engine/gpu/osu_latency,google,compute-engine,gpu,4
169,1.0,20.06,google/compute-engine/gpu/osu_latency,google,compute-engine,gpu,4
170,2.0,20.14,google/compute-engine/gpu/osu_latency,google,compute-engine,gpu,4
171,4.0,20.2,google/compute-engine/gpu/osu_latency,google,compute-engine,gpu,4
172,8.0,20.04,google/compute-engine/gpu/osu_latency,google,compute-engine,gpu,4
173,16.0,20.09,google/compute-engine/gpu/osu_latency,google,compute-engine,gpu,4
174,32.0,20.12,google/compute-engine/gpu/osu_latency,google,compute-engine,gpu,4
175,64.0,20.24,google/compute-engine/gpu/osu_latency,google,compute-engine,gpu,4
176,128.0,20.55,google/compute-engine/gpu/osu_latency,google,compute-engine,gpu,4
177,256.0,21.63,google/compute-engine/gpu/osu_latency,google,compute-engine,gpu,4
178,512.0,22.07,google/compute-engine/gpu/osu_latency,google,compute-engine,gpu,4
179,1024.0,22.6,google/compute-engine/gpu/osu_latency,google,compute-engine,gpu,4
180,2048.0,26.76,google/compute-engine/gpu/osu_latency,google,compute-engine,gpu,4
181,4096.0,27.82,google/compute-engine/gpu/osu_latency,google,compute-engine,gpu,4
182,8192.0,31.6,google/compute-engine/gpu/osu_latency,google,compute-engine,gpu,4
183,16384.0,39.68,google/compute-engine/gpu/osu_latency,google,compute-engine,gpu,4
184,32768.0,60.66,google/compute-engine/gpu/osu_latency,google,compute-engine,gpu,4
185,65536.0,153.96,google/compute-engine/gpu/osu_latency,google,compute-engine,gpu,4
186,131072.0,173.34,google/compute-engine/gpu/osu_latency,google,compute-engine,gpu,4
187,262144.0,215.54,google/compute-engine/gpu/osu_latency,google,compute-engine,gpu,4
188,524288.0,336.67,google/compute-engine/gpu/osu_latency,google,compute-engine,gpu,4
189,1048576.0,535.84,google/compute-engine/gpu/osu_latency,google,compute-engine,gpu,4
190,2097152.0,897.54,google/compute-engine/gpu/osu_latency,google,compute-engine,gpu,4
191,4194304.0,1609.31,google/compute-engine/gpu/osu_latency,google,compute-engine,gpu,4
192,0.0,23.97,google/compute-engine/gpu/osu_latency,google,compute-engine,gpu,4
193,1.0,42.79,google/compute-engine/gpu/osu_latency,google,compute-engine,gpu,4
194,2.0,43.07,google/compute-engine/gpu/osu_latency,google,compute-engine,gpu,4
195,4.0,43.29,google/compute-engine/gpu/osu_latency,google,compute-engine,gpu,4
196,8.0,43.34,google/compute-engine/gpu/osu_latency,google,compute-engine,gpu,4
197,16.0,43.0,google/compute-engine/gpu/osu_latency,google,compute-engine,gpu,4
198,32.0,43.65,google/compute-engine/gpu/osu_latency,google,compute-engine,gpu,4
199,64.0,43.6,google/compute-engine/gpu/osu_latency,google,compute-engine,gpu,4
200,128.0,43.69,google/compute-engine/gpu/osu_latency,google,compute-engine,gpu,4
201,256.0,45.19,google/compute-engine/gpu/osu_latency,google,compute-engine,gpu,4
202,512.0,45.85,google/compute-engine/gpu/osu_latency,google,compute-engine,gpu,4
203,1024.0,47.19,google/compute-engine/gpu/osu_latency,google,compute-engine,gpu,4
204,2048.0,50.91,google/compute-engine/gpu/osu_latency,google,compute-engine,gpu,4
205,4096.0,53.3,google/compute-engine/gpu/osu_latency,google,compute-engine,gpu,4
206,8192.0,60.66,google/compute-engine/gpu/osu_latency,google,compute-engine,gpu,4
207,16384.0,77.77,google/compute-engine/gpu/osu_latency,google,compute-engine,gpu,4
208,32768.0,109.9,google/compute-engine/gpu/osu_latency,google,compute-engine,gpu,4
209,65536.0,242.67,google/compute-engine/gpu/osu_latency,google,compute-engine,gpu,4
210,131072.0,309.33,google/compute-engine/gpu/osu_latency,google,compute-engine,gpu,4
211,262144.0,457.69,google/compute-engine/gpu/osu_latency,google,compute-engine,gpu,4
212,524288.0,644.19,google/compute-engine/gpu/osu_latency,google,compute-engine,gpu,4
213,1048576.0,978.56,google/compute-engine/gpu/osu_latency,google,compute-engine,gpu,4
214,2097152.0,1695.78,google/compute-engine/gpu/osu_latency,google,compute-engine,gpu,4
215,4194304.0,3135.18,google/compute-engine/gpu/osu_latency,google,compute-engine,gpu,4
216,0.0,24.17,google/compute-engine/gpu/osu_latency,google,compute-engine,gpu,4
217,1.0,23.92,google/compute-engine/gpu/osu_latency,google,compute-engine,gpu,4
218,2.0,23.86,google/compute-engine/gpu/osu_latency,google,compute-engine,gpu,4
219,4.0,23.9,google/compute-engine/gpu/osu_latency,google,compute-engine,gpu,4
220,8.0,23.86,google/compute-engine/gpu/osu_latency,google,compute-engine,gpu,4
221,16.0,24.2,google/compute-engine/gpu/osu_latency,google,compute-engine,gpu,4
222,32.0,24.17,google/compute-engine/gpu/osu_latency,google,compute-engine,gpu,4
223,64.0,24.1,google/compute-engine/gpu/osu_latency,google,compute-engine,gpu,4
224,128.0,24.28,google/compute-engine/gpu/osu_latency,google,compute-engine,gpu,4
225,256.0,25.85,google/compute-engine/gpu/osu_latency,google,compute-engine,gpu,4
226,512.0,26.03,google/compute-engine/gpu/osu_latency,google,compute-engine,gpu,4
227,1024.0,26.8,google/compute-engine/gpu/osu_latency,google,compute-engine,gpu,4
228,2048.0,30.8,google/compute-engine/gpu/osu_latency,google,compute-engine,gpu,4
229,4096.0,32.03,google/compute-engine/gpu/osu_latency,google,compute-engine,gpu,4
230,8192.0,37.42,google/compute-engine/gpu/osu_latency,google,compute-engine,gpu,4
231,16384.0,48.34,google/compute-engine/gpu/osu_latency,google,compute-engine,gpu,4
232,32768.0,73.42,google/compute-engine/gpu/osu_latency,google,compute-engine,gpu,4
233,65536.0,184.08,google/compute-engine/gpu/osu_latency,google,compute-engine,gpu,4
234,131072.0,185.39,google/compute-engine/gpu/osu_latency,google,compute-engine,gpu,4
235,262144.0,230.62,google/compute-engine/gpu/osu_latency,google,compute-engine,gpu,4
236,524288.0,347.59,google/compute-engine/gpu/osu_latency,google,compute-engine,gpu,4
237,1048576.0,550.57,google/compute-engine/gpu/osu_latency,google,compute-engine,gpu,4
238,2097152.0,955.28,google/compute-engine/gpu/osu_latency,google,compute-engine,gpu,4
239,4194304.0,1720.96,google/compute-engine/gpu/osu_latency,google,compute-engine,gpu,4
240,0.0,22.17,google/compute-engine/gpu/osu_latency,google,compute-engine,gpu,4
241,1.0,41.92,google/compute-engine/gpu/osu_latency,google,compute-engine,gpu,4
242,2.0,41.88,google/compute-engine/gpu/osu_latency,google,compute-engine,gpu,4
243,4.0,41.57,google/compute-engine/gpu/osu_latency,google,compute-engine,gpu,4
244,8.0,41.63,google/compute-engine/gpu/osu_latency,google,compute-engine,gpu,4
245,16.0,41.41,google/compute-engine/gpu/osu_latency,google,compute-engine,gpu,4
246,32.0,41.91,google/compute-engine/gpu/osu_latency,google,compute-engine,gpu,4
247,64.0,43.48,google/compute-engine/gpu/osu_latency,google,compute-engine,gpu,4
248,128.0,42.46,google/compute-engine/gpu/osu_latency,google,compute-engine,gpu,4
249,256.0,43.56,google/compute-engine/gpu/osu_latency,google,compute-engine,gpu,4
250,512.0,43.85,google/compute-engine/gpu/osu_latency,google,compute-engine,gpu,4
251,1024.0,45.67,google/compute-engine/gpu/osu_latency,google,compute-engine,gpu,4
252,2048.0,50.03,google/compute-engine/gpu/osu_latency,google,compute-engine,gpu,4
253,4096.0,51.88,google/compute-engine/gpu/osu_latency,google,compute-engine,gpu,4
254,8192.0,58.57,google/compute-engine/gpu/osu_latency,google,compute-engine,gpu,4
255,16384.0,72.78,google/compute-engine/gpu/osu_latency,google,compute-engine,gpu,4
256,32768.0,105.06,google/compute-engine/gpu/osu_latency,google,compute-engine,gpu,4
257,65536.0,237.77,google/compute-engine/gpu/osu_latency,google,compute-engine,gpu,4
258,131072.0,305.2,google/compute-engine/gpu/osu_latency,google,compute-engine,gpu,4
259,262144.0,448.73,google/compute-engine/gpu/osu_latency,google,compute-engine,gpu,4
260,524288.0,638.04,google/compute-engine/gpu/osu_latency,google,compute-engine,gpu,4
261,1048576.0,971.06,google/compute-engine/gpu/osu_latency,google,compute-engine,gpu,4
262,2097152.0,1677.06,google/compute-engine/gpu/osu_latency,google,compute-engine,gpu,4
263,4194304.0,3078.73,google/compute-engine/gpu/osu_latency,google,compute-engine,gpu,4
264,0.0,23.22,google/compute-engine/gpu/osu_latency,google,compute-engine,gpu,4
265,1.0,23.09,google/compute-engine/gpu/osu_latency,google,compute-engine,gpu,4
266,2.0,23.26,google/compute-engine/gpu/osu_latency,google,compute-engine,gpu,4
267,4.0,23.25,google/compute-engine/gpu/osu_latency,google,compute-engine,gpu,4
268,8.0,23.22,google/compute-engine/gpu/osu_latency,google,compute-engine,gpu,4
269,16.0,23.39,google/compute-engine/gpu/osu_latency,google,compute-engine,gpu,4
270,32.0,23.29,google/compute-engine/gpu/osu_latency,google,compute-engine,gpu,4
271,64.0,23.33,google/compute-engine/gpu/osu_latency,google,compute-engine,gpu,4
272,128.0,23.49,google/compute-engine/gpu/osu_latency,google,compute-engine,gpu,4
273,256.0,25.12,google/compute-engine/gpu/osu_latency,google,compute-engine,gpu,4
274,512.0,25.66,google/compute-engine/gpu/osu_latency,google,compute-engine,gpu,4
275,1024.0,26.05,google/compute-engine/gpu/osu_latency,google,compute-engine,gpu,4
276,2048.0,30.27,google/compute-engine/gpu/osu_latency,google,compute-engine,gpu,4
277,4096.0,30.8,google/compute-engine/gpu/osu_latency,google,compute-engine,gpu,4
278,8192.0,35.24,google/compute-engine/gpu/osu_latency,google,compute-engine,gpu,4
279,16384.0,43.56,google/compute-engine/gpu/osu_latency,google,compute-engine,gpu,4
280,32768.0,66.91,google/compute-engine/gpu/osu_latency,google,compute-engine,gpu,4
281,65536.0,177.25,google/compute-engine/gpu/osu_latency,google,compute-engine,gpu,4
282,131072.0,184.88,google/compute-engine/gpu/osu_latency,google,compute-engine,gpu,4
283,262144.0,236.92,google/compute-engine/gpu/osu_latency,google,compute-engine,gpu,4
284,524288.0,350.33,google/compute-engine/gpu/osu_latency,google,compute-engine,gpu,4
285,1048576.0,559.45,google/compute-engine/gpu/osu_latency,google,compute-engine,gpu,4
286,2097152.0,969.46,google/compute-engine/gpu/osu_latency,google,compute-engine,gpu,4
287,4194304.0,1777.96,google/compute-engine/gpu/osu_latency,google,compute-engine,gpu,4
288,0.0,25.26,google/compute-engine/gpu/osu_latency,google,compute-engine,gpu,4
289,1.0,44.99,google/compute-engine/gpu/osu_latency,google,compute-engine,gpu,4
290,2.0,44.92,google/compute-engine/gpu/osu_latency,google,compute-engine,gpu,4
291,4.0,45.26,google/compute-engine/gpu/osu_latency,google,compute-engine,gpu,4
292,8.0,45.3,google/compute-engine/gpu/osu_latency,google,compute-engine,gpu,4
293,16.0,44.68,google/compute-engine/gpu/osu_latency,google,compute-engine,gpu,4
294,32.0,45.49,google/compute-engine/gpu/osu_latency,google,compute-engine,gpu,4
295,64.0,45.38,google/compute-engine/gpu/osu_latency,google,compute-engine,gpu,4
296,128.0,45.67,google/compute-engine/gpu/osu_latency,google,compute-engine,gpu,4
297,256.0,47.35,google/compute-engine/gpu/osu_latency,google,compute-engine,gpu,4
298,512.0,47.98,google/compute-engine/gpu/osu_latency,google,compute-engine,gpu,4
299,1024.0,48.88,google/compute-engine/gpu/osu_latency,google,compute-engine,gpu,4
300,2048.0,53.42,google/compute-engine/gpu/osu_latency,google,compute-engine,gpu,4
301,4096.0,56.53,google/compute-engine/gpu/osu_latency,google,compute-engine,gpu,4
302,8192.0,62.66,google/compute-engine/gpu/osu_latency,google,compute-engine,gpu,4
303,16384.0,77.47,google/compute-engine/gpu/osu_latency,google,compute-engine,gpu,4
304,32768.0,109.29,google/compute-engine/gpu/osu_latency,google,compute-engine,gpu,4
305,65536.0,252.18,google/compute-engine/gpu/osu_latency,google,compute-engine,gpu,4
306,131072.0,320.81,google/compute-engine/gpu/osu_latency,google,compute-engine,gpu,4
307,262144.0,464.38,google/compute-engine/gpu/osu_latency,google,compute-engine,gpu,4
308,524288.0,654.18,google/compute-engine/gpu/osu_latency,google,compute-engine,gpu,4
309,1048576.0,995.78,google/compute-engine/gpu/osu_latency,google,compute-engine,gpu,4
310,2097152.0,1717.16,google/compute-engine/gpu/osu_latency,google,compute-engine,gpu,4
311,4194304.0,3153.63,google/compute-engine/gpu/osu_latency,google,compute-engine,gpu,4
312,0.0,23.82,google/compute-engine/gpu/osu_latency,google,compute-engine,gpu,4
313,1.0,43.44,google/compute-engine/gpu/osu_latency,google,compute-engine,gpu,4
314,2.0,43.35,google/compute-engine/gpu/osu_latency,google,compute-engine,gpu,4
315,4.0,43.26,google/compute-engine/gpu/osu_latency,google,compute-engine,gpu,4
316,8.0,43.54,google/compute-engine/gpu/osu_latency,google,compute-engine,gpu,4
317,16.0,43.54,google/compute-engine/gpu/osu_latency,google,compute-engine,gpu,4
318,32.0,43.96,google/compute-engine/gpu/osu_latency,google,compute-engine,gpu,4
319,64.0,44.29,google/compute-engine/gpu/osu_latency,google,compute-engine,gpu,4
320,128.0,44.17,google/compute-engine/gpu/osu_latency,google,compute-engine,gpu,4
321,256.0,46.05,google/compute-engine/gpu/osu_latency,google,compute-engine,gpu,4
322,512.0,46.76,google/compute-engine/gpu/osu_latency,google,compute-engine,gpu,4
323,1024.0,47.61,google/compute-engine/gpu/osu_latency,google,compute-engine,gpu,4
324,2048.0,51.39,google/compute-engine/gpu/osu_latency,google,compute-engine,gpu,4
325,4096.0,54.54,google/compute-engine/gpu/osu_latency,google,compute-engine,gpu,4
326,8192.0,61.19,google/compute-engine/gpu/osu_latency,google,compute-engine,gpu,4
327,16384.0,75.48,google/compute-engine/gpu/osu_latency,google,compute-engine,gpu,4
328,32768.0,110.31,google/compute-engine/gpu/osu_latency,google,compute-engine,gpu,4
329,65536.0,246.52,google/compute-engine/gpu/osu_latency,google,compute-engine,gpu,4
330,131072.0,313.71,google/compute-engine/gpu/osu_latency,google,compute-engine,gpu,4
331,262144.0,461.71,google/compute-engine/gpu/osu_latency,google,compute-engine,gpu,4
332,524288.0,654.38,google/compute-engine/gpu/osu_latency,google,compute-engine,gpu,4
333,1048576.0,992.4,google/compute-engine/gpu/osu_latency,google,compute-engine,gpu,4
334,2097152.0,1712.13,google/compute-engine/gpu/osu_latency,google,compute-engine,gpu,4
335,4194304.0,3160.31,google/compute-engine/gpu/osu_latency,google,compute-engine,gpu,4
336,0.0,25.57,google/compute-engine/gpu/osu_latency,google,compute-engine,gpu,4
337,1.0,25.06,google/compute-engine/gpu/osu_latency,google,compute-engine,gpu,4
338,2.0,25.22,google/compute-engine/gpu/osu_latency,google,compute-engine,gpu,4
339,4.0,25.38,google/compute-engine/gpu/osu_latency,google,compute-engine,gpu,4
340,8.0,25.32,google/compute-engine/gpu/osu_latency,google,compute-engine,gpu,4
341,16.0,25.07,google/compute-engine/gpu/osu_latency,google,compute-engine,gpu,4
342,32.0,25.24,google/compute-engine/gpu/osu_latency,google,compute-engine,gpu,4
343,64.0,25.14,google/compute-engine/gpu/osu_latency,google,compute-engine,gpu,4
344,128.0,25.61,google/compute-engine/gpu/osu_latency,google,compute-engine,gpu,4
345,256.0,26.08,google/compute-engine/gpu/osu_latency,google,compute-engine,gpu,4
346,512.0,27.22,google/compute-engine/gpu/osu_latency,google,compute-engine,gpu,4
347,1024.0,27.27,google/compute-engine/gpu/osu_latency,google,compute-engine,gpu,4
348,2048.0,31.13,google/compute-engine/gpu/osu_latency,google,compute-engine,gpu,4
349,4096.0,32.35,google/compute-engine/gpu/osu_latency,google,compute-engine,gpu,4
350,8192.0,38.03,google/compute-engine/gpu/osu_latency,google,compute-engine,gpu,4
351,16384.0,46.34,google/compute-engine/gpu/osu_latency,google,compute-engine,gpu,4
352,32768.0,68.14,google/compute-engine/gpu/osu_latency,google,compute-engine,gpu,4
353,65536.0,183.47,google/compute-engine/gpu/osu_latency,google,compute-engine,gpu,4
354,131072.0,193.96,google/compute-engine/gpu/osu_latency,google,compute-engine,gpu,4
355,262144.0,251.25,google/compute-engine/gpu/osu_latency,google,compute-engine,gpu,4
356,524288.0,365.44,google/compute-engine/gpu/osu_latency,google,compute-engine,gpu,4
357,1048576.0,571.19,google/compute-engine/gpu/osu_latency,google,compute-engine,gpu,4
358,2097152.0,947.59,google/compute-engine/gpu/osu_latency,google,compute-engine,gpu,4
359,4194304.0,1671.51,google/compute-engine/gpu/osu_latency,google,compute-engine,gpu,4
360,0.0,24.81,google/compute-engine/gpu/osu_latency,google,compute-engine,gpu,4
361,1.0,24.61,google/compute-engine/gpu/osu_latency,google,compute-engine,gpu,4
362,2.0,24.51,google/compute-engine/gpu/osu_latency,google,compute-engine,gpu,4
363,4.0,24.85,google/compute-engine/gpu/osu_latency,google,compute-engine,gpu,4
364,8.0,24.67,google/compute-engine/gpu/osu_latency,google,compute-engine,gpu,4
365,16.0,24.91,google/compute-engine/gpu/osu_latency,google,compute-engine,gpu,4
366,32.0,25.12,google/compute-engine/gpu/osu_latency,google,compute-engine,gpu,4
367,64.0,25.1,google/compute-engine/gpu/osu_latency,google,compute-engine,gpu,4
368,128.0,25.04,google/compute-engine/gpu/osu_latency,google,compute-engine,gpu,4
369,256.0,26.38,google/compute-engine/gpu/osu_latency,google,compute-engine,gpu,4
370,512.0,26.87,google/compute-engine/gpu/osu_latency,google,compute-engine,gpu,4
371,1024.0,27.37,google/compute-engine/gpu/osu_latency,google,compute-engine,gpu,4
372,2048.0,31.66,google/compute-engine/gpu/osu_latency,google,compute-engine,gpu,4
373,4096.0,33.04,google/compute-engine/gpu/osu_latency,google,compute-engine,gpu,4
374,8192.0,38.17,google/compute-engine/gpu/osu_latency,google,compute-engine,gpu,4
375,16384.0,48.69,google/compute-engine/gpu/osu_latency,google,compute-engine,gpu,4
376,32768.0,74.67,google/compute-engine/gpu/osu_latency,google,compute-engine,gpu,4
377,65536.0,197.19,google/compute-engine/gpu/osu_latency,google,compute-engine,gpu,4
378,131072.0,203.02,google/compute-engine/gpu/osu_latency,google,compute-engine,gpu,4
379,262144.0,248.93,google/compute-engine/gpu/osu_latency,google,compute-engine,gpu,4
380,524288.0,354.73,google/compute-engine/gpu/osu_latency,google,compute-engine,gpu,4
381,1048576.0,555.98,google/compute-engine/gpu/osu_latency,google,compute-engine,gpu,4
382,2097152.0,923.62,google/compute-engine/gpu/osu_latency,google,compute-engine,gpu,4
383,4194304.0,1643.22,google/compute-engine/gpu/osu_latency,google,compute-engine,gpu,4
384,0.0,23.99,google/compute-engine/gpu/osu_latency,google,compute-engine,gpu,4
385,1.0,23.98,google/compute-engine/gpu/osu_latency,google,compute-engine,gpu,4
386,2.0,23.93,google/compute-engine/gpu/osu_latency,google,compute-engine,gpu,4
387,4.0,24.1,google/compute-engine/gpu/osu_latency,google,compute-engine,gpu,4
388,8.0,24.21,google/compute-engine/gpu/osu_latency,google,compute-engine,gpu,4
389,16.0,23.99,google/compute-engine/gpu/osu_latency,google,compute-engine,gpu,4
390,32.0,24.02,google/compute-engine/gpu/osu_latency,google,compute-engine,gpu,4
391,64.0,24.06,google/compute-engine/gpu/osu_latency,google,compute-engine,gpu,4
392,128.0,24.11,google/compute-engine/gpu/osu_latency,google,compute-engine,gpu,4
393,256.0,24.32,google/compute-engine/gpu/osu_latency,google,compute-engine,gpu,4
394,512.0,24.73,google/compute-engine/gpu/osu_latency,google,compute-engine,gpu,4
395,1024.0,25.03,google/compute-engine/gpu/osu_latency,google,compute-engine,gpu,4
396,2048.0,28.85,google/compute-engine/gpu/osu_latency,google,compute-engine,gpu,4
397,4096.0,30.9,google/compute-engine/gpu/osu_latency,google,compute-engine,gpu,4
398,8192.0,35.95,google/compute-engine/gpu/osu_latency,google,compute-engine,gpu,4
399,16384.0,44.61,google/compute-engine/gpu/osu_latency,google,compute-engine,gpu,4
400,32768.0,66.67,google/compute-engine/gpu/osu_latency,google,compute-engine,gpu,4
401,65536.0,176.06,google/compute-engine/gpu/osu_latency,google,compute-engine,gpu,4
402,131072.0,187.5,google/compute-engine/gpu/osu_latency,google,compute-engine,gpu,4
403,262144.0,233.26,google/compute-engine/gpu/osu_latency,google,compute-engine,gpu,4
404,524288.0,349.07,google/compute-engine/gpu/osu_latency,google,compute-engine,gpu,4
405,1048576.0,564.83,google/compute-engine/gpu/osu_latency,google,compute-engine,gpu,4
406,2097152.0,968.2,google/compute-engine/gpu/osu_latency,google,compute-engine,gpu,4
407,4194304.0,1730.91,google/compute-engine/gpu/osu_latency,google,compute-engine,gpu,4
408,0.0,25.13,google/compute-engine/gpu/osu_latency,google,compute-engine,gpu,4
409,1.0,44.73,google/compute-engine/gpu/osu_latency,google,compute-engine,gpu,4
410,2.0,44.56,google/compute-engine/gpu/osu_latency,google,compute-engine,gpu,4
411,4.0,44.56,google/compute-engine/gpu/osu_latency,google,compute-engine,gpu,4
412,8.0,44.63,google/compute-engine/gpu/osu_latency,google,compute-engine,gpu,4
413,16.0,44.48,google/compute-engine/gpu/osu_latency,google,compute-engine,gpu,4
414,32.0,44.92,google/compute-engine/gpu/osu_latency,google,compute-engine,gpu,4
415,64.0,45.31,google/compute-engine/gpu/osu_latency,google,compute-engine,gpu,4
416,128.0,45.87,google/compute-engine/gpu/osu_latency,google,compute-engine,gpu,4
417,256.0,47.79,google/compute-engine/gpu/osu_latency,google,compute-engine,gpu,4
418,512.0,47.7,google/compute-engine/gpu/osu_latency,google,compute-engine,gpu,4
419,1024.0,48.93,google/compute-engine/gpu/osu_latency,google,compute-engine,gpu,4
420,2048.0,53.62,google/compute-engine/gpu/osu_latency,google,compute-engine,gpu,4
421,4096.0,55.26,google/compute-engine/gpu/osu_latency,google,compute-engine,gpu,4
422,8192.0,63.17,google/compute-engine/gpu/osu_latency,google,compute-engine,gpu,4
423,16384.0,77.57,google/compute-engine/gpu/osu_latency,google,compute-engine,gpu,4
424,32768.0,109.29,google/compute-engine/gpu/osu_latency,google,compute-engine,gpu,4
425,65536.0,252.0,google/compute-engine/gpu/osu_latency,google,compute-engine,gpu,4
426,131072.0,321.63,google/compute-engine/gpu/osu_latency,google,compute-engine,gpu,4
427,262144.0,472.92,google/compute-engine/gpu/osu_latency,google,compute-engine,gpu,4
428,524288.0,661.7,google/compute-engine/gpu/osu_latency,google,compute-engine,gpu,4
429,1048576.0,998.04,google/compute-engine/gpu/osu_latency,google,compute-engine,gpu,4
430,2097152.0,1700.78,google/compute-engine/gpu/osu_latency,google,compute-engine,gpu,4
431,4194304.0,3138.38,google/compute-engine/gpu/osu_latency,google,compute-engine,gpu,4
432,0.0,1.74,azure/cyclecloud/gpu/osu_latency_dd,azure,cyclecloud,gpu,4
433,1.0,17.1,azure/cyclecloud/gpu/osu_latency_dd,azure,cyclecloud,gpu,4
434,2.0,16.99,azure/cyclecloud/gpu/osu_latency_dd,azure,cyclecloud,gpu,4
435,4.0,16.9,azure/cyclecloud/gpu/osu_latency_dd,azure,cyclecloud,gpu,4
436,8.0,16.85,azure/cyclecloud/gpu/osu_latency_dd,azure,cyclecloud,gpu,4
437,16.0,16.77,azure/cyclecloud/gpu/osu_latency_dd,azure,cyclecloud,gpu,4
438,32.0,17.17,azure/cyclecloud/gpu/osu_latency_dd,azure,cyclecloud,gpu,4
439,64.0,17.31,azure/cyclecloud/gpu/osu_latency_dd,azure,cyclecloud,gpu,4
440,128.0,17.37,azure/cyclecloud/gpu/osu_latency_dd,azure,cyclecloud,gpu,4
441,256.0,17.54,azure/cyclecloud/gpu/osu_latency_dd,azure,cyclecloud,gpu,4
442,512.0,17.63,azure/cyclecloud/gpu/osu_latency_dd,azure,cyclecloud,gpu,4
443,1024.0,18.18,azure/cyclecloud/gpu/osu_latency_dd,azure,cyclecloud,gpu,4
444,2048.0,19.14,azure/cyclecloud/gpu/osu_latency_dd,azure,cyclecloud,gpu,4
445,4096.0,21.03,azure/cyclecloud/gpu/osu_latency_dd,azure,cyclecloud,gpu,4
446,8192.0,24.78,azure/cyclecloud/gpu/osu_latency_dd,azure,cyclecloud,gpu,4
447,16384.0,32.04,azure/cyclecloud/gpu/osu_latency_dd,azure,cyclecloud,gpu,4
448,32768.0,31.7,azure/cyclecloud/gpu/osu_latency_dd,azure,cyclecloud,gpu,4
449,65536.0,39.7,azure/cyclecloud/gpu/osu_latency_dd,azure,cyclecloud,gpu,4
450,131072.0,55.43,azure/cyclecloud/gpu/osu_latency_dd,azure,cyclecloud,gpu,4
451,262144.0,90.0,azure/cyclecloud/gpu/osu_latency_dd,azure,cyclecloud,gpu,4
452,524288.0,162.27,azure/cyclecloud/gpu/osu_latency_dd,azure,cyclecloud,gpu,4
453,1048576.0,219.61,azure/cyclecloud/gpu/osu_latency_dd,azure,cyclecloud,gpu,4
454,2097152.0,332.48,azure/cyclecloud/gpu/osu_latency_dd,azure,cyclecloud,gpu,4
455,4194304.0,559.03,azure/cyclecloud/gpu/osu_latency_dd,azure,cyclecloud,gpu,4
456,0.0,1.77,azure/cyclecloud/gpu/osu_latency_dd,azure,cyclecloud,gpu,4
457,1.0,16.54,azure/cyclecloud/gpu/osu_latency_dd,azure,cyclecloud,gpu,4
458,2.0,16.65,azure/cyclecloud/gpu/osu_latency_dd,azure,cyclecloud,gpu,4
459,4.0,16.53,azure/cyclecloud/gpu/osu_latency_dd,azure,cyclecloud,gpu,4
460,8.0,16.6,azure/cyclecloud/gpu/osu_latency_dd,azure,cyclecloud,gpu,4
461,16.0,16.89,azure/cyclecloud/gpu/osu_latency_dd,azure,cyclecloud,gpu,4
462,32.0,17.2,azure/cyclecloud/gpu/osu_latency_dd,azure,cyclecloud,gpu,4
463,64.0,17.04,azure/cyclecloud/gpu/osu_latency_dd,azure,cyclecloud,gpu,4
464,128.0,17.12,azure/cyclecloud/gpu/osu_latency_dd,azure,cyclecloud,gpu,4
465,256.0,17.21,azure/cyclecloud/gpu/osu_latency_dd,azure,cyclecloud,gpu,4
466,512.0,17.45,azure/cyclecloud/gpu/osu_latency_dd,azure,cyclecloud,gpu,4
467,1024.0,17.94,azure/cyclecloud/gpu/osu_latency_dd,azure,cyclecloud,gpu,4
468,2048.0,18.9,azure/cyclecloud/gpu/osu_latency_dd,azure,cyclecloud,gpu,4
469,4096.0,20.53,azure/cyclecloud/gpu/osu_latency_dd,azure,cyclecloud,gpu,4
470,8192.0,24.14,azure/cyclecloud/gpu/osu_latency_dd,azure,cyclecloud,gpu,4
471,16384.0,31.18,azure/cyclecloud/gpu/osu_latency_dd,azure,cyclecloud,gpu,4
472,32768.0,31.4,azure/cyclecloud/gpu/osu_latency_dd,azure,cyclecloud,gpu,4
473,65536.0,39.33,azure/cyclecloud/gpu/osu_latency_dd,azure,cyclecloud,gpu,4
474,131072.0,55.14,azure/cyclecloud/gpu/osu_latency_dd,azure,cyclecloud,gpu,4
475,262144.0,91.03,azure/cyclecloud/gpu/osu_latency_dd,azure,cyclecloud,gpu,4
476,524288.0,165.16,azure/cyclecloud/gpu/osu_latency_dd,azure,cyclecloud,gpu,4
477,1048576.0,219.74,azure/cyclecloud/gpu/osu_latency_dd,azure,cyclecloud,gpu,4
478,2097152.0,334.05,azure/cyclecloud/gpu/osu_latency_dd,azure,cyclecloud,gpu,4
479,4194304.0,560.73,azure/cyclecloud/gpu/osu_latency_dd,azure,cyclecloud,gpu,4
480,0.0,1.85,azure/cyclecloud/gpu/osu_latency_dd,azure,cyclecloud,gpu,4
481,1.0,16.88,azure/cyclecloud/gpu/osu_latency_dd,azure,cyclecloud,gpu,4
482,2.0,16.98,azure/cyclecloud/gpu/osu_latency_dd,azure,cyclecloud,gpu,4
483,4.0,16.87,azure/cyclecloud/gpu/osu_latency_dd,azure,cyclecloud,gpu,4
484,8.0,16.94,azure/cyclecloud/gpu/osu_latency_dd,azure,cyclecloud,gpu,4
485,16.0,16.9,azure/cyclecloud/gpu/osu_latency_dd,azure,cyclecloud,gpu,4
486,32.0,17.28,azure/cyclecloud/gpu/osu_latency_dd,azure,cyclecloud,gpu,4
487,64.0,17.24,azure/cyclecloud/gpu/osu_latency_dd,azure,cyclecloud,gpu,4
488,128.0,17.25,azure/cyclecloud/gpu/osu_latency_dd,azure,cyclecloud,gpu,4
489,256.0,17.4,azure/cyclecloud/gpu/osu_latency_dd,azure,cyclecloud,gpu,4
490,512.0,17.51,azure/cyclecloud/gpu/osu_latency_dd,azure,cyclecloud,gpu,4
491,1024.0,18.11,azure/cyclecloud/gpu/osu_latency_dd,azure,cyclecloud,gpu,4
492,2048.0,19.05,azure/cyclecloud/gpu/osu_latency_dd,azure,cyclecloud,gpu,4
493,4096.0,20.82,azure/cyclecloud/gpu/osu_latency_dd,azure,cyclecloud,gpu,4
494,8192.0,24.79,azure/cyclecloud/gpu/osu_latency_dd,azure,cyclecloud,gpu,4
495,16384.0,31.98,azure/cyclecloud/gpu/osu_latency_dd,azure,cyclecloud,gpu,4
496,32768.0,31.78,azure/cyclecloud/gpu/osu_latency_dd,azure,cyclecloud,gpu,4
497,65536.0,39.61,azure/cyclecloud/gpu/osu_latency_dd,azure,cyclecloud,gpu,4
498,131072.0,55.72,azure/cyclecloud/gpu/osu_latency_dd,azure,cyclecloud,gpu,4
499,262144.0,91.32,azure/cyclecloud/gpu/osu_latency_dd,azure,cyclecloud,gpu,4
500,524288.0,163.95,azure/cyclecloud/gpu/osu_latency_dd,azure,cyclecloud,gpu,4
501,1048576.0,219.6,azure/cyclecloud/gpu/osu_latency_dd,azure,cyclecloud,gpu,4
502,2097152.0,327.43,azure/cyclecloud/gpu/osu_latency_dd,azure,cyclecloud,gpu,4
503,4194304.0,543.78,azure/cyclecloud/gpu/osu_latency_dd,azure,cyclecloud,gpu,4
504,0.0,1.77,azure/cyclecloud/gpu/osu_latency_dd,azure,cyclecloud,gpu,4
505,1.0,17.49,azure/cyclecloud/gpu/osu_latency_dd,azure,cyclecloud,gpu,4
506,2.0,17.64,azure/cyclecloud/gpu/osu_latency_dd,azure,cyclecloud,gpu,4
507,4.0,17.53,azure/cyclecloud/gpu/osu_latency_dd,azure,cyclecloud,gpu,4
508,8.0,17.54,azure/cyclecloud/gpu/osu_latency_dd,azure,cyclecloud,gpu,4
509,16.0,17.53,azure/cyclecloud/gpu/osu_latency_dd,azure,cyclecloud,gpu,4
510,32.0,17.83,azure/cyclecloud/gpu/osu_latency_dd,azure,cyclecloud,gpu,4
511,64.0,18.04,azure/cyclecloud/gpu/osu_latency_dd,azure,cyclecloud,gpu,4
512,128.0,18.03,azure/cyclecloud/gpu/osu_latency_dd,azure,cyclecloud,gpu,4
513,256.0,18.25,azure/cyclecloud/gpu/osu_latency_dd,azure,cyclecloud,gpu,4
514,512.0,18.54,azure/cyclecloud/gpu/osu_latency_dd,azure,cyclecloud,gpu,4
515,1024.0,19.2,azure/cyclecloud/gpu/osu_latency_dd,azure,cyclecloud,gpu,4
516,2048.0,20.0,azure/cyclecloud/gpu/osu_latency_dd,azure,cyclecloud,gpu,4
517,4096.0,21.85,azure/cyclecloud/gpu/osu_latency_dd,azure,cyclecloud,gpu,4
518,8192.0,25.51,azure/cyclecloud/gpu/osu_latency_dd,azure,cyclecloud,gpu,4
519,16384.0,32.45,azure/cyclecloud/gpu/osu_latency_dd,azure,cyclecloud,gpu,4
520,32768.0,32.22,azure/cyclecloud/gpu/osu_latency_dd,azure,cyclecloud,gpu,4
521,65536.0,40.21,azure/cyclecloud/gpu/osu_latency_dd,azure,cyclecloud,gpu,4
522,131072.0,56.17,azure/cyclecloud/gpu/osu_latency_dd,azure,cyclecloud,gpu,4
523,262144.0,90.71,azure/cyclecloud/gpu/osu_latency_dd,azure,cyclecloud,gpu,4
524,524288.0,161.39,azure/cyclecloud/gpu/osu_latency_dd,azure,cyclecloud,gpu,4
525,1048576.0,215.49,azure/cyclecloud/gpu/osu_latency_dd,azure,cyclecloud,gpu,4
526,2097152.0,323.04,azure/cyclecloud/gpu/osu_latency_dd,azure,cyclecloud,gpu,4
527,4194304.0,538.87,azure/cyclecloud/gpu/osu_latency_dd,azure,cyclecloud,gpu,4
528,0.0,1.83,azure/cyclecloud/gpu/osu_latency_dd,azure,cyclecloud,gpu,4
529,1.0,17.69,azure/cyclecloud/gpu/osu_latency_dd,azure,cyclecloud,gpu,4
530,2.0,17.84,azure/cyclecloud/gpu/osu_latency_dd,azure,cyclecloud,gpu,4
531,4.0,17.78,azure/cyclecloud/gpu/osu_latency_dd,azure,cyclecloud,gpu,4
532,8.0,17.67,azure/cyclecloud/gpu/osu_latency_dd,azure,cyclecloud,gpu,4
533,16.0,17.71,azure/cyclecloud/gpu/osu_latency_dd,azure,cyclecloud,gpu,4
534,32.0,17.95,azure/cyclecloud/gpu/osu_latency_dd,azure,cyclecloud,gpu,4
535,64.0,18.1,azure/cyclecloud/gpu/osu_latency_dd,azure,cyclecloud,gpu,4
536,128.0,18.14,azure/cyclecloud/gpu/osu_latency_dd,azure,cyclecloud,gpu,4
537,256.0,18.28,azure/cyclecloud/gpu/osu_latency_dd,azure,cyclecloud,gpu,4
538,512.0,18.37,azure/cyclecloud/gpu/osu_latency_dd,azure,cyclecloud,gpu,4
539,1024.0,19.04,azure/cyclecloud/gpu/osu_latency_dd,azure,cyclecloud,gpu,4
540,2048.0,19.86,azure/cyclecloud/gpu/osu_latency_dd,azure,cyclecloud,gpu,4
541,4096.0,21.7,azure/cyclecloud/gpu/osu_latency_dd,azure,cyclecloud,gpu,4
542,8192.0,25.51,azure/cyclecloud/gpu/osu_latency_dd,azure,cyclecloud,gpu,4
543,16384.0,32.6,azure/cyclecloud/gpu/osu_latency_dd,azure,cyclecloud,gpu,4
544,32768.0,32.42,azure/cyclecloud/gpu/osu_latency_dd,azure,cyclecloud,gpu,4
545,65536.0,40.15,azure/cyclecloud/gpu/osu_latency_dd,azure,cyclecloud,gpu,4
546,131072.0,56.03,azure/cyclecloud/gpu/osu_latency_dd,azure,cyclecloud,gpu,4
547,262144.0,90.84,azure/cyclecloud/gpu/osu_latency_dd,azure,cyclecloud,gpu,4
548,524288.0,161.37,azure/cyclecloud/gpu/osu_latency_dd,azure,cyclecloud,gpu,4
549,1048576.0,215.87,azure/cyclecloud/gpu/osu_latency_dd,azure,cyclecloud,gpu,4
550,2097152.0,319.19,azure/cyclecloud/gpu/osu_latency_dd,azure,cyclecloud,gpu,4
551,4194304.0,542.85,azure/cyclecloud/gpu/osu_latency_dd,azure,cyclecloud,gpu,4
552,0.0,1.55,azure/cyclecloud/gpu/osu_latency_dd,azure,cyclecloud,gpu,4
553,1.0,17.49,azure/cyclecloud/gpu/osu_latency_dd,azure,cyclecloud,gpu,4
554,2.0,17.6,azure/cyclecloud/gpu/osu_latency_dd,azure,cyclecloud,gpu,4
555,4.0,17.49,azure/cyclecloud/gpu/osu_latency_dd,azure,cyclecloud,gpu,4
556,8.0,17.53,azure/cyclecloud/gpu/osu_latency_dd,azure,cyclecloud,gpu,4
557,16.0,17.56,azure/cyclecloud/gpu/osu_latency_dd,azure,cyclecloud,gpu,4
558,32.0,18.18,azure/cyclecloud/gpu/osu_latency_dd,azure,cyclecloud,gpu,4
559,64.0,18.23,azure/cyclecloud/gpu/osu_latency_dd,azure,cyclecloud,gpu,4
560,128.0,18.3,azure/cyclecloud/gpu/osu_latency_dd,azure,cyclecloud,gpu,4
561,256.0,18.45,azure/cyclecloud/gpu/osu_latency_dd,azure,cyclecloud,gpu,4
562,512.0,18.5,azure/cyclecloud/gpu/osu_latency_dd,azure,cyclecloud,gpu,4
563,1024.0,19.14,azure/cyclecloud/gpu/osu_latency_dd,azure,cyclecloud,gpu,4
564,2048.0,20.07,azure/cyclecloud/gpu/osu_latency_dd,azure,cyclecloud,gpu,4
565,4096.0,21.97,azure/cyclecloud/gpu/osu_latency_dd,azure,cyclecloud,gpu,4
566,8192.0,25.79,azure/cyclecloud/gpu/osu_latency_dd,azure,cyclecloud,gpu,4
567,16384.0,32.24,azure/cyclecloud/gpu/osu_latency_dd,azure,cyclecloud,gpu,4
568,32768.0,31.76,azure/cyclecloud/gpu/osu_latency_dd,azure,cyclecloud,gpu,4
569,65536.0,39.6,azure/cyclecloud/gpu/osu_latency_dd,azure,cyclecloud,gpu,4
570,131072.0,55.24,azure/cyclecloud/gpu/osu_latency_dd,azure,cyclecloud,gpu,4
571,262144.0,90.04,azure/cyclecloud/gpu/osu_latency_dd,azure,cyclecloud,gpu,4
572,524288.0,162.85,azure/cyclecloud/gpu/osu_latency_dd,azure,cyclecloud,gpu,4
573,1048576.0,222.88,azure/cyclecloud/gpu/osu_latency_dd,azure,cyclecloud,gpu,4
574,2097152.0,338.45,azure/cyclecloud/gpu/osu_latency_dd,azure,cyclecloud,gpu,4
575,4194304.0,565.3,azure/cyclecloud/gpu/osu_latency_dd,azure,cyclecloud,gpu,4
576,0.0,1.71,azure/cyclecloud/gpu/osu_latency_hh,azure,cyclecloud,gpu,4
577,1.0,1.7,azure/cyclecloud/gpu/osu_latency_hh,azure,cyclecloud,gpu,4
578,2.0,1.74,azure/cyclecloud/gpu/osu_latency_hh,azure,cyclecloud,gpu,4
579,4.0,1.7,azure/cyclecloud/gpu/osu_latency_hh,azure,cyclecloud,gpu,4
580,8.0,1.7,azure/cyclecloud/gpu/osu_latency_hh,azure,cyclecloud,gpu,4
581,16.0,1.7,azure/cyclecloud/gpu/osu_latency_hh,azure,cyclecloud,gpu,4
582,32.0,1.75,azure/cyclecloud/gpu/osu_latency_hh,azure,cyclecloud,gpu,4
583,64.0,1.87,azure/cyclecloud/gpu/osu_latency_hh,azure,cyclecloud,gpu,4
584,128.0,1.9,azure/cyclecloud/gpu/osu_latency_hh,azure,cyclecloud,gpu,4
585,256.0,2.68,azure/cyclecloud/gpu/osu_latency_hh,azure,cyclecloud,gpu,4
586,512.0,2.77,azure/cyclecloud/gpu/osu_latency_hh,azure,cyclecloud,gpu,4
587,1024.0,2.95,azure/cyclecloud/gpu/osu_latency_hh,azure,cyclecloud,gpu,4
588,2048.0,3.39,azure/cyclecloud/gpu/osu_latency_hh,azure,cyclecloud,gpu,4
589,4096.0,4.42,azure/cyclecloud/gpu/osu_latency_hh,azure,cyclecloud,gpu,4
590,8192.0,5.68,azure/cyclecloud/gpu/osu_latency_hh,azure,cyclecloud,gpu,4
591,16384.0,7.76,azure/cyclecloud/gpu/osu_latency_hh,azure,cyclecloud,gpu,4
592,32768.0,9.84,azure/cyclecloud/gpu/osu_latency_hh,azure,cyclecloud,gpu,4
593,65536.0,12.84,azure/cyclecloud/gpu/osu_latency_hh,azure,cyclecloud,gpu,4
594,131072.0,18.74,azure/cyclecloud/gpu/osu_latency_hh,azure,cyclecloud,gpu,4
595,262144.0,35.27,azure/cyclecloud/gpu/osu_latency_hh,azure,cyclecloud,gpu,4
596,524288.0,68.67,azure/cyclecloud/gpu/osu_latency_hh,azure,cyclecloud,gpu,4
597,1048576.0,141.6,azure/cyclecloud/gpu/osu_latency_hh,azure,cyclecloud,gpu,4
598,2097152.0,274.7,azure/cyclecloud/gpu/osu_latency_hh,azure,cyclecloud,gpu,4
599,4194304.0,556.98,azure/cyclecloud/gpu/osu_latency_hh,azure,cyclecloud,gpu,4
600,0.0,1.43,azure/cyclecloud/gpu/osu_latency_hh,azure,cyclecloud,gpu,4
601,1.0,1.41,azure/cyclecloud/gpu/osu_latency_hh,azure,cyclecloud,gpu,4
602,2.0,1.44,azure/cyclecloud/gpu/osu_latency_hh,azure,cyclecloud,gpu,4
603,4.0,1.44,azure/cyclecloud/gpu/osu_latency_hh,azure,cyclecloud,gpu,4
604,8.0,1.41,azure/cyclecloud/gpu/osu_latency_hh,azure,cyclecloud,gpu,4
605,16.0,1.42,azure/cyclecloud/gpu/osu_latency_hh,azure,cyclecloud,gpu,4
606,32.0,1.46,azure/cyclecloud/gpu/osu_latency_hh,azure,cyclecloud,gpu,4
607,64.0,1.58,azure/cyclecloud/gpu/osu_latency_hh,azure,cyclecloud,gpu,4
608,128.0,1.61,azure/cyclecloud/gpu/osu_latency_hh,azure,cyclecloud,gpu,4
609,256.0,2.4,azure/cyclecloud/gpu/osu_latency_hh,azure,cyclecloud,gpu,4
610,512.0,2.47,azure/cyclecloud/gpu/osu_latency_hh,azure,cyclecloud,gpu,4
611,1024.0,2.66,azure/cyclecloud/gpu/osu_latency_hh,azure,cyclecloud,gpu,4
612,2048.0,3.11,azure/cyclecloud/gpu/osu_latency_hh,azure,cyclecloud,gpu,4
613,4096.0,4.0,azure/cyclecloud/gpu/osu_latency_hh,azure,cyclecloud,gpu,4
614,8192.0,5.51,azure/cyclecloud/gpu/osu_latency_hh,azure,cyclecloud,gpu,4
615,16384.0,7.48,azure/cyclecloud/gpu/osu_latency_hh,azure,cyclecloud,gpu,4
616,32768.0,9.49,azure/cyclecloud/gpu/osu_latency_hh,azure,cyclecloud,gpu,4
617,65536.0,12.29,azure/cyclecloud/gpu/osu_latency_hh,azure,cyclecloud,gpu,4
618,131072.0,17.87,azure/cyclecloud/gpu/osu_latency_hh,azure,cyclecloud,gpu,4
619,262144.0,30.74,azure/cyclecloud/gpu/osu_latency_hh,azure,cyclecloud,gpu,4
620,524288.0,55.86,azure/cyclecloud/gpu/osu_latency_hh,azure,cyclecloud,gpu,4
621,1048576.0,109.86,azure/cyclecloud/gpu/osu_latency_hh,azure,cyclecloud,gpu,4
622,2097152.0,216.37,azure/cyclecloud/gpu/osu_latency_hh,azure,cyclecloud,gpu,4
623,4194304.0,430.01,azure/cyclecloud/gpu/osu_latency_hh,azure,cyclecloud,gpu,4
624,0.0,1.79,azure/cyclecloud/gpu/osu_latency_hh,azure,cyclecloud,gpu,4
625,1.0,1.78,azure/cyclecloud/gpu/osu_latency_hh,azure,cyclecloud,gpu,4
626,2.0,1.81,azure/cyclecloud/gpu/osu_latency_hh,azure,cyclecloud,gpu,4
627,4.0,1.78,azure/cyclecloud/gpu/osu_latency_hh,azure,cyclecloud,gpu,4
628,8.0,1.77,azure/cyclecloud/gpu/osu_latency_hh,azure,cyclecloud,gpu,4
629,16.0,1.78,azure/cyclecloud/gpu/osu_latency_hh,azure,cyclecloud,gpu,4
630,32.0,1.83,azure/cyclecloud/gpu/osu_latency_hh,azure,cyclecloud,gpu,4
631,64.0,1.94,azure/cyclecloud/gpu/osu_latency_hh,azure,cyclecloud,gpu,4
632,128.0,1.97,azure/cyclecloud/gpu/osu_latency_hh,azure,cyclecloud,gpu,4
633,256.0,2.75,azure/cyclecloud/gpu/osu_latency_hh,azure,cyclecloud,gpu,4
634,512.0,2.83,azure/cyclecloud/gpu/osu_latency_hh,azure,cyclecloud,gpu,4
635,1024.0,3.02,azure/cyclecloud/gpu/osu_latency_hh,azure,cyclecloud,gpu,4
636,2048.0,3.47,azure/cyclecloud/gpu/osu_latency_hh,azure,cyclecloud,gpu,4
637,4096.0,4.42,azure/cyclecloud/gpu/osu_latency_hh,azure,cyclecloud,gpu,4
638,8192.0,5.77,azure/cyclecloud/gpu/osu_latency_hh,azure,cyclecloud,gpu,4
639,16384.0,7.85,azure/cyclecloud/gpu/osu_latency_hh,azure,cyclecloud,gpu,4
640,32768.0,9.85,azure/cyclecloud/gpu/osu_latency_hh,azure,cyclecloud,gpu,4
641,65536.0,12.86,azure/cyclecloud/gpu/osu_latency_hh,azure,cyclecloud,gpu,4
642,131072.0,18.26,azure/cyclecloud/gpu/osu_latency_hh,azure,cyclecloud,gpu,4
643,262144.0,31.54,azure/cyclecloud/gpu/osu_latency_hh,azure,cyclecloud,gpu,4
644,524288.0,56.83,azure/cyclecloud/gpu/osu_latency_hh,azure,cyclecloud,gpu,4
645,1048576.0,108.87,azure/cyclecloud/gpu/osu_latency_hh,azure,cyclecloud,gpu,4
646,2097152.0,204.63,azure/cyclecloud/gpu/osu_latency_hh,azure,cyclecloud,gpu,4
647,4194304.0,428.24,azure/cyclecloud/gpu/osu_latency_hh,azure,cyclecloud,gpu,4
648,0.0,1.71,azure/cyclecloud/gpu/osu_latency_hh,azure,cyclecloud,gpu,4
649,1.0,1.71,azure/cyclecloud/gpu/osu_latency_hh,azure,cyclecloud,gpu,4
650,2.0,1.74,azure/cyclecloud/gpu/osu_latency_hh,azure,cyclecloud,gpu,4
651,4.0,1.71,azure/cyclecloud/gpu/osu_latency_hh,azure,cyclecloud,gpu,4
652,8.0,1.71,azure/cyclecloud/gpu/osu_latency_hh,azure,cyclecloud,gpu,4
653,16.0,1.71,azure/cyclecloud/gpu/osu_latency_hh,azure,cyclecloud,gpu,4
654,32.0,1.76,azure/cyclecloud/gpu/osu_latency_hh,azure,cyclecloud,gpu,4
655,64.0,1.87,azure/cyclecloud/gpu/osu_latency_hh,azure,cyclecloud,gpu,4
656,128.0,1.9,azure/cyclecloud/gpu/osu_latency_hh,azure,cyclecloud,gpu,4
657,256.0,2.69,azure/cyclecloud/gpu/osu_latency_hh,azure,cyclecloud,gpu,4
658,512.0,2.77,azure/cyclecloud/gpu/osu_latency_hh,azure,cyclecloud,gpu,4
659,1024.0,2.95,azure/cyclecloud/gpu/osu_latency_hh,azure,cyclecloud,gpu,4
660,2048.0,3.41,azure/cyclecloud/gpu/osu_latency_hh,azure,cyclecloud,gpu,4
661,4096.0,4.43,azure/cyclecloud/gpu/osu_latency_hh,azure,cyclecloud,gpu,4
662,8192.0,5.68,azure/cyclecloud/gpu/osu_latency_hh,azure,cyclecloud,gpu,4
663,16384.0,7.75,azure/cyclecloud/gpu/osu_latency_hh,azure,cyclecloud,gpu,4
664,32768.0,9.71,azure/cyclecloud/gpu/osu_latency_hh,azure,cyclecloud,gpu,4
665,65536.0,12.77,azure/cyclecloud/gpu/osu_latency_hh,azure,cyclecloud,gpu,4
666,131072.0,18.36,azure/cyclecloud/gpu/osu_latency_hh,azure,cyclecloud,gpu,4
667,262144.0,32.06,azure/cyclecloud/gpu/osu_latency_hh,azure,cyclecloud,gpu,4
668,524288.0,57.39,azure/cyclecloud/gpu/osu_latency_hh,azure,cyclecloud,gpu,4
669,1048576.0,110.05,azure/cyclecloud/gpu/osu_latency_hh,azure,cyclecloud,gpu,4
670,2097152.0,206.41,azure/cyclecloud/gpu/osu_latency_hh,azure,cyclecloud,gpu,4
671,4194304.0,431.02,azure/cyclecloud/gpu/osu_latency_hh,azure,cyclecloud,gpu,4
672,0.0,1.79,azure/cyclecloud/gpu/osu_latency_hh,azure,cyclecloud,gpu,4
673,1.0,1.79,azure/cyclecloud/gpu/osu_latency_hh,azure,cyclecloud,gpu,4
674,2.0,1.82,azure/cyclecloud/gpu/osu_latency_hh,azure,cyclecloud,gpu,4
675,4.0,1.78,azure/cyclecloud/gpu/osu_latency_hh,azure,cyclecloud,gpu,4
676,8.0,1.78,azure/cyclecloud/gpu/osu_latency_hh,azure,cyclecloud,gpu,4
677,16.0,1.78,azure/cyclecloud/gpu/osu_latency_hh,azure,cyclecloud,gpu,4
678,32.0,1.83,azure/cyclecloud/gpu/osu_latency_hh,azure,cyclecloud,gpu,4
679,64.0,1.95,azure/cyclecloud/gpu/osu_latency_hh,azure,cyclecloud,gpu,4
680,128.0,1.98,azure/cyclecloud/gpu/osu_latency_hh,azure,cyclecloud,gpu,4
681,256.0,2.77,azure/cyclecloud/gpu/osu_latency_hh,azure,cyclecloud,gpu,4
682,512.0,2.84,azure/cyclecloud/gpu/osu_latency_hh,azure,cyclecloud,gpu,4
683,1024.0,3.03,azure/cyclecloud/gpu/osu_latency_hh,azure,cyclecloud,gpu,4
684,2048.0,3.48,azure/cyclecloud/gpu/osu_latency_hh,azure,cyclecloud,gpu,4
685,4096.0,4.49,azure/cyclecloud/gpu/osu_latency_hh,azure,cyclecloud,gpu,4
686,8192.0,5.79,azure/cyclecloud/gpu/osu_latency_hh,azure,cyclecloud,gpu,4
687,16384.0,7.81,azure/cyclecloud/gpu/osu_latency_hh,azure,cyclecloud,gpu,4
688,32768.0,9.87,azure/cyclecloud/gpu/osu_latency_hh,azure,cyclecloud,gpu,4
689,65536.0,13.27,azure/cyclecloud/gpu/osu_latency_hh,azure,cyclecloud,gpu,4
690,131072.0,18.52,azure/cyclecloud/gpu/osu_latency_hh,azure,cyclecloud,gpu,4
691,262144.0,31.44,azure/cyclecloud/gpu/osu_latency_hh,azure,cyclecloud,gpu,4
692,524288.0,58.29,azure/cyclecloud/gpu/osu_latency_hh,azure,cyclecloud,gpu,4
693,1048576.0,112.13,azure/cyclecloud/gpu/osu_latency_hh,azure,cyclecloud,gpu,4
694,2097152.0,226.08,azure/cyclecloud/gpu/osu_latency_hh,azure,cyclecloud,gpu,4
695,4194304.0,500.7,azure/cyclecloud/gpu/osu_latency_hh,azure,cyclecloud,gpu,4
696,0.0,1.79,azure/cyclecloud/gpu/osu_latency_hh,azure,cyclecloud,gpu,4
697,1.0,1.78,azure/cyclecloud/gpu/osu_latency_hh,azure,cyclecloud,gpu,4
698,2.0,1.82,azure/cyclecloud/gpu/osu_latency_hh,azure,cyclecloud,gpu,4
699,4.0,1.78,azure/cyclecloud/gpu/osu_latency_hh,azure,cyclecloud,gpu,4
700,8.0,1.77,azure/cyclecloud/gpu/osu_latency_hh,azure,cyclecloud,gpu,4
701,16.0,1.78,azure/cyclecloud/gpu/osu_latency_hh,azure,cyclecloud,gpu,4
702,32.0,1.83,azure/cyclecloud/gpu/osu_latency_hh,azure,cyclecloud,gpu,4
703,64.0,1.95,azure/cyclecloud/gpu/osu_latency_hh,azure,cyclecloud,gpu,4
704,128.0,1.98,azure/cyclecloud/gpu/osu_latency_hh,azure,cyclecloud,gpu,4
705,256.0,2.76,azure/cyclecloud/gpu/osu_latency_hh,azure,cyclecloud,gpu,4
706,512.0,2.84,azure/cyclecloud/gpu/osu_latency_hh,azure,cyclecloud,gpu,4
707,1024.0,3.02,azure/cyclecloud/gpu/osu_latency_hh,azure,cyclecloud,gpu,4
708,2048.0,3.47,azure/cyclecloud/gpu/osu_latency_hh,azure,cyclecloud,gpu,4
709,4096.0,4.5,azure/cyclecloud/gpu/osu_latency_hh,azure,cyclecloud,gpu,4
710,8192.0,5.73,azure/cyclecloud/gpu/osu_latency_hh,azure,cyclecloud,gpu,4
711,16384.0,7.82,azure/cyclecloud/gpu/osu_latency_hh,azure,cyclecloud,gpu,4
712,32768.0,9.87,azure/cyclecloud/gpu/osu_latency_hh,azure,cyclecloud,gpu,4
713,65536.0,12.84,azure/cyclecloud/gpu/osu_latency_hh,azure,cyclecloud,gpu,4
714,131072.0,18.49,azure/cyclecloud/gpu/osu_latency_hh,azure,cyclecloud,gpu,4
715,262144.0,32.25,azure/cyclecloud/gpu/osu_latency_hh,azure,cyclecloud,gpu,4
716,524288.0,57.15,azure/cyclecloud/gpu/osu_latency_hh,azure,cyclecloud,gpu,4
717,1048576.0,110.06,azure/cyclecloud/gpu/osu_latency_hh,azure,cyclecloud,gpu,4
718,2097152.0,213.0,azure/cyclecloud/gpu/osu_latency_hh,azure,cyclecloud,gpu,4
719,4194304.0,425.2,azure/cyclecloud/gpu/osu_latency_hh,azure,cyclecloud,gpu,4
720,0.0,1.87,azure/aks/gpu/osu_latency,azure,aks,gpu,4
721,1.0,1.87,azure/aks/gpu/osu_latency,azure,aks,gpu,4
722,2.0,1.87,azure/aks/gpu/osu_latency,azure,aks,gpu,4
723,4.0,1.87,azure/aks/gpu/osu_latency,azure,aks,gpu,4
724,8.0,1.87,azure/aks/gpu/osu_latency,azure,aks,gpu,4
725,16.0,1.88,azure/aks/gpu/osu_latency,azure,aks,gpu,4
726,32.0,1.92,azure/aks/gpu/osu_latency,azure,aks,gpu,4
727,64.0,2.15,azure/aks/gpu/osu_latency,azure,aks,gpu,4
728,128.0,2.21,azure/aks/gpu/osu_latency,azure,aks,gpu,4
729,256.0,3.09,azure/aks/gpu/osu_latency,azure,aks,gpu,4
730,512.0,3.25,azure/aks/gpu/osu_latency,azure,aks,gpu,4
731,1024.0,3.43,azure/aks/gpu/osu_latency,azure,aks,gpu,4
732,2048.0,3.98,azure/aks/gpu/osu_latency,azure,aks,gpu,4
733,4096.0,4.93,azure/aks/gpu/osu_latency,azure,aks,gpu,4
734,8192.0,6.57,azure/aks/gpu/osu_latency,azure,aks,gpu,4
735,16384.0,8.74,azure/aks/gpu/osu_latency,azure,aks,gpu,4
736,32768.0,11.7,azure/aks/gpu/osu_latency,azure,aks,gpu,4
737,65536.0,16.89,azure/aks/gpu/osu_latency,azure,aks,gpu,4
738,131072.0,26.43,azure/aks/gpu/osu_latency,azure,aks,gpu,4
739,262144.0,34.49,azure/aks/gpu/osu_latency,azure,aks,gpu,4
740,524288.0,62.63,azure/aks/gpu/osu_latency,azure,aks,gpu,4
741,1048576.0,115.17,azure/aks/gpu/osu_latency,azure,aks,gpu,4
742,2097152.0,212.97,azure/aks/gpu/osu_latency,azure,aks,gpu,4
743,4194304.0,427.56,azure/aks/gpu/osu_latency,azure,aks,gpu,4
744,0.0,1.85,azure/aks/gpu/osu_latency,azure,aks,gpu,4
745,1.0,1.85,azure/aks/gpu/osu_latency,azure,aks,gpu,4
746,2.0,1.85,azure/aks/gpu/osu_latency,azure,aks,gpu,4
747,4.0,1.85,azure/aks/gpu/osu_latency,azure,aks,gpu,4
748,8.0,1.85,azure/aks/gpu/osu_latency,azure,aks,gpu,4
749,16.0,1.86,azure/aks/gpu/osu_latency,azure,aks,gpu,4
750,32.0,1.9,azure/aks/gpu/osu_latency,azure,aks,gpu,4
751,64.0,2.14,azure/aks/gpu/osu_latency,azure,aks,gpu,4
752,128.0,2.19,azure/aks/gpu/osu_latency,azure,aks,gpu,4
753,256.0,3.06,azure/aks/gpu/osu_latency,azure,aks,gpu,4
754,512.0,3.22,azure/aks/gpu/osu_latency,azure,aks,gpu,4
755,1024.0,3.4,azure/aks/gpu/osu_latency,azure,aks,gpu,4
756,2048.0,3.96,azure/aks/gpu/osu_latency,azure,aks,gpu,4
757,4096.0,4.93,azure/aks/gpu/osu_latency,azure,aks,gpu,4
758,8192.0,6.56,azure/aks/gpu/osu_latency,azure,aks,gpu,4
759,16384.0,8.72,azure/aks/gpu/osu_latency,azure,aks,gpu,4
760,32768.0,11.63,azure/aks/gpu/osu_latency,azure,aks,gpu,4
761,65536.0,16.54,azure/aks/gpu/osu_latency,azure,aks,gpu,4
762,131072.0,25.84,azure/aks/gpu/osu_latency,azure,aks,gpu,4
763,262144.0,31.48,azure/aks/gpu/osu_latency,azure,aks,gpu,4
764,524288.0,55.7,azure/aks/gpu/osu_latency,azure,aks,gpu,4
765,1048576.0,108.65,azure/aks/gpu/osu_latency,azure,aks,gpu,4
766,2097152.0,205.54,azure/aks/gpu/osu_latency,azure,aks,gpu,4
767,4194304.0,411.61,azure/aks/gpu/osu_latency,azure,aks,gpu,4
768,0.0,1.85,azure/aks/gpu/osu_latency,azure,aks,gpu,4
769,1.0,1.85,azure/aks/gpu/osu_latency,azure,aks,gpu,4
770,2.0,1.85,azure/aks/gpu/osu_latency,azure,aks,gpu,4
771,4.0,1.85,azure/aks/gpu/osu_latency,azure,aks,gpu,4
772,8.0,1.85,azure/aks/gpu/osu_latency,azure,aks,gpu,4
773,16.0,1.85,azure/aks/gpu/osu_latency,azure,aks,gpu,4
774,32.0,1.89,azure/aks/gpu/osu_latency,azure,aks,gpu,4
775,64.0,2.12,azure/aks/gpu/osu_latency,azure,aks,gpu,4
776,128.0,2.17,azure/aks/gpu/osu_latency,azure,aks,gpu,4
777,256.0,3.05,azure/aks/gpu/osu_latency,azure,aks,gpu,4
778,512.0,3.21,azure/aks/gpu/osu_latency,azure,aks,gpu,4
779,1024.0,3.39,azure/aks/gpu/osu_latency,azure,aks,gpu,4
780,2048.0,3.94,azure/aks/gpu/osu_latency,azure,aks,gpu,4
781,4096.0,4.88,azure/aks/gpu/osu_latency,azure,aks,gpu,4
782,8192.0,6.49,azure/aks/gpu/osu_latency,azure,aks,gpu,4
783,16384.0,8.63,azure/aks/gpu/osu_latency,azure,aks,gpu,4
784,32768.0,11.46,azure/aks/gpu/osu_latency,azure,aks,gpu,4
785,65536.0,16.46,azure/aks/gpu/osu_latency,azure,aks,gpu,4
786,131072.0,26.02,azure/aks/gpu/osu_latency,azure,aks,gpu,4
787,262144.0,32.64,azure/aks/gpu/osu_latency,azure,aks,gpu,4
788,524288.0,57.09,azure/aks/gpu/osu_latency,azure,aks,gpu,4
789,1048576.0,103.15,azure/aks/gpu/osu_latency,azure,aks,gpu,4
790,2097152.0,198.81,azure/aks/gpu/osu_latency,azure,aks,gpu,4
791,4194304.0,405.23,azure/aks/gpu/osu_latency,azure,aks,gpu,4
792,0.0,1.87,azure/aks/gpu/osu_latency,azure,aks,gpu,4
793,1.0,1.87,azure/aks/gpu/osu_latency,azure,aks,gpu,4
794,2.0,1.87,azure/aks/gpu/osu_latency,azure,aks,gpu,4
795,4.0,1.87,azure/aks/gpu/osu_latency,azure,aks,gpu,4
796,8.0,1.87,azure/aks/gpu/osu_latency,azure,aks,gpu,4
797,16.0,1.88,azure/aks/gpu/osu_latency,azure,aks,gpu,4
798,32.0,1.92,azure/aks/gpu/osu_latency,azure,aks,gpu,4
799,64.0,2.15,azure/aks/gpu/osu_latency,azure,aks,gpu,4
800,128.0,2.2,azure/aks/gpu/osu_latency,azure,aks,gpu,4
801,256.0,3.1,azure/aks/gpu/osu_latency,azure,aks,gpu,4
802,512.0,3.24,azure/aks/gpu/osu_latency,azure,aks,gpu,4
803,1024.0,3.44,azure/aks/gpu/osu_latency,azure,aks,gpu,4
804,2048.0,3.96,azure/aks/gpu/osu_latency,azure,aks,gpu,4
805,4096.0,4.93,azure/aks/gpu/osu_latency,azure,aks,gpu,4
806,8192.0,6.58,azure/aks/gpu/osu_latency,azure,aks,gpu,4
807,16384.0,8.73,azure/aks/gpu/osu_latency,azure,aks,gpu,4
808,32768.0,11.65,azure/aks/gpu/osu_latency,azure,aks,gpu,4
809,65536.0,16.58,azure/aks/gpu/osu_latency,azure,aks,gpu,4
810,131072.0,25.85,azure/aks/gpu/osu_latency,azure,aks,gpu,4
811,262144.0,33.36,azure/aks/gpu/osu_latency,azure,aks,gpu,4
812,524288.0,59.95,azure/aks/gpu/osu_latency,azure,aks,gpu,4
813,1048576.0,113.92,azure/aks/gpu/osu_latency,azure,aks,gpu,4
814,2097152.0,210.37,azure/aks/gpu/osu_latency,azure,aks,gpu,4
815,4194304.0,415.77,azure/aks/gpu/osu_latency,azure,aks,gpu,4
816,0.0,1.85,azure/aks/gpu/osu_latency,azure,aks,gpu,4
817,1.0,1.85,azure/aks/gpu/osu_latency,azure,aks,gpu,4
818,2.0,1.85,azure/aks/gpu/osu_latency,azure,aks,gpu,4
819,4.0,1.86,azure/aks/gpu/osu_latency,azure,aks,gpu,4
820,8.0,1.86,azure/aks/gpu/osu_latency,azure,aks,gpu,4
821,16.0,1.86,azure/aks/gpu/osu_latency,azure,aks,gpu,4
822,32.0,1.9,azure/aks/gpu/osu_latency,azure,aks,gpu,4
823,64.0,2.13,azure/aks/gpu/osu_latency,azure,aks,gpu,4
824,128.0,2.18,azure/aks/gpu/osu_latency,azure,aks,gpu,4
825,256.0,3.07,azure/aks/gpu/osu_latency,azure,aks,gpu,4
826,512.0,3.24,azure/aks/gpu/osu_latency,azure,aks,gpu,4
827,1024.0,3.4,azure/aks/gpu/osu_latency,azure,aks,gpu,4
828,2048.0,3.98,azure/aks/gpu/osu_latency,azure,aks,gpu,4
829,4096.0,4.92,azure/aks/gpu/osu_latency,azure,aks,gpu,4
830,8192.0,6.56,azure/aks/gpu/osu_latency,azure,aks,gpu,4
831,16384.0,8.73,azure/aks/gpu/osu_latency,azure,aks,gpu,4
832,32768.0,11.66,azure/aks/gpu/osu_latency,azure,aks,gpu,4
833,65536.0,16.62,azure/aks/gpu/osu_latency,azure,aks,gpu,4
834,131072.0,25.9,azure/aks/gpu/osu_latency,azure,aks,gpu,4
835,262144.0,33.13,azure/aks/gpu/osu_latency,azure,aks,gpu,4
836,524288.0,59.62,azure/aks/gpu/osu_latency,azure,aks,gpu,4
837,1048576.0,114.91,azure/aks/gpu/osu_latency,azure,aks,gpu,4
838,2097152.0,211.32,azure/aks/gpu/osu_latency,azure,aks,gpu,4
839,4194304.0,428.65,azure/aks/gpu/osu_latency,azure,aks,gpu,4
840,0.0,1.88,azure/aks/gpu/osu_latency,azure,aks,gpu,4
841,1.0,1.87,azure/aks/gpu/osu_latency,azure,aks,gpu,4
842,2.0,1.87,azure/aks/gpu/osu_latency,azure,aks,gpu,4
843,4.0,1.87,azure/aks/gpu/osu_latency,azure,aks,gpu,4
844,8.0,1.87,azure/aks/gpu/osu_latency,azure,aks,gpu,4
845,16.0,1.87,azure/aks/gpu/osu_latency,azure,aks,gpu,4
846,32.0,1.92,azure/aks/gpu/osu_latency,azure,aks,gpu,4
847,64.0,2.15,azure/aks/gpu/osu_latency,azure,aks,gpu,4
848,128.0,2.2,azure/aks/gpu/osu_latency,azure,aks,gpu,4
849,256.0,3.1,azure/aks/gpu/osu_latency,azure,aks,gpu,4
850,512.0,3.24,azure/aks/gpu/osu_latency,azure,aks,gpu,4
851,1024.0,3.44,azure/aks/gpu/osu_latency,azure,aks,gpu,4
852,2048.0,3.99,azure/aks/gpu/osu_latency,azure,aks,gpu,4
853,4096.0,4.93,azure/aks/gpu/osu_latency,azure,aks,gpu,4
854,8192.0,6.58,azure/aks/gpu/osu_latency,azure,aks,gpu,4
855,16384.0,8.76,azure/aks/gpu/osu_latency,azure,aks,gpu,4
856,32768.0,11.63,azure/aks/gpu/osu_latency,azure,aks,gpu,4
857,65536.0,16.55,azure/aks/gpu/osu_latency,azure,aks,gpu,4
858,131072.0,26.09,azure/aks/gpu/osu_latency,azure,aks,gpu,4
859,262144.0,34.27,azure/aks/gpu/osu_latency,azure,aks,gpu,4
860,524288.0,61.26,azure/aks/gpu/osu_latency,azure,aks,gpu,4
861,1048576.0,114.54,azure/aks/gpu/osu_latency,azure,aks,gpu,4
862,2097152.0,212.6,azure/aks/gpu/osu_latency,azure,aks,gpu,4
863,4194304.0,417.25,azure/aks/gpu/osu_latency,azure,aks,gpu,4
