,size,bandwidth_mb_s,experiment,cloud,env,env_type,nodes
0,1.0,0.13,google/gke/gpu/osu_bw,google,gke,gpu,4
1,2.0,0.26,google/gke/gpu/osu_bw,google,gke,gpu,4
2,4.0,0.52,google/gke/gpu/osu_bw,google,gke,gpu,4
3,8.0,1.04,google/gke/gpu/osu_bw,google,gke,gpu,4
4,16.0,2.06,google/gke/gpu/osu_bw,google,gke,gpu,4
5,32.0,4.15,google/gke/gpu/osu_bw,google,gke,gpu,4
6,64.0,7.53,google/gke/gpu/osu_bw,google,gke,gpu,4
7,128.0,16.32,google/gke/gpu/osu_bw,google,gke,gpu,4
8,256.0,32.08,google/gke/gpu/osu_bw,google,gke,gpu,4
9,512.0,64.58,google/gke/gpu/osu_bw,google,gke,gpu,4
10,1024.0,126.68,google/gke/gpu/osu_bw,google,gke,gpu,4
11,2048.0,246.95,google/gke/gpu/osu_bw,google,gke,gpu,4
12,4096.0,463.69,google/gke/gpu/osu_bw,google,gke,gpu,4
13,8192.0,848.03,google/gke/gpu/osu_bw,google,gke,gpu,4
14,16384.0,1471.32,google/gke/gpu/osu_bw,google,gke,gpu,4
15,32768.0,2068.54,google/gke/gpu/osu_bw,google,gke,gpu,4
16,65536.0,1832.95,google/gke/gpu/osu_bw,google,gke,gpu,4
17,131072.0,2592.67,google/gke/gpu/osu_bw,google,gke,gpu,4
18,262144.0,3162.48,google/gke/gpu/osu_bw,google,gke,gpu,4
19,524288.0,3433.43,google/gke/gpu/osu_bw,google,gke,gpu,4
20,1048576.0,3479.84,google/gke/gpu/osu_bw,google,gke,gpu,4
21,2097152.0,3564.33,google/gke/gpu/osu_bw,google,gke,gpu,4
22,4194304.0,3604.51,google/gke/gpu/osu_bw,google,gke,gpu,4
23,1.0,0.13,google/gke/gpu/osu_bw,google,gke,gpu,4
24,2.0,0.26,google/gke/gpu/osu_bw,google,gke,gpu,4
25,4.0,0.51,google/gke/gpu/osu_bw,google,gke,gpu,4
26,8.0,1.03,google/gke/gpu/osu_bw,google,gke,gpu,4
27,16.0,2.05,google/gke/gpu/osu_bw,google,gke,gpu,4
28,32.0,4.16,google/gke/gpu/osu_bw,google,gke,gpu,4
29,64.0,8.26,google/gke/gpu/osu_bw,google,gke,gpu,4
30,128.0,16.39,google/gke/gpu/osu_bw,google,gke,gpu,4
31,256.0,32.18,google/gke/gpu/osu_bw,google,gke,gpu,4
32,512.0,64.41,google/gke/gpu/osu_bw,google,gke,gpu,4
33,1024.0,126.34,google/gke/gpu/osu_bw,google,gke,gpu,4
34,2048.0,244.52,google/gke/gpu/osu_bw,google,gke,gpu,4
35,4096.0,466.61,google/gke/gpu/osu_bw,google,gke,gpu,4
36,8192.0,869.1,google/gke/gpu/osu_bw,google,gke,gpu,4
37,16384.0,1538.46,google/gke/gpu/osu_bw,google,gke,gpu,4
38,32768.0,2033.56,google/gke/gpu/osu_bw,google,gke,gpu,4
39,65536.0,1828.05,google/gke/gpu/osu_bw,google,gke,gpu,4
40,131072.0,2536.36,google/gke/gpu/osu_bw,google,gke,gpu,4
41,262144.0,3094.16,google/gke/gpu/osu_bw,google,gke,gpu,4
42,524288.0,3196.94,google/gke/gpu/osu_bw,google,gke,gpu,4
43,1048576.0,3469.45,google/gke/gpu/osu_bw,google,gke,gpu,4
44,2097152.0,3558.41,google/gke/gpu/osu_bw,google,gke,gpu,4
45,4194304.0,3571.31,google/gke/gpu/osu_bw,google,gke,gpu,4
46,1.0,0.12,google/gke/gpu/osu_bw,google,gke,gpu,4
47,2.0,0.24,google/gke/gpu/osu_bw,google,gke,gpu,4
48,4.0,0.47,google/gke/gpu/osu_bw,google,gke,gpu,4
49,8.0,0.97,google/gke/gpu/osu_bw,google,gke,gpu,4
50,16.0,1.89,google/gke/gpu/osu_bw,google,gke,gpu,4
51,32.0,3.85,google/gke/gpu/osu_bw,google,gke,gpu,4
52,64.0,7.54,google/gke/gpu/osu_bw,google,gke,gpu,4
53,128.0,15.58,google/gke/gpu/osu_bw,google,gke,gpu,4
54,256.0,31.59,google/gke/gpu/osu_bw,google,gke,gpu,4
55,512.0,64.77,google/gke/gpu/osu_bw,google,gke,gpu,4
56,1024.0,126.35,google/gke/gpu/osu_bw,google,gke,gpu,4
57,2048.0,243.14,google/gke/gpu/osu_bw,google,gke,gpu,4
58,4096.0,467.89,google/gke/gpu/osu_bw,google,gke,gpu,4
59,8192.0,805.52,google/gke/gpu/osu_bw,google,gke,gpu,4
60,16384.0,1442.59,google/gke/gpu/osu_bw,google,gke,gpu,4
61,32768.0,1956.23,google/gke/gpu/osu_bw,google,gke,gpu,4
62,65536.0,1836.61,google/gke/gpu/osu_bw,google,gke,gpu,4
63,131072.0,2583.96,google/gke/gpu/osu_bw,google,gke,gpu,4
64,262144.0,3143.35,google/gke/gpu/osu_bw,google,gke,gpu,4
65,524288.0,3358.82,google/gke/gpu/osu_bw,google,gke,gpu,4
66,1048576.0,3633.21,google/gke/gpu/osu_bw,google,gke,gpu,4
67,2097152.0,3574.71,google/gke/gpu/osu_bw,google,gke,gpu,4
68,4194304.0,3598.7,google/gke/gpu/osu_bw,google,gke,gpu,4
69,1.0,0.13,google/gke/gpu/osu_bw,google,gke,gpu,4
70,2.0,0.26,google/gke/gpu/osu_bw,google,gke,gpu,4
71,4.0,0.49,google/gke/gpu/osu_bw,google,gke,gpu,4
72,8.0,1.04,google/gke/gpu/osu_bw,google,gke,gpu,4
73,16.0,2.08,google/gke/gpu/osu_bw,google,gke,gpu,4
74,32.0,4.16,google/gke/gpu/osu_bw,google,gke,gpu,4
75,64.0,8.19,google/gke/gpu/osu_bw,google,gke,gpu,4
76,128.0,16.38,google/gke/gpu/osu_bw,google,gke,gpu,4
77,256.0,31.33,google/gke/gpu/osu_bw,google,gke,gpu,4
78,512.0,63.65,google/gke/gpu/osu_bw,google,gke,gpu,4
79,1024.0,124.68,google/gke/gpu/osu_bw,google,gke,gpu,4
80,2048.0,244.39,google/gke/gpu/osu_bw,google,gke,gpu,4
81,4096.0,464.55,google/gke/gpu/osu_bw,google,gke,gpu,4
82,8192.0,840.45,google/gke/gpu/osu_bw,google,gke,gpu,4
83,16384.0,1413.47,google/gke/gpu/osu_bw,google,gke,gpu,4
84,32768.0,2047.22,google/gke/gpu/osu_bw,google,gke,gpu,4
85,65536.0,1838.15,google/gke/gpu/osu_bw,google,gke,gpu,4
86,131072.0,2545.09,google/gke/gpu/osu_bw,google,gke,gpu,4
87,262144.0,3078.0,google/gke/gpu/osu_bw,google,gke,gpu,4
88,524288.0,3277.03,google/gke/gpu/osu_bw,google,gke,gpu,4
89,1048576.0,3454.22,google/gke/gpu/osu_bw,google,gke,gpu,4
90,2097152.0,3580.31,google/gke/gpu/osu_bw,google,gke,gpu,4
91,4194304.0,3734.16,google/gke/gpu/osu_bw,google,gke,gpu,4
92,1.0,0.13,google/gke/gpu/osu_bw,google,gke,gpu,4
93,2.0,0.26,google/gke/gpu/osu_bw,google,gke,gpu,4
94,4.0,0.53,google/gke/gpu/osu_bw,google,gke,gpu,4
95,8.0,1.04,google/gke/gpu/osu_bw,google,gke,gpu,4
96,16.0,2.01,google/gke/gpu/osu_bw,google,gke,gpu,4
97,32.0,4.2,google/gke/gpu/osu_bw,google,gke,gpu,4
98,64.0,8.42,google/gke/gpu/osu_bw,google,gke,gpu,4
99,128.0,16.62,google/gke/gpu/osu_bw,google,gke,gpu,4
100,256.0,33.14,google/gke/gpu/osu_bw,google,gke,gpu,4
101,512.0,62.38,google/gke/gpu/osu_bw,google,gke,gpu,4
102,1024.0,126.21,google/gke/gpu/osu_bw,google,gke,gpu,4
103,2048.0,242.24,google/gke/gpu/osu_bw,google,gke,gpu,4
104,4096.0,453.33,google/gke/gpu/osu_bw,google,gke,gpu,4
105,8192.0,844.53,google/gke/gpu/osu_bw,google,gke,gpu,4
106,16384.0,1168.11,google/gke/gpu/osu_bw,google,gke,gpu,4
107,32768.0,1591.82,google/gke/gpu/osu_bw,google,gke,gpu,4
108,65536.0,1324.61,google/gke/gpu/osu_bw,google,gke,gpu,4
109,131072.0,1773.19,google/gke/gpu/osu_bw,google,gke,gpu,4
110,262144.0,1907.3,google/gke/gpu/osu_bw,google,gke,gpu,4
111,524288.0,1797.04,google/gke/gpu/osu_bw,google,gke,gpu,4
112,1048576.0,2227.17,google/gke/gpu/osu_bw,google,gke,gpu,4
113,2097152.0,2489.75,google/gke/gpu/osu_bw,google,gke,gpu,4
114,4194304.0,2420.77,google/gke/gpu/osu_bw,google,gke,gpu,4
115,1.0,0.13,google/gke/gpu/osu_bw,google,gke,gpu,4
116,2.0,0.26,google/gke/gpu/osu_bw,google,gke,gpu,4
117,4.0,0.52,google/gke/gpu/osu_bw,google,gke,gpu,4
118,8.0,1.04,google/gke/gpu/osu_bw,google,gke,gpu,4
119,16.0,2.06,google/gke/gpu/osu_bw,google,gke,gpu,4
120,32.0,4.09,google/gke/gpu/osu_bw,google,gke,gpu,4
121,64.0,8.23,google/gke/gpu/osu_bw,google,gke,gpu,4
122,128.0,16.41,google/gke/gpu/osu_bw,google,gke,gpu,4
123,256.0,30.28,google/gke/gpu/osu_bw,google,gke,gpu,4
124,512.0,63.99,google/gke/gpu/osu_bw,google,gke,gpu,4
125,1024.0,124.66,google/gke/gpu/osu_bw,google,gke,gpu,4
126,2048.0,237.75,google/gke/gpu/osu_bw,google,gke,gpu,4
127,4096.0,466.1,google/gke/gpu/osu_bw,google,gke,gpu,4
128,8192.0,870.28,google/gke/gpu/osu_bw,google,gke,gpu,4
129,16384.0,1489.74,google/gke/gpu/osu_bw,google,gke,gpu,4
130,32768.0,2088.75,google/gke/gpu/osu_bw,google,gke,gpu,4
131,65536.0,1794.4,google/gke/gpu/osu_bw,google,gke,gpu,4
132,131072.0,2513.35,google/gke/gpu/osu_bw,google,gke,gpu,4
133,262144.0,3052.74,google/gke/gpu/osu_bw,google,gke,gpu,4
134,524288.0,3369.93,google/gke/gpu/osu_bw,google,gke,gpu,4
135,1048576.0,3451.71,google/gke/gpu/osu_bw,google,gke,gpu,4
136,2097152.0,3613.93,google/gke/gpu/osu_bw,google,gke,gpu,4
137,4194304.0,3611.0,google/gke/gpu/osu_bw,google,gke,gpu,4
138,1.0,0.19,google/compute-engine/gpu/osu_bw,google,compute-engine,gpu,4
139,2.0,0.38,google/compute-engine/gpu/osu_bw,google,compute-engine,gpu,4
140,4.0,0.64,google/compute-engine/gpu/osu_bw,google,compute-engine,gpu,4
141,8.0,1.47,google/compute-engine/gpu/osu_bw,google,compute-engine,gpu,4
142,16.0,3.59,google/compute-engine/gpu/osu_bw,google,compute-engine,gpu,4
143,32.0,7.44,google/compute-engine/gpu/osu_bw,google,compute-engine,gpu,4
144,64.0,21.0,google/compute-engine/gpu/osu_bw,google,compute-engine,gpu,4
145,128.0,41.99,google/compute-engine/gpu/osu_bw,google,compute-engine,gpu,4
146,256.0,74.53,google/compute-engine/gpu/osu_bw,google,compute-engine,gpu,4
147,512.0,144.08,google/compute-engine/gpu/osu_bw,google,compute-engine,gpu,4
148,1024.0,279.3,google/compute-engine/gpu/osu_bw,google,compute-engine,gpu,4
149,2048.0,504.17,google/compute-engine/gpu/osu_bw,google,compute-engine,gpu,4
150,4096.0,796.36,google/compute-engine/gpu/osu_bw,google,compute-engine,gpu,4
151,8192.0,1304.89,google/compute-engine/gpu/osu_bw,google,compute-engine,gpu,4
152,16384.0,1812.42,google/compute-engine/gpu/osu_bw,google,compute-engine,gpu,4
153,32768.0,2244.91,google/compute-engine/gpu/osu_bw,google,compute-engine,gpu,4
154,65536.0,2272.04,google/compute-engine/gpu/osu_bw,google,compute-engine,gpu,4
155,131072.0,2510.94,google/compute-engine/gpu/osu_bw,google,compute-engine,gpu,4
156,262144.0,2440.55,google/compute-engine/gpu/osu_bw,google,compute-engine,gpu,4
157,524288.0,2250.34,google/compute-engine/gpu/osu_bw,google,compute-engine,gpu,4
158,1048576.0,1925.85,google/compute-engine/gpu/osu_bw,google,compute-engine,gpu,4
159,2097152.0,1817.28,google/compute-engine/gpu/osu_bw,google,compute-engine,gpu,4
160,4194304.0,1817.15,google/compute-engine/gpu/osu_bw,google,compute-engine,gpu,4
161,1.0,0.15,google/compute-engine/gpu/osu_bw,google,compute-engine,gpu,4
162,2.0,0.38,google/compute-engine/gpu/osu_bw,google,compute-engine,gpu,4
163,4.0,0.74,google/compute-engine/gpu/osu_bw,google,compute-engine,gpu,4
164,8.0,1.11,google/compute-engine/gpu/osu_bw,google,compute-engine,gpu,4
165,16.0,4.02,google/compute-engine/gpu/osu_bw,google,compute-engine,gpu,4
166,32.0,7.87,google/compute-engine/gpu/osu_bw,google,compute-engine,gpu,4
167,64.0,20.27,google/compute-engine/gpu/osu_bw,google,compute-engine,gpu,4
168,128.0,41.07,google/compute-engine/gpu/osu_bw,google,compute-engine,gpu,4
169,256.0,73.27,google/compute-engine/gpu/osu_bw,google,compute-engine,gpu,4
170,512.0,141.91,google/compute-engine/gpu/osu_bw,google,compute-engine,gpu,4
171,1024.0,274.83,google/compute-engine/gpu/osu_bw,google,compute-engine,gpu,4
172,2048.0,503.41,google/compute-engine/gpu/osu_bw,google,compute-engine,gpu,4
173,4096.0,836.81,google/compute-engine/gpu/osu_bw,google,compute-engine,gpu,4
174,8192.0,1338.18,google/compute-engine/gpu/osu_bw,google,compute-engine,gpu,4
175,16384.0,1807.75,google/compute-engine/gpu/osu_bw,google,compute-engine,gpu,4
176,32768.0,2219.4,google/compute-engine/gpu/osu_bw,google,compute-engine,gpu,4
177,65536.0,2457.57,google/compute-engine/gpu/osu_bw,google,compute-engine,gpu,4
178,131072.0,2494.04,google/compute-engine/gpu/osu_bw,google,compute-engine,gpu,4
179,262144.0,2068.65,google/compute-engine/gpu/osu_bw,google,compute-engine,gpu,4
180,524288.0,1972.6,google/compute-engine/gpu/osu_bw,google,compute-engine,gpu,4
181,1048576.0,1859.16,google/compute-engine/gpu/osu_bw,google,compute-engine,gpu,4
182,2097152.0,1880.18,google/compute-engine/gpu/osu_bw,google,compute-engine,gpu,4
183,4194304.0,1858.03,google/compute-engine/gpu/osu_bw,google,compute-engine,gpu,4
184,1.0,0.21,google/compute-engine/gpu/osu_bw,google,compute-engine,gpu,4
185,2.0,0.32,google/compute-engine/gpu/osu_bw,google,compute-engine,gpu,4
186,4.0,0.74,google/compute-engine/gpu/osu_bw,google,compute-engine,gpu,4
187,8.0,1.43,google/compute-engine/gpu/osu_bw,google,compute-engine,gpu,4
188,16.0,3.45,google/compute-engine/gpu/osu_bw,google,compute-engine,gpu,4
189,32.0,6.49,google/compute-engine/gpu/osu_bw,google,compute-engine,gpu,4
190,64.0,21.62,google/compute-engine/gpu/osu_bw,google,compute-engine,gpu,4
191,128.0,40.1,google/compute-engine/gpu/osu_bw,google,compute-engine,gpu,4
192,256.0,78.3,google/compute-engine/gpu/osu_bw,google,compute-engine,gpu,4
193,512.0,147.29,google/compute-engine/gpu/osu_bw,google,compute-engine,gpu,4
194,1024.0,277.67,google/compute-engine/gpu/osu_bw,google,compute-engine,gpu,4
195,2048.0,490.63,google/compute-engine/gpu/osu_bw,google,compute-engine,gpu,4
196,4096.0,778.58,google/compute-engine/gpu/osu_bw,google,compute-engine,gpu,4
197,8192.0,1257.91,google/compute-engine/gpu/osu_bw,google,compute-engine,gpu,4
198,16384.0,1770.18,google/compute-engine/gpu/osu_bw,google,compute-engine,gpu,4
199,32768.0,2277.33,google/compute-engine/gpu/osu_bw,google,compute-engine,gpu,4
200,65536.0,2462.65,google/compute-engine/gpu/osu_bw,google,compute-engine,gpu,4
201,131072.0,2477.4,google/compute-engine/gpu/osu_bw,google,compute-engine,gpu,4
202,262144.0,1972.35,google/compute-engine/gpu/osu_bw,google,compute-engine,gpu,4
203,524288.0,1801.27,google/compute-engine/gpu/osu_bw,google,compute-engine,gpu,4
204,1048576.0,1820.93,google/compute-engine/gpu/osu_bw,google,compute-engine,gpu,4
205,2097152.0,1865.26,google/compute-engine/gpu/osu_bw,google,compute-engine,gpu,4
206,4194304.0,1815.94,google/compute-engine/gpu/osu_bw,google,compute-engine,gpu,4
207,1.0,0.18,google/compute-engine/gpu/osu_bw,google,compute-engine,gpu,4
208,2.0,0.33,google/compute-engine/gpu/osu_bw,google,compute-engine,gpu,4
209,4.0,0.73,google/compute-engine/gpu/osu_bw,google,compute-engine,gpu,4
210,8.0,1.51,google/compute-engine/gpu/osu_bw,google,compute-engine,gpu,4
211,16.0,3.31,google/compute-engine/gpu/osu_bw,google,compute-engine,gpu,4
212,32.0,6.68,google/compute-engine/gpu/osu_bw,google,compute-engine,gpu,4
213,64.0,16.66,google/compute-engine/gpu/osu_bw,google,compute-engine,gpu,4
214,128.0,42.53,google/compute-engine/gpu/osu_bw,google,compute-engine,gpu,4
215,256.0,78.76,google/compute-engine/gpu/osu_bw,google,compute-engine,gpu,4
216,512.0,151.34,google/compute-engine/gpu/osu_bw,google,compute-engine,gpu,4
217,1024.0,288.4,google/compute-engine/gpu/osu_bw,google,compute-engine,gpu,4
218,2048.0,514.19,google/compute-engine/gpu/osu_bw,google,compute-engine,gpu,4
219,4096.0,856.15,google/compute-engine/gpu/osu_bw,google,compute-engine,gpu,4
220,8192.0,1440.15,google/compute-engine/gpu/osu_bw,google,compute-engine,gpu,4
221,16384.0,1990.53,google/compute-engine/gpu/osu_bw,google,compute-engine,gpu,4
222,32768.0,2343.53,google/compute-engine/gpu/osu_bw,google,compute-engine,gpu,4
223,65536.0,2367.34,google/compute-engine/gpu/osu_bw,google,compute-engine,gpu,4
224,131072.0,2526.6,google/compute-engine/gpu/osu_bw,google,compute-engine,gpu,4
225,262144.0,2143.84,google/compute-engine/gpu/osu_bw,google,compute-engine,gpu,4
226,524288.0,2057.83,google/compute-engine/gpu/osu_bw,google,compute-engine,gpu,4
227,1048576.0,1966.19,google/compute-engine/gpu/osu_bw,google,compute-engine,gpu,4
228,2097152.0,1969.88,google/compute-engine/gpu/osu_bw,google,compute-engine,gpu,4
229,4194304.0,1960.22,google/compute-engine/gpu/osu_bw,google,compute-engine,gpu,4
230,1.0,0.05,google/compute-engine/gpu/osu_bw,google,compute-engine,gpu,4
231,2.0,0.11,google/compute-engine/gpu/osu_bw,google,compute-engine,gpu,4
232,4.0,0.23,google/compute-engine/gpu/osu_bw,google,compute-engine,gpu,4
233,8.0,0.45,google/compute-engine/gpu/osu_bw,google,compute-engine,gpu,4
234,16.0,0.91,google/compute-engine/gpu/osu_bw,google,compute-engine,gpu,4
235,32.0,1.77,google/compute-engine/gpu/osu_bw,google,compute-engine,gpu,4
236,64.0,3.21,google/compute-engine/gpu/osu_bw,google,compute-engine,gpu,4
237,128.0,6.72,google/compute-engine/gpu/osu_bw,google,compute-engine,gpu,4
238,256.0,12.73,google/compute-engine/gpu/osu_bw,google,compute-engine,gpu,4
239,512.0,34.01,google/compute-engine/gpu/osu_bw,google,compute-engine,gpu,4
240,1024.0,65.95,google/compute-engine/gpu/osu_bw,google,compute-engine,gpu,4
241,2048.0,128.16,google/compute-engine/gpu/osu_bw,google,compute-engine,gpu,4
242,4096.0,236.67,google/compute-engine/gpu/osu_bw,google,compute-engine,gpu,4
243,8192.0,421.49,google/compute-engine/gpu/osu_bw,google,compute-engine,gpu,4
244,16384.0,674.78,google/compute-engine/gpu/osu_bw,google,compute-engine,gpu,4
245,32768.0,971.13,google/compute-engine/gpu/osu_bw,google,compute-engine,gpu,4
246,65536.0,967.35,google/compute-engine/gpu/osu_bw,google,compute-engine,gpu,4
247,131072.0,1035.0,google/compute-engine/gpu/osu_bw,google,compute-engine,gpu,4
248,262144.0,1121.22,google/compute-engine/gpu/osu_bw,google,compute-engine,gpu,4
249,524288.0,1273.53,google/compute-engine/gpu/osu_bw,google,compute-engine,gpu,4
250,1048576.0,1337.86,google/compute-engine/gpu/osu_bw,google,compute-engine,gpu,4
251,2097152.0,1414.26,google/compute-engine/gpu/osu_bw,google,compute-engine,gpu,4
252,4194304.0,1468.07,google/compute-engine/gpu/osu_bw,google,compute-engine,gpu,4
253,1.0,0.05,google/compute-engine/gpu/osu_bw,google,compute-engine,gpu,4
254,2.0,0.1,google/compute-engine/gpu/osu_bw,google,compute-engine,gpu,4
255,4.0,0.19,google/compute-engine/gpu/osu_bw,google,compute-engine,gpu,4
256,8.0,0.4,google/compute-engine/gpu/osu_bw,google,compute-engine,gpu,4
257,16.0,0.79,google/compute-engine/gpu/osu_bw,google,compute-engine,gpu,4
258,32.0,1.44,google/compute-engine/gpu/osu_bw,google,compute-engine,gpu,4
259,64.0,3.19,google/compute-engine/gpu/osu_bw,google,compute-engine,gpu,4
260,128.0,6.44,google/compute-engine/gpu/osu_bw,google,compute-engine,gpu,4
261,256.0,12.31,google/compute-engine/gpu/osu_bw,google,compute-engine,gpu,4
262,512.0,33.53,google/compute-engine/gpu/osu_bw,google,compute-engine,gpu,4
263,1024.0,66.03,google/compute-engine/gpu/osu_bw,google,compute-engine,gpu,4
264,2048.0,128.05,google/compute-engine/gpu/osu_bw,google,compute-engine,gpu,4
265,4096.0,233.67,google/compute-engine/gpu/osu_bw,google,compute-engine,gpu,4
266,8192.0,415.45,google/compute-engine/gpu/osu_bw,google,compute-engine,gpu,4
267,16384.0,670.39,google/compute-engine/gpu/osu_bw,google,compute-engine,gpu,4
268,32768.0,952.76,google/compute-engine/gpu/osu_bw,google,compute-engine,gpu,4
269,65536.0,932.61,google/compute-engine/gpu/osu_bw,google,compute-engine,gpu,4
270,131072.0,1006.83,google/compute-engine/gpu/osu_bw,google,compute-engine,gpu,4
271,262144.0,1111.08,google/compute-engine/gpu/osu_bw,google,compute-engine,gpu,4
272,524288.0,1277.25,google/compute-engine/gpu/osu_bw,google,compute-engine,gpu,4
273,1048576.0,1357.02,google/compute-engine/gpu/osu_bw,google,compute-engine,gpu,4
274,2097152.0,1437.89,google/compute-engine/gpu/osu_bw,google,compute-engine,gpu,4
275,4194304.0,1482.23,google/compute-engine/gpu/osu_bw,google,compute-engine,gpu,4
276,1.0,0.2,google/compute-engine/gpu/osu_bw,google,compute-engine,gpu,4
277,2.0,0.37,google/compute-engine/gpu/osu_bw,google,compute-engine,gpu,4
278,4.0,0.6,google/compute-engine/gpu/osu_bw,google,compute-engine,gpu,4
279,8.0,0.94,google/compute-engine/gpu/osu_bw,google,compute-engine,gpu,4
280,16.0,3.54,google/compute-engine/gpu/osu_bw,google,compute-engine,gpu,4
281,32.0,7.86,google/compute-engine/gpu/osu_bw,google,compute-engine,gpu,4
282,64.0,22.13,google/compute-engine/gpu/osu_bw,google,compute-engine,gpu,4
283,128.0,41.2,google/compute-engine/gpu/osu_bw,google,compute-engine,gpu,4
284,256.0,78.12,google/compute-engine/gpu/osu_bw,google,compute-engine,gpu,4
285,512.0,148.74,google/compute-engine/gpu/osu_bw,google,compute-engine,gpu,4
286,1024.0,279.95,google/compute-engine/gpu/osu_bw,google,compute-engine,gpu,4
287,2048.0,504.03,google/compute-engine/gpu/osu_bw,google,compute-engine,gpu,4
288,4096.0,799.6,google/compute-engine/gpu/osu_bw,google,compute-engine,gpu,4
289,8192.0,1381.95,google/compute-engine/gpu/osu_bw,google,compute-engine,gpu,4
290,16384.0,1868.19,google/compute-engine/gpu/osu_bw,google,compute-engine,gpu,4
291,32768.0,2189.18,google/compute-engine/gpu/osu_bw,google,compute-engine,gpu,4
292,65536.0,2363.14,google/compute-engine/gpu/osu_bw,google,compute-engine,gpu,4
293,131072.0,2435.91,google/compute-engine/gpu/osu_bw,google,compute-engine,gpu,4
294,262144.0,2146.3,google/compute-engine/gpu/osu_bw,google,compute-engine,gpu,4
295,524288.0,2020.93,google/compute-engine/gpu/osu_bw,google,compute-engine,gpu,4
296,1048576.0,1934.56,google/compute-engine/gpu/osu_bw,google,compute-engine,gpu,4
297,2097152.0,1936.66,google/compute-engine/gpu/osu_bw,google,compute-engine,gpu,4
298,4194304.0,1877.68,google/compute-engine/gpu/osu_bw,google,compute-engine,gpu,4
299,1.0,0.05,google/compute-engine/gpu/osu_bw,google,compute-engine,gpu,4
300,2.0,0.1,google/compute-engine/gpu/osu_bw,google,compute-engine,gpu,4
301,4.0,0.19,google/compute-engine/gpu/osu_bw,google,compute-engine,gpu,4
302,8.0,0.38,google/compute-engine/gpu/osu_bw,google,compute-engine,gpu,4
303,16.0,0.78,google/compute-engine/gpu/osu_bw,google,compute-engine,gpu,4
304,32.0,1.57,google/compute-engine/gpu/osu_bw,google,compute-engine,gpu,4
305,64.0,3.11,google/compute-engine/gpu/osu_bw,google,compute-engine,gpu,4
306,128.0,6.32,google/compute-engine/gpu/osu_bw,google,compute-engine,gpu,4
307,256.0,13.2,google/compute-engine/gpu/osu_bw,google,compute-engine,gpu,4
308,512.0,33.44,google/compute-engine/gpu/osu_bw,google,compute-engine,gpu,4
309,1024.0,66.09,google/compute-engine/gpu/osu_bw,google,compute-engine,gpu,4
310,2048.0,126.72,google/compute-engine/gpu/osu_bw,google,compute-engine,gpu,4
311,4096.0,235.62,google/compute-engine/gpu/osu_bw,google,compute-engine,gpu,4
312,8192.0,403.62,google/compute-engine/gpu/osu_bw,google,compute-engine,gpu,4
313,16384.0,642.66,google/compute-engine/gpu/osu_bw,google,compute-engine,gpu,4
314,32768.0,960.99,google/compute-engine/gpu/osu_bw,google,compute-engine,gpu,4
315,65536.0,956.38,google/compute-engine/gpu/osu_bw,google,compute-engine,gpu,4
316,131072.0,1003.7,google/compute-engine/gpu/osu_bw,google,compute-engine,gpu,4
317,262144.0,1081.48,google/compute-engine/gpu/osu_bw,google,compute-engine,gpu,4
318,524288.0,1296.8,google/compute-engine/gpu/osu_bw,google,compute-engine,gpu,4
319,1048576.0,1373.46,google/compute-engine/gpu/osu_bw,google,compute-engine,gpu,4
320,2097152.0,1430.11,google/compute-engine/gpu/osu_bw,google,compute-engine,gpu,4
321,4194304.0,1471.9,google/compute-engine/gpu/osu_bw,google,compute-engine,gpu,4
322,1.0,0.05,google/compute-engine/gpu/osu_bw,google,compute-engine,gpu,4
323,2.0,0.08,google/compute-engine/gpu/osu_bw,google,compute-engine,gpu,4
324,4.0,0.18,google/compute-engine/gpu/osu_bw,google,compute-engine,gpu,4
325,8.0,0.36,google/compute-engine/gpu/osu_bw,google,compute-engine,gpu,4
326,16.0,0.67,google/compute-engine/gpu/osu_bw,google,compute-engine,gpu,4
327,32.0,1.4,google/compute-engine/gpu/osu_bw,google,compute-engine,gpu,4
328,64.0,2.61,google/compute-engine/gpu/osu_bw,google,compute-engine,gpu,4
329,128.0,5.7,google/compute-engine/gpu/osu_bw,google,compute-engine,gpu,4
330,256.0,11.11,google/compute-engine/gpu/osu_bw,google,compute-engine,gpu,4
331,512.0,23.94,google/compute-engine/gpu/osu_bw,google,compute-engine,gpu,4
332,1024.0,49.98,google/compute-engine/gpu/osu_bw,google,compute-engine,gpu,4
333,2048.0,104.81,google/compute-engine/gpu/osu_bw,google,compute-engine,gpu,4
334,4096.0,197.91,google/compute-engine/gpu/osu_bw,google,compute-engine,gpu,4
335,8192.0,365.14,google/compute-engine/gpu/osu_bw,google,compute-engine,gpu,4
336,16384.0,602.67,google/compute-engine/gpu/osu_bw,google,compute-engine,gpu,4
337,32768.0,838.95,google/compute-engine/gpu/osu_bw,google,compute-engine,gpu,4
338,65536.0,917.34,google/compute-engine/gpu/osu_bw,google,compute-engine,gpu,4
339,131072.0,1030.19,google/compute-engine/gpu/osu_bw,google,compute-engine,gpu,4
340,262144.0,1103.26,google/compute-engine/gpu/osu_bw,google,compute-engine,gpu,4
341,524288.0,1248.84,google/compute-engine/gpu/osu_bw,google,compute-engine,gpu,4
342,1048576.0,1258.23,google/compute-engine/gpu/osu_bw,google,compute-engine,gpu,4
343,2097152.0,1309.64,google/compute-engine/gpu/osu_bw,google,compute-engine,gpu,4
344,4194304.0,1312.68,google/compute-engine/gpu/osu_bw,google,compute-engine,gpu,4
345,1.0,0.05,google/compute-engine/gpu/osu_bw,google,compute-engine,gpu,4
346,2.0,0.1,google/compute-engine/gpu/osu_bw,google,compute-engine,gpu,4
347,4.0,0.21,google/compute-engine/gpu/osu_bw,google,compute-engine,gpu,4
348,8.0,0.39,google/compute-engine/gpu/osu_bw,google,compute-engine,gpu,4
349,16.0,0.72,google/compute-engine/gpu/osu_bw,google,compute-engine,gpu,4
350,32.0,1.51,google/compute-engine/gpu/osu_bw,google,compute-engine,gpu,4
351,64.0,3.11,google/compute-engine/gpu/osu_bw,google,compute-engine,gpu,4
352,128.0,6.61,google/compute-engine/gpu/osu_bw,google,compute-engine,gpu,4
353,256.0,12.79,google/compute-engine/gpu/osu_bw,google,compute-engine,gpu,4
354,512.0,32.82,google/compute-engine/gpu/osu_bw,google,compute-engine,gpu,4
355,1024.0,65.79,google/compute-engine/gpu/osu_bw,google,compute-engine,gpu,4
356,2048.0,126.86,google/compute-engine/gpu/osu_bw,google,compute-engine,gpu,4
357,4096.0,236.42,google/compute-engine/gpu/osu_bw,google,compute-engine,gpu,4
358,8192.0,421.4,google/compute-engine/gpu/osu_bw,google,compute-engine,gpu,4
359,16384.0,675.91,google/compute-engine/gpu/osu_bw,google,compute-engine,gpu,4
360,32768.0,961.59,google/compute-engine/gpu/osu_bw,google,compute-engine,gpu,4
361,65536.0,959.6,google/compute-engine/gpu/osu_bw,google,compute-engine,gpu,4
362,131072.0,1003.98,google/compute-engine/gpu/osu_bw,google,compute-engine,gpu,4
363,262144.0,1076.02,google/compute-engine/gpu/osu_bw,google,compute-engine,gpu,4
364,524288.0,1263.78,google/compute-engine/gpu/osu_bw,google,compute-engine,gpu,4
365,1048576.0,1334.6,google/compute-engine/gpu/osu_bw,google,compute-engine,gpu,4
366,2097152.0,1416.47,google/compute-engine/gpu/osu_bw,google,compute-engine,gpu,4
367,4194304.0,1474.68,google/compute-engine/gpu/osu_bw,google,compute-engine,gpu,4
368,1.0,0.05,google/compute-engine/gpu/osu_bw,google,compute-engine,gpu,4
369,2.0,0.1,google/compute-engine/gpu/osu_bw,google,compute-engine,gpu,4
370,4.0,0.2,google/compute-engine/gpu/osu_bw,google,compute-engine,gpu,4
371,8.0,0.42,google/compute-engine/gpu/osu_bw,google,compute-engine,gpu,4
372,16.0,0.88,google/compute-engine/gpu/osu_bw,google,compute-engine,gpu,4
373,32.0,1.66,google/compute-engine/gpu/osu_bw,google,compute-engine,gpu,4
374,64.0,3.3,google/compute-engine/gpu/osu_bw,google,compute-engine,gpu,4
375,128.0,6.88,google/compute-engine/gpu/osu_bw,google,compute-engine,gpu,4
376,256.0,13.43,google/compute-engine/gpu/osu_bw,google,compute-engine,gpu,4
377,512.0,32.44,google/compute-engine/gpu/osu_bw,google,compute-engine,gpu,4
378,1024.0,66.8,google/compute-engine/gpu/osu_bw,google,compute-engine,gpu,4
379,2048.0,128.01,google/compute-engine/gpu/osu_bw,google,compute-engine,gpu,4
380,4096.0,236.45,google/compute-engine/gpu/osu_bw,google,compute-engine,gpu,4
381,8192.0,418.56,google/compute-engine/gpu/osu_bw,google,compute-engine,gpu,4
382,16384.0,653.56,google/compute-engine/gpu/osu_bw,google,compute-engine,gpu,4
383,32768.0,955.33,google/compute-engine/gpu/osu_bw,google,compute-engine,gpu,4
384,65536.0,964.25,google/compute-engine/gpu/osu_bw,google,compute-engine,gpu,4
385,131072.0,1000.51,google/compute-engine/gpu/osu_bw,google,compute-engine,gpu,4
386,262144.0,1056.5,google/compute-engine/gpu/osu_bw,google,compute-engine,gpu,4
387,524288.0,1255.41,google/compute-engine/gpu/osu_bw,google,compute-engine,gpu,4
388,1048576.0,1332.97,google/compute-engine/gpu/osu_bw,google,compute-engine,gpu,4
389,2097152.0,1400.64,google/compute-engine/gpu/osu_bw,google,compute-engine,gpu,4
390,4194304.0,1458.04,google/compute-engine/gpu/osu_bw,google,compute-engine,gpu,4
391,1.0,0.15,google/compute-engine/gpu/osu_bw,google,compute-engine,gpu,4
392,2.0,0.4,google/compute-engine/gpu/osu_bw,google,compute-engine,gpu,4
393,4.0,0.7,google/compute-engine/gpu/osu_bw,google,compute-engine,gpu,4
394,8.0,1.19,google/compute-engine/gpu/osu_bw,google,compute-engine,gpu,4
395,16.0,2.97,google/compute-engine/gpu/osu_bw,google,compute-engine,gpu,4
396,32.0,7.56,google/compute-engine/gpu/osu_bw,google,compute-engine,gpu,4
397,64.0,21.17,google/compute-engine/gpu/osu_bw,google,compute-engine,gpu,4
398,128.0,40.41,google/compute-engine/gpu/osu_bw,google,compute-engine,gpu,4
399,256.0,74.12,google/compute-engine/gpu/osu_bw,google,compute-engine,gpu,4
400,512.0,144.52,google/compute-engine/gpu/osu_bw,google,compute-engine,gpu,4
401,1024.0,275.2,google/compute-engine/gpu/osu_bw,google,compute-engine,gpu,4
402,2048.0,478.79,google/compute-engine/gpu/osu_bw,google,compute-engine,gpu,4
403,4096.0,786.65,google/compute-engine/gpu/osu_bw,google,compute-engine,gpu,4
404,8192.0,1270.37,google/compute-engine/gpu/osu_bw,google,compute-engine,gpu,4
405,16384.0,1802.23,google/compute-engine/gpu/osu_bw,google,compute-engine,gpu,4
406,32768.0,2260.21,google/compute-engine/gpu/osu_bw,google,compute-engine,gpu,4
407,65536.0,2504.13,google/compute-engine/gpu/osu_bw,google,compute-engine,gpu,4
408,131072.0,2874.76,google/compute-engine/gpu/osu_bw,google,compute-engine,gpu,4
409,262144.0,2172.44,google/compute-engine/gpu/osu_bw,google,compute-engine,gpu,4
410,524288.0,1977.49,google/compute-engine/gpu/osu_bw,google,compute-engine,gpu,4
411,1048576.0,1937.52,google/compute-engine/gpu/osu_bw,google,compute-engine,gpu,4
412,2097152.0,1914.71,google/compute-engine/gpu/osu_bw,google,compute-engine,gpu,4
413,4194304.0,1875.51,google/compute-engine/gpu/osu_bw,google,compute-engine,gpu,4
414,1.0,0.11,azure/cyclecloud/gpu/osu_bw_dd,azure,cyclecloud,gpu,4
415,2.0,0.22,azure/cyclecloud/gpu/osu_bw_dd,azure,cyclecloud,gpu,4
416,4.0,0.44,azure/cyclecloud/gpu/osu_bw_dd,azure,cyclecloud,gpu,4
417,8.0,0.87,azure/cyclecloud/gpu/osu_bw_dd,azure,cyclecloud,gpu,4
418,16.0,1.75,azure/cyclecloud/gpu/osu_bw_dd,azure,cyclecloud,gpu,4
419,32.0,3.39,azure/cyclecloud/gpu/osu_bw_dd,azure,cyclecloud,gpu,4
420,64.0,6.77,azure/cyclecloud/gpu/osu_bw_dd,azure,cyclecloud,gpu,4
421,128.0,13.25,azure/cyclecloud/gpu/osu_bw_dd,azure,cyclecloud,gpu,4
422,256.0,27.04,azure/cyclecloud/gpu/osu_bw_dd,azure,cyclecloud,gpu,4
423,512.0,54.0,azure/cyclecloud/gpu/osu_bw_dd,azure,cyclecloud,gpu,4
424,1024.0,106.97,azure/cyclecloud/gpu/osu_bw_dd,azure,cyclecloud,gpu,4
425,2048.0,207.92,azure/cyclecloud/gpu/osu_bw_dd,azure,cyclecloud,gpu,4
426,4096.0,398.38,azure/cyclecloud/gpu/osu_bw_dd,azure,cyclecloud,gpu,4
427,8192.0,712.44,azure/cyclecloud/gpu/osu_bw_dd,azure,cyclecloud,gpu,4
428,16384.0,2684.5,azure/cyclecloud/gpu/osu_bw_dd,azure,cyclecloud,gpu,4
429,32768.0,4185.97,azure/cyclecloud/gpu/osu_bw_dd,azure,cyclecloud,gpu,4
430,65536.0,5991.44,azure/cyclecloud/gpu/osu_bw_dd,azure,cyclecloud,gpu,4
431,131072.0,7523.09,azure/cyclecloud/gpu/osu_bw_dd,azure,cyclecloud,gpu,4
432,262144.0,8568.74,azure/cyclecloud/gpu/osu_bw_dd,azure,cyclecloud,gpu,4
433,524288.0,8842.79,azure/cyclecloud/gpu/osu_bw_dd,azure,cyclecloud,gpu,4
434,1048576.0,8760.59,azure/cyclecloud/gpu/osu_bw_dd,azure,cyclecloud,gpu,4
435,2097152.0,8993.32,azure/cyclecloud/gpu/osu_bw_dd,azure,cyclecloud,gpu,4
436,4194304.0,9085.68,azure/cyclecloud/gpu/osu_bw_dd,azure,cyclecloud,gpu,4
437,1.0,0.13,azure/cyclecloud/gpu/osu_bw_dd,azure,cyclecloud,gpu,4
438,2.0,0.27,azure/cyclecloud/gpu/osu_bw_dd,azure,cyclecloud,gpu,4
439,4.0,0.55,azure/cyclecloud/gpu/osu_bw_dd,azure,cyclecloud,gpu,4
440,8.0,1.09,azure/cyclecloud/gpu/osu_bw_dd,azure,cyclecloud,gpu,4
441,16.0,2.18,azure/cyclecloud/gpu/osu_bw_dd,azure,cyclecloud,gpu,4
442,32.0,4.21,azure/cyclecloud/gpu/osu_bw_dd,azure,cyclecloud,gpu,4
443,64.0,8.4,azure/cyclecloud/gpu/osu_bw_dd,azure,cyclecloud,gpu,4
444,128.0,16.77,azure/cyclecloud/gpu/osu_bw_dd,azure,cyclecloud,gpu,4
445,256.0,33.49,azure/cyclecloud/gpu/osu_bw_dd,azure,cyclecloud,gpu,4
446,512.0,63.8,azure/cyclecloud/gpu/osu_bw_dd,azure,cyclecloud,gpu,4
447,1024.0,131.83,azure/cyclecloud/gpu/osu_bw_dd,azure,cyclecloud,gpu,4
448,2048.0,253.54,azure/cyclecloud/gpu/osu_bw_dd,azure,cyclecloud,gpu,4
449,4096.0,464.58,azure/cyclecloud/gpu/osu_bw_dd,azure,cyclecloud,gpu,4
450,8192.0,785.4,azure/cyclecloud/gpu/osu_bw_dd,azure,cyclecloud,gpu,4
451,16384.0,2681.64,azure/cyclecloud/gpu/osu_bw_dd,azure,cyclecloud,gpu,4
452,32768.0,4204.59,azure/cyclecloud/gpu/osu_bw_dd,azure,cyclecloud,gpu,4
453,65536.0,5995.64,azure/cyclecloud/gpu/osu_bw_dd,azure,cyclecloud,gpu,4
454,131072.0,7473.41,azure/cyclecloud/gpu/osu_bw_dd,azure,cyclecloud,gpu,4
455,262144.0,8543.11,azure/cyclecloud/gpu/osu_bw_dd,azure,cyclecloud,gpu,4
456,524288.0,8747.52,azure/cyclecloud/gpu/osu_bw_dd,azure,cyclecloud,gpu,4
457,1048576.0,8687.62,azure/cyclecloud/gpu/osu_bw_dd,azure,cyclecloud,gpu,4
458,2097152.0,8897.67,azure/cyclecloud/gpu/osu_bw_dd,azure,cyclecloud,gpu,4
459,4194304.0,9008.71,azure/cyclecloud/gpu/osu_bw_dd,azure,cyclecloud,gpu,4
460,1.0,0.14,azure/cyclecloud/gpu/osu_bw_dd,azure,cyclecloud,gpu,4
461,2.0,0.28,azure/cyclecloud/gpu/osu_bw_dd,azure,cyclecloud,gpu,4
462,4.0,0.55,azure/cyclecloud/gpu/osu_bw_dd,azure,cyclecloud,gpu,4
463,8.0,1.1,azure/cyclecloud/gpu/osu_bw_dd,azure,cyclecloud,gpu,4
464,16.0,2.2,azure/cyclecloud/gpu/osu_bw_dd,azure,cyclecloud,gpu,4
465,32.0,4.29,azure/cyclecloud/gpu/osu_bw_dd,azure,cyclecloud,gpu,4
466,64.0,8.56,azure/cyclecloud/gpu/osu_bw_dd,azure,cyclecloud,gpu,4
467,128.0,17.12,azure/cyclecloud/gpu/osu_bw_dd,azure,cyclecloud,gpu,4
468,256.0,34.16,azure/cyclecloud/gpu/osu_bw_dd,azure,cyclecloud,gpu,4
469,512.0,68.13,azure/cyclecloud/gpu/osu_bw_dd,azure,cyclecloud,gpu,4
470,1024.0,126.21,azure/cyclecloud/gpu/osu_bw_dd,azure,cyclecloud,gpu,4
471,2048.0,252.2,azure/cyclecloud/gpu/osu_bw_dd,azure,cyclecloud,gpu,4
472,4096.0,455.58,azure/cyclecloud/gpu/osu_bw_dd,azure,cyclecloud,gpu,4
473,8192.0,770.14,azure/cyclecloud/gpu/osu_bw_dd,azure,cyclecloud,gpu,4
474,16384.0,2689.62,azure/cyclecloud/gpu/osu_bw_dd,azure,cyclecloud,gpu,4
475,32768.0,4198.62,azure/cyclecloud/gpu/osu_bw_dd,azure,cyclecloud,gpu,4
476,65536.0,5984.13,azure/cyclecloud/gpu/osu_bw_dd,azure,cyclecloud,gpu,4
477,131072.0,7531.79,azure/cyclecloud/gpu/osu_bw_dd,azure,cyclecloud,gpu,4
478,262144.0,8609.28,azure/cyclecloud/gpu/osu_bw_dd,azure,cyclecloud,gpu,4
479,524288.0,8928.84,azure/cyclecloud/gpu/osu_bw_dd,azure,cyclecloud,gpu,4
480,1048576.0,8832.44,azure/cyclecloud/gpu/osu_bw_dd,azure,cyclecloud,gpu,4
481,2097152.0,8963.86,azure/cyclecloud/gpu/osu_bw_dd,azure,cyclecloud,gpu,4
482,4194304.0,9021.38,azure/cyclecloud/gpu/osu_bw_dd,azure,cyclecloud,gpu,4
483,1.0,0.11,azure/cyclecloud/gpu/osu_bw_dd,azure,cyclecloud,gpu,4
484,2.0,0.23,azure/cyclecloud/gpu/osu_bw_dd,azure,cyclecloud,gpu,4
485,4.0,0.45,azure/cyclecloud/gpu/osu_bw_dd,azure,cyclecloud,gpu,4
486,8.0,0.91,azure/cyclecloud/gpu/osu_bw_dd,azure,cyclecloud,gpu,4
487,16.0,1.81,azure/cyclecloud/gpu/osu_bw_dd,azure,cyclecloud,gpu,4
488,32.0,3.51,azure/cyclecloud/gpu/osu_bw_dd,azure,cyclecloud,gpu,4
489,64.0,7.03,azure/cyclecloud/gpu/osu_bw_dd,azure,cyclecloud,gpu,4
490,128.0,14.05,azure/cyclecloud/gpu/osu_bw_dd,azure,cyclecloud,gpu,4
491,256.0,26.96,azure/cyclecloud/gpu/osu_bw_dd,azure,cyclecloud,gpu,4
492,512.0,55.86,azure/cyclecloud/gpu/osu_bw_dd,azure,cyclecloud,gpu,4
493,1024.0,110.23,azure/cyclecloud/gpu/osu_bw_dd,azure,cyclecloud,gpu,4
494,2048.0,213.11,azure/cyclecloud/gpu/osu_bw_dd,azure,cyclecloud,gpu,4
495,4096.0,405.78,azure/cyclecloud/gpu/osu_bw_dd,azure,cyclecloud,gpu,4
496,8192.0,723.68,azure/cyclecloud/gpu/osu_bw_dd,azure,cyclecloud,gpu,4
497,16384.0,2740.85,azure/cyclecloud/gpu/osu_bw_dd,azure,cyclecloud,gpu,4
498,32768.0,4274.45,azure/cyclecloud/gpu/osu_bw_dd,azure,cyclecloud,gpu,4
499,65536.0,6098.33,azure/cyclecloud/gpu/osu_bw_dd,azure,cyclecloud,gpu,4
500,131072.0,7542.47,azure/cyclecloud/gpu/osu_bw_dd,azure,cyclecloud,gpu,4
501,262144.0,8585.64,azure/cyclecloud/gpu/osu_bw_dd,azure,cyclecloud,gpu,4
502,524288.0,8856.9,azure/cyclecloud/gpu/osu_bw_dd,azure,cyclecloud,gpu,4
503,1048576.0,8778.35,azure/cyclecloud/gpu/osu_bw_dd,azure,cyclecloud,gpu,4
504,2097152.0,8955.92,azure/cyclecloud/gpu/osu_bw_dd,azure,cyclecloud,gpu,4
505,4194304.0,9027.52,azure/cyclecloud/gpu/osu_bw_dd,azure,cyclecloud,gpu,4
506,1.0,0.11,azure/cyclecloud/gpu/osu_bw_dd,azure,cyclecloud,gpu,4
507,2.0,0.23,azure/cyclecloud/gpu/osu_bw_dd,azure,cyclecloud,gpu,4
508,4.0,0.45,azure/cyclecloud/gpu/osu_bw_dd,azure,cyclecloud,gpu,4
509,8.0,0.9,azure/cyclecloud/gpu/osu_bw_dd,azure,cyclecloud,gpu,4
510,16.0,1.81,azure/cyclecloud/gpu/osu_bw_dd,azure,cyclecloud,gpu,4
511,32.0,3.51,azure/cyclecloud/gpu/osu_bw_dd,azure,cyclecloud,gpu,4
512,64.0,7.02,azure/cyclecloud/gpu/osu_bw_dd,azure,cyclecloud,gpu,4
513,128.0,14.04,azure/cyclecloud/gpu/osu_bw_dd,azure,cyclecloud,gpu,4
514,256.0,26.94,azure/cyclecloud/gpu/osu_bw_dd,azure,cyclecloud,gpu,4
515,512.0,55.93,azure/cyclecloud/gpu/osu_bw_dd,azure,cyclecloud,gpu,4
516,1024.0,110.83,azure/cyclecloud/gpu/osu_bw_dd,azure,cyclecloud,gpu,4
517,2048.0,214.35,azure/cyclecloud/gpu/osu_bw_dd,azure,cyclecloud,gpu,4
518,4096.0,405.05,azure/cyclecloud/gpu/osu_bw_dd,azure,cyclecloud,gpu,4
519,8192.0,731.35,azure/cyclecloud/gpu/osu_bw_dd,azure,cyclecloud,gpu,4
520,16384.0,2710.46,azure/cyclecloud/gpu/osu_bw_dd,azure,cyclecloud,gpu,4
521,32768.0,4256.1,azure/cyclecloud/gpu/osu_bw_dd,azure,cyclecloud,gpu,4
522,65536.0,6072.46,azure/cyclecloud/gpu/osu_bw_dd,azure,cyclecloud,gpu,4
523,131072.0,7576.22,azure/cyclecloud/gpu/osu_bw_dd,azure,cyclecloud,gpu,4
524,262144.0,8619.76,azure/cyclecloud/gpu/osu_bw_dd,azure,cyclecloud,gpu,4
525,524288.0,8880.13,azure/cyclecloud/gpu/osu_bw_dd,azure,cyclecloud,gpu,4
526,1048576.0,8738.63,azure/cyclecloud/gpu/osu_bw_dd,azure,cyclecloud,gpu,4
527,2097152.0,8979.7,azure/cyclecloud/gpu/osu_bw_dd,azure,cyclecloud,gpu,4
528,4194304.0,9087.47,azure/cyclecloud/gpu/osu_bw_dd,azure,cyclecloud,gpu,4
529,1.0,0.11,azure/cyclecloud/gpu/osu_bw_dd,azure,cyclecloud,gpu,4
530,2.0,0.23,azure/cyclecloud/gpu/osu_bw_dd,azure,cyclecloud,gpu,4
531,4.0,0.46,azure/cyclecloud/gpu/osu_bw_dd,azure,cyclecloud,gpu,4
532,8.0,0.91,azure/cyclecloud/gpu/osu_bw_dd,azure,cyclecloud,gpu,4
533,16.0,1.82,azure/cyclecloud/gpu/osu_bw_dd,azure,cyclecloud,gpu,4
534,32.0,3.54,azure/cyclecloud/gpu/osu_bw_dd,azure,cyclecloud,gpu,4
535,64.0,7.04,azure/cyclecloud/gpu/osu_bw_dd,azure,cyclecloud,gpu,4
536,128.0,14.09,azure/cyclecloud/gpu/osu_bw_dd,azure,cyclecloud,gpu,4
537,256.0,27.02,azure/cyclecloud/gpu/osu_bw_dd,azure,cyclecloud,gpu,4
538,512.0,56.12,azure/cyclecloud/gpu/osu_bw_dd,azure,cyclecloud,gpu,4
539,1024.0,111.45,azure/cyclecloud/gpu/osu_bw_dd,azure,cyclecloud,gpu,4
540,2048.0,215.86,azure/cyclecloud/gpu/osu_bw_dd,azure,cyclecloud,gpu,4
541,4096.0,410.19,azure/cyclecloud/gpu/osu_bw_dd,azure,cyclecloud,gpu,4
542,8192.0,739.6,azure/cyclecloud/gpu/osu_bw_dd,azure,cyclecloud,gpu,4
543,16384.0,2744.09,azure/cyclecloud/gpu/osu_bw_dd,azure,cyclecloud,gpu,4
544,32768.0,4244.96,azure/cyclecloud/gpu/osu_bw_dd,azure,cyclecloud,gpu,4
545,65536.0,6067.16,azure/cyclecloud/gpu/osu_bw_dd,azure,cyclecloud,gpu,4
546,131072.0,7598.14,azure/cyclecloud/gpu/osu_bw_dd,azure,cyclecloud,gpu,4
547,262144.0,8532.25,azure/cyclecloud/gpu/osu_bw_dd,azure,cyclecloud,gpu,4
548,524288.0,8722.49,azure/cyclecloud/gpu/osu_bw_dd,azure,cyclecloud,gpu,4
549,1048576.0,8762.96,azure/cyclecloud/gpu/osu_bw_dd,azure,cyclecloud,gpu,4
550,2097152.0,8863.41,azure/cyclecloud/gpu/osu_bw_dd,azure,cyclecloud,gpu,4
551,4194304.0,8955.86,azure/cyclecloud/gpu/osu_bw_dd,azure,cyclecloud,gpu,4
552,1.0,4.92,azure/cyclecloud/gpu/osu_bw_hh,azure,cyclecloud,gpu,4
553,2.0,9.94,azure/cyclecloud/gpu/osu_bw_hh,azure,cyclecloud,gpu,4
554,4.0,19.99,azure/cyclecloud/gpu/osu_bw_hh,azure,cyclecloud,gpu,4
555,8.0,39.42,azure/cyclecloud/gpu/osu_bw_hh,azure,cyclecloud,gpu,4
556,16.0,79.99,azure/cyclecloud/gpu/osu_bw_hh,azure,cyclecloud,gpu,4
557,32.0,158.68,azure/cyclecloud/gpu/osu_bw_hh,azure,cyclecloud,gpu,4
558,64.0,285.19,azure/cyclecloud/gpu/osu_bw_hh,azure,cyclecloud,gpu,4
559,128.0,573.98,azure/cyclecloud/gpu/osu_bw_hh,azure,cyclecloud,gpu,4
560,256.0,1036.15,azure/cyclecloud/gpu/osu_bw_hh,azure,cyclecloud,gpu,4
561,512.0,1936.03,azure/cyclecloud/gpu/osu_bw_hh,azure,cyclecloud,gpu,4
562,1024.0,3451.37,azure/cyclecloud/gpu/osu_bw_hh,azure,cyclecloud,gpu,4
563,2048.0,5509.42,azure/cyclecloud/gpu/osu_bw_hh,azure,cyclecloud,gpu,4
564,4096.0,7851.51,azure/cyclecloud/gpu/osu_bw_hh,azure,cyclecloud,gpu,4
565,8192.0,9706.49,azure/cyclecloud/gpu/osu_bw_hh,azure,cyclecloud,gpu,4
566,16384.0,10210.86,azure/cyclecloud/gpu/osu_bw_hh,azure,cyclecloud,gpu,4
567,32768.0,10758.81,azure/cyclecloud/gpu/osu_bw_hh,azure,cyclecloud,gpu,4
568,65536.0,10975.17,azure/cyclecloud/gpu/osu_bw_hh,azure,cyclecloud,gpu,4
569,131072.0,11160.76,azure/cyclecloud/gpu/osu_bw_hh,azure,cyclecloud,gpu,4
570,262144.0,11082.54,azure/cyclecloud/gpu/osu_bw_hh,azure,cyclecloud,gpu,4
571,524288.0,9812.59,azure/cyclecloud/gpu/osu_bw_hh,azure,cyclecloud,gpu,4
572,1048576.0,9651.97,azure/cyclecloud/gpu/osu_bw_hh,azure,cyclecloud,gpu,4
573,2097152.0,10144.53,azure/cyclecloud/gpu/osu_bw_hh,azure,cyclecloud,gpu,4
574,4194304.0,9972.22,azure/cyclecloud/gpu/osu_bw_hh,azure,cyclecloud,gpu,4
575,1.0,5.17,azure/cyclecloud/gpu/osu_bw_hh,azure,cyclecloud,gpu,4
576,2.0,10.35,azure/cyclecloud/gpu/osu_bw_hh,azure,cyclecloud,gpu,4
577,4.0,20.87,azure/cyclecloud/gpu/osu_bw_hh,azure,cyclecloud,gpu,4
578,8.0,41.56,azure/cyclecloud/gpu/osu_bw_hh,azure,cyclecloud,gpu,4
579,16.0,83.46,azure/cyclecloud/gpu/osu_bw_hh,azure,cyclecloud,gpu,4
580,32.0,166.72,azure/cyclecloud/gpu/osu_bw_hh,azure,cyclecloud,gpu,4
581,64.0,291.32,azure/cyclecloud/gpu/osu_bw_hh,azure,cyclecloud,gpu,4
582,128.0,598.77,azure/cyclecloud/gpu/osu_bw_hh,azure,cyclecloud,gpu,4
583,256.0,1074.05,azure/cyclecloud/gpu/osu_bw_hh,azure,cyclecloud,gpu,4
584,512.0,2094.02,azure/cyclecloud/gpu/osu_bw_hh,azure,cyclecloud,gpu,4
585,1024.0,3632.93,azure/cyclecloud/gpu/osu_bw_hh,azure,cyclecloud,gpu,4
586,2048.0,5545.07,azure/cyclecloud/gpu/osu_bw_hh,azure,cyclecloud,gpu,4
587,4096.0,7970.38,azure/cyclecloud/gpu/osu_bw_hh,azure,cyclecloud,gpu,4
588,8192.0,9811.46,azure/cyclecloud/gpu/osu_bw_hh,azure,cyclecloud,gpu,4
589,16384.0,10280.41,azure/cyclecloud/gpu/osu_bw_hh,azure,cyclecloud,gpu,4
590,32768.0,10888.94,azure/cyclecloud/gpu/osu_bw_hh,azure,cyclecloud,gpu,4
591,65536.0,11126.68,azure/cyclecloud/gpu/osu_bw_hh,azure,cyclecloud,gpu,4
592,131072.0,11271.11,azure/cyclecloud/gpu/osu_bw_hh,azure,cyclecloud,gpu,4
593,262144.0,11106.32,azure/cyclecloud/gpu/osu_bw_hh,azure,cyclecloud,gpu,4
594,524288.0,9552.53,azure/cyclecloud/gpu/osu_bw_hh,azure,cyclecloud,gpu,4
595,1048576.0,9451.52,azure/cyclecloud/gpu/osu_bw_hh,azure,cyclecloud,gpu,4
596,2097152.0,9204.24,azure/cyclecloud/gpu/osu_bw_hh,azure,cyclecloud,gpu,4
597,4194304.0,9941.47,azure/cyclecloud/gpu/osu_bw_hh,azure,cyclecloud,gpu,4
598,1.0,4.91,azure/cyclecloud/gpu/osu_bw_hh,azure,cyclecloud,gpu,4
599,2.0,9.71,azure/cyclecloud/gpu/osu_bw_hh,azure,cyclecloud,gpu,4
600,4.0,19.66,azure/cyclecloud/gpu/osu_bw_hh,azure,cyclecloud,gpu,4
601,8.0,39.38,azure/cyclecloud/gpu/osu_bw_hh,azure,cyclecloud,gpu,4
602,16.0,78.47,azure/cyclecloud/gpu/osu_bw_hh,azure,cyclecloud,gpu,4
603,32.0,157.34,azure/cyclecloud/gpu/osu_bw_hh,azure,cyclecloud,gpu,4
604,64.0,281.54,azure/cyclecloud/gpu/osu_bw_hh,azure,cyclecloud,gpu,4
605,128.0,570.46,azure/cyclecloud/gpu/osu_bw_hh,azure,cyclecloud,gpu,4
606,256.0,1034.52,azure/cyclecloud/gpu/osu_bw_hh,azure,cyclecloud,gpu,4
607,512.0,1967.53,azure/cyclecloud/gpu/osu_bw_hh,azure,cyclecloud,gpu,4
608,1024.0,3548.15,azure/cyclecloud/gpu/osu_bw_hh,azure,cyclecloud,gpu,4
609,2048.0,5486.35,azure/cyclecloud/gpu/osu_bw_hh,azure,cyclecloud,gpu,4
610,4096.0,7766.58,azure/cyclecloud/gpu/osu_bw_hh,azure,cyclecloud,gpu,4
611,8192.0,9725.19,azure/cyclecloud/gpu/osu_bw_hh,azure,cyclecloud,gpu,4
612,16384.0,10165.3,azure/cyclecloud/gpu/osu_bw_hh,azure,cyclecloud,gpu,4
613,32768.0,10774.81,azure/cyclecloud/gpu/osu_bw_hh,azure,cyclecloud,gpu,4
614,65536.0,10920.13,azure/cyclecloud/gpu/osu_bw_hh,azure,cyclecloud,gpu,4
615,131072.0,11067.59,azure/cyclecloud/gpu/osu_bw_hh,azure,cyclecloud,gpu,4
616,262144.0,11181.41,azure/cyclecloud/gpu/osu_bw_hh,azure,cyclecloud,gpu,4
617,524288.0,10133.88,azure/cyclecloud/gpu/osu_bw_hh,azure,cyclecloud,gpu,4
618,1048576.0,9896.4,azure/cyclecloud/gpu/osu_bw_hh,azure,cyclecloud,gpu,4
619,2097152.0,10252.93,azure/cyclecloud/gpu/osu_bw_hh,azure,cyclecloud,gpu,4
620,4194304.0,10069.9,azure/cyclecloud/gpu/osu_bw_hh,azure,cyclecloud,gpu,4
621,1.0,4.97,azure/cyclecloud/gpu/osu_bw_hh,azure,cyclecloud,gpu,4
622,2.0,9.79,azure/cyclecloud/gpu/osu_bw_hh,azure,cyclecloud,gpu,4
623,4.0,19.73,azure/cyclecloud/gpu/osu_bw_hh,azure,cyclecloud,gpu,4
624,8.0,39.94,azure/cyclecloud/gpu/osu_bw_hh,azure,cyclecloud,gpu,4
625,16.0,79.17,azure/cyclecloud/gpu/osu_bw_hh,azure,cyclecloud,gpu,4
626,32.0,156.51,azure/cyclecloud/gpu/osu_bw_hh,azure,cyclecloud,gpu,4
627,64.0,286.09,azure/cyclecloud/gpu/osu_bw_hh,azure,cyclecloud,gpu,4
628,128.0,571.34,azure/cyclecloud/gpu/osu_bw_hh,azure,cyclecloud,gpu,4
629,256.0,1042.29,azure/cyclecloud/gpu/osu_bw_hh,azure,cyclecloud,gpu,4
630,512.0,1913.09,azure/cyclecloud/gpu/osu_bw_hh,azure,cyclecloud,gpu,4
631,1024.0,3699.61,azure/cyclecloud/gpu/osu_bw_hh,azure,cyclecloud,gpu,4
632,2048.0,5556.4,azure/cyclecloud/gpu/osu_bw_hh,azure,cyclecloud,gpu,4
633,4096.0,7829.04,azure/cyclecloud/gpu/osu_bw_hh,azure,cyclecloud,gpu,4
634,8192.0,9665.03,azure/cyclecloud/gpu/osu_bw_hh,azure,cyclecloud,gpu,4
635,16384.0,10201.48,azure/cyclecloud/gpu/osu_bw_hh,azure,cyclecloud,gpu,4
636,32768.0,10687.86,azure/cyclecloud/gpu/osu_bw_hh,azure,cyclecloud,gpu,4
637,65536.0,10973.65,azure/cyclecloud/gpu/osu_bw_hh,azure,cyclecloud,gpu,4
638,131072.0,11162.01,azure/cyclecloud/gpu/osu_bw_hh,azure,cyclecloud,gpu,4
639,262144.0,11064.18,azure/cyclecloud/gpu/osu_bw_hh,azure,cyclecloud,gpu,4
640,524288.0,10058.35,azure/cyclecloud/gpu/osu_bw_hh,azure,cyclecloud,gpu,4
641,1048576.0,9787.55,azure/cyclecloud/gpu/osu_bw_hh,azure,cyclecloud,gpu,4
642,2097152.0,10194.65,azure/cyclecloud/gpu/osu_bw_hh,azure,cyclecloud,gpu,4
643,4194304.0,10072.15,azure/cyclecloud/gpu/osu_bw_hh,azure,cyclecloud,gpu,4
644,1.0,4.88,azure/cyclecloud/gpu/osu_bw_hh,azure,cyclecloud,gpu,4
645,2.0,9.76,azure/cyclecloud/gpu/osu_bw_hh,azure,cyclecloud,gpu,4
646,4.0,19.76,azure/cyclecloud/gpu/osu_bw_hh,azure,cyclecloud,gpu,4
647,8.0,39.24,azure/cyclecloud/gpu/osu_bw_hh,azure,cyclecloud,gpu,4
648,16.0,77.28,azure/cyclecloud/gpu/osu_bw_hh,azure,cyclecloud,gpu,4
649,32.0,156.9,azure/cyclecloud/gpu/osu_bw_hh,azure,cyclecloud,gpu,4
650,64.0,283.83,azure/cyclecloud/gpu/osu_bw_hh,azure,cyclecloud,gpu,4
651,128.0,569.43,azure/cyclecloud/gpu/osu_bw_hh,azure,cyclecloud,gpu,4
652,256.0,1005.57,azure/cyclecloud/gpu/osu_bw_hh,azure,cyclecloud,gpu,4
653,512.0,1997.41,azure/cyclecloud/gpu/osu_bw_hh,azure,cyclecloud,gpu,4
654,1024.0,3472.79,azure/cyclecloud/gpu/osu_bw_hh,azure,cyclecloud,gpu,4
655,2048.0,5491.22,azure/cyclecloud/gpu/osu_bw_hh,azure,cyclecloud,gpu,4
656,4096.0,7810.61,azure/cyclecloud/gpu/osu_bw_hh,azure,cyclecloud,gpu,4
657,8192.0,9586.91,azure/cyclecloud/gpu/osu_bw_hh,azure,cyclecloud,gpu,4
658,16384.0,10402.37,azure/cyclecloud/gpu/osu_bw_hh,azure,cyclecloud,gpu,4
659,32768.0,10935.31,azure/cyclecloud/gpu/osu_bw_hh,azure,cyclecloud,gpu,4
660,65536.0,11067.32,azure/cyclecloud/gpu/osu_bw_hh,azure,cyclecloud,gpu,4
661,131072.0,11259.02,azure/cyclecloud/gpu/osu_bw_hh,azure,cyclecloud,gpu,4
662,262144.0,11130.02,azure/cyclecloud/gpu/osu_bw_hh,azure,cyclecloud,gpu,4
663,524288.0,9681.93,azure/cyclecloud/gpu/osu_bw_hh,azure,cyclecloud,gpu,4
664,1048576.0,9693.57,azure/cyclecloud/gpu/osu_bw_hh,azure,cyclecloud,gpu,4
665,2097152.0,10258.89,azure/cyclecloud/gpu/osu_bw_hh,azure,cyclecloud,gpu,4
666,4194304.0,9894.03,azure/cyclecloud/gpu/osu_bw_hh,azure,cyclecloud,gpu,4
667,1.0,4.94,azure/cyclecloud/gpu/osu_bw_hh,azure,cyclecloud,gpu,4
668,2.0,9.91,azure/cyclecloud/gpu/osu_bw_hh,azure,cyclecloud,gpu,4
669,4.0,19.55,azure/cyclecloud/gpu/osu_bw_hh,azure,cyclecloud,gpu,4
670,8.0,39.65,azure/cyclecloud/gpu/osu_bw_hh,azure,cyclecloud,gpu,4
671,16.0,79.22,azure/cyclecloud/gpu/osu_bw_hh,azure,cyclecloud,gpu,4
672,32.0,154.62,azure/cyclecloud/gpu/osu_bw_hh,azure,cyclecloud,gpu,4
673,64.0,285.59,azure/cyclecloud/gpu/osu_bw_hh,azure,cyclecloud,gpu,4
674,128.0,571.46,azure/cyclecloud/gpu/osu_bw_hh,azure,cyclecloud,gpu,4
675,256.0,1027.32,azure/cyclecloud/gpu/osu_bw_hh,azure,cyclecloud,gpu,4
676,512.0,1875.85,azure/cyclecloud/gpu/osu_bw_hh,azure,cyclecloud,gpu,4
677,1024.0,3217.54,azure/cyclecloud/gpu/osu_bw_hh,azure,cyclecloud,gpu,4
678,2048.0,5157.38,azure/cyclecloud/gpu/osu_bw_hh,azure,cyclecloud,gpu,4
679,4096.0,7742.54,azure/cyclecloud/gpu/osu_bw_hh,azure,cyclecloud,gpu,4
680,8192.0,9617.49,azure/cyclecloud/gpu/osu_bw_hh,azure,cyclecloud,gpu,4
681,16384.0,10148.14,azure/cyclecloud/gpu/osu_bw_hh,azure,cyclecloud,gpu,4
682,32768.0,10667.45,azure/cyclecloud/gpu/osu_bw_hh,azure,cyclecloud,gpu,4
683,65536.0,10928.73,azure/cyclecloud/gpu/osu_bw_hh,azure,cyclecloud,gpu,4
684,131072.0,11070.73,azure/cyclecloud/gpu/osu_bw_hh,azure,cyclecloud,gpu,4
685,262144.0,10954.03,azure/cyclecloud/gpu/osu_bw_hh,azure,cyclecloud,gpu,4
686,524288.0,10040.25,azure/cyclecloud/gpu/osu_bw_hh,azure,cyclecloud,gpu,4
687,1048576.0,9926.42,azure/cyclecloud/gpu/osu_bw_hh,azure,cyclecloud,gpu,4
688,2097152.0,10379.4,azure/cyclecloud/gpu/osu_bw_hh,azure,cyclecloud,gpu,4
689,4194304.0,10062.34,azure/cyclecloud/gpu/osu_bw_hh,azure,cyclecloud,gpu,4
690,1.0,4.29,azure/aks/gpu/osu_bw,azure,aks,gpu,4
691,2.0,8.57,azure/aks/gpu/osu_bw,azure,aks,gpu,4
692,4.0,17.29,azure/aks/gpu/osu_bw,azure,aks,gpu,4
693,8.0,34.2,azure/aks/gpu/osu_bw,azure,aks,gpu,4
694,16.0,69.17,azure/aks/gpu/osu_bw,azure,aks,gpu,4
695,32.0,137.83,azure/aks/gpu/osu_bw,azure,aks,gpu,4
696,64.0,215.62,azure/aks/gpu/osu_bw,azure,aks,gpu,4
697,128.0,393.33,azure/aks/gpu/osu_bw,azure,aks,gpu,4
698,256.0,739.47,azure/aks/gpu/osu_bw,azure,aks,gpu,4
699,512.0,1094.76,azure/aks/gpu/osu_bw,azure,aks,gpu,4
700,1024.0,2016.75,azure/aks/gpu/osu_bw,azure,aks,gpu,4
701,2048.0,3250.23,azure/aks/gpu/osu_bw,azure,aks,gpu,4
702,4096.0,4832.03,azure/aks/gpu/osu_bw,azure,aks,gpu,4
703,8192.0,6695.04,azure/aks/gpu/osu_bw,azure,aks,gpu,4
704,16384.0,10087.55,azure/aks/gpu/osu_bw,azure,aks,gpu,4
705,32768.0,10618.5,azure/aks/gpu/osu_bw,azure,aks,gpu,4
706,65536.0,10856.95,azure/aks/gpu/osu_bw,azure,aks,gpu,4
707,131072.0,11023.88,azure/aks/gpu/osu_bw,azure,aks,gpu,4
708,262144.0,9779.68,azure/aks/gpu/osu_bw,azure,aks,gpu,4
709,524288.0,9814.67,azure/aks/gpu/osu_bw,azure,aks,gpu,4
710,1048576.0,9549.37,azure/aks/gpu/osu_bw,azure,aks,gpu,4
711,2097152.0,10123.23,azure/aks/gpu/osu_bw,azure,aks,gpu,4
712,4194304.0,9929.53,azure/aks/gpu/osu_bw,azure,aks,gpu,4
713,1.0,4.17,azure/aks/gpu/osu_bw,azure,aks,gpu,4
714,2.0,8.6,azure/aks/gpu/osu_bw,azure,aks,gpu,4
715,4.0,17.1,azure/aks/gpu/osu_bw,azure,aks,gpu,4
716,8.0,34.22,azure/aks/gpu/osu_bw,azure,aks,gpu,4
717,16.0,68.83,azure/aks/gpu/osu_bw,azure,aks,gpu,4
718,32.0,136.15,azure/aks/gpu/osu_bw,azure,aks,gpu,4
719,64.0,217.58,azure/aks/gpu/osu_bw,azure,aks,gpu,4
720,128.0,387.76,azure/aks/gpu/osu_bw,azure,aks,gpu,4
721,256.0,733.68,azure/aks/gpu/osu_bw,azure,aks,gpu,4
722,512.0,1109.15,azure/aks/gpu/osu_bw,azure,aks,gpu,4
723,1024.0,2030.39,azure/aks/gpu/osu_bw,azure,aks,gpu,4
724,2048.0,3261.58,azure/aks/gpu/osu_bw,azure,aks,gpu,4
725,4096.0,4868.96,azure/aks/gpu/osu_bw,azure,aks,gpu,4
726,8192.0,6759.15,azure/aks/gpu/osu_bw,azure,aks,gpu,4
727,16384.0,10046.09,azure/aks/gpu/osu_bw,azure,aks,gpu,4
728,32768.0,10613.22,azure/aks/gpu/osu_bw,azure,aks,gpu,4
729,65536.0,10855.64,azure/aks/gpu/osu_bw,azure,aks,gpu,4
730,131072.0,11052.23,azure/aks/gpu/osu_bw,azure,aks,gpu,4
731,262144.0,9769.04,azure/aks/gpu/osu_bw,azure,aks,gpu,4
732,524288.0,9743.06,azure/aks/gpu/osu_bw,azure,aks,gpu,4
733,1048576.0,9648.35,azure/aks/gpu/osu_bw,azure,aks,gpu,4
734,2097152.0,9274.62,azure/aks/gpu/osu_bw,azure,aks,gpu,4
735,4194304.0,9974.04,azure/aks/gpu/osu_bw,azure,aks,gpu,4
736,1.0,4.33,azure/aks/gpu/osu_bw,azure,aks,gpu,4
737,2.0,8.68,azure/aks/gpu/osu_bw,azure,aks,gpu,4
738,4.0,17.02,azure/aks/gpu/osu_bw,azure,aks,gpu,4
739,8.0,34.67,azure/aks/gpu/osu_bw,azure,aks,gpu,4
740,16.0,69.02,azure/aks/gpu/osu_bw,azure,aks,gpu,4
741,32.0,138.4,azure/aks/gpu/osu_bw,azure,aks,gpu,4
742,64.0,211.1,azure/aks/gpu/osu_bw,azure,aks,gpu,4
743,128.0,404.0,azure/aks/gpu/osu_bw,azure,aks,gpu,4
744,256.0,719.31,azure/aks/gpu/osu_bw,azure,aks,gpu,4
745,512.0,1096.09,azure/aks/gpu/osu_bw,azure,aks,gpu,4
746,1024.0,2016.52,azure/aks/gpu/osu_bw,azure,aks,gpu,4
747,2048.0,3230.71,azure/aks/gpu/osu_bw,azure,aks,gpu,4
748,4096.0,4819.81,azure/aks/gpu/osu_bw,azure,aks,gpu,4
749,8192.0,6684.86,azure/aks/gpu/osu_bw,azure,aks,gpu,4
750,16384.0,10016.81,azure/aks/gpu/osu_bw,azure,aks,gpu,4
751,32768.0,10505.3,azure/aks/gpu/osu_bw,azure,aks,gpu,4
752,65536.0,10767.72,azure/aks/gpu/osu_bw,azure,aks,gpu,4
753,131072.0,10929.9,azure/aks/gpu/osu_bw,azure,aks,gpu,4
754,262144.0,9902.44,azure/aks/gpu/osu_bw,azure,aks,gpu,4
755,524288.0,9821.04,azure/aks/gpu/osu_bw,azure,aks,gpu,4
756,1048576.0,9679.45,azure/aks/gpu/osu_bw,azure,aks,gpu,4
757,2097152.0,10262.92,azure/aks/gpu/osu_bw,azure,aks,gpu,4
758,4194304.0,10038.3,azure/aks/gpu/osu_bw,azure,aks,gpu,4
759,1.0,4.32,azure/aks/gpu/osu_bw,azure,aks,gpu,4
760,2.0,8.71,azure/aks/gpu/osu_bw,azure,aks,gpu,4
761,4.0,17.36,azure/aks/gpu/osu_bw,azure,aks,gpu,4
762,8.0,35.07,azure/aks/gpu/osu_bw,azure,aks,gpu,4
763,16.0,68.95,azure/aks/gpu/osu_bw,azure,aks,gpu,4
764,32.0,139.85,azure/aks/gpu/osu_bw,azure,aks,gpu,4
765,64.0,212.0,azure/aks/gpu/osu_bw,azure,aks,gpu,4
766,128.0,396.99,azure/aks/gpu/osu_bw,azure,aks,gpu,4
767,256.0,733.87,azure/aks/gpu/osu_bw,azure,aks,gpu,4
768,512.0,1103.27,azure/aks/gpu/osu_bw,azure,aks,gpu,4
769,1024.0,2011.68,azure/aks/gpu/osu_bw,azure,aks,gpu,4
770,2048.0,3261.15,azure/aks/gpu/osu_bw,azure,aks,gpu,4
771,4096.0,4857.2,azure/aks/gpu/osu_bw,azure,aks,gpu,4
772,8192.0,6721.75,azure/aks/gpu/osu_bw,azure,aks,gpu,4
773,16384.0,10188.03,azure/aks/gpu/osu_bw,azure,aks,gpu,4
774,32768.0,10653.04,azure/aks/gpu/osu_bw,azure,aks,gpu,4
775,65536.0,10855.98,azure/aks/gpu/osu_bw,azure,aks,gpu,4
776,131072.0,11024.7,azure/aks/gpu/osu_bw,azure,aks,gpu,4
777,262144.0,11033.32,azure/aks/gpu/osu_bw,azure,aks,gpu,4
778,524288.0,10169.73,azure/aks/gpu/osu_bw,azure,aks,gpu,4
779,1048576.0,9934.05,azure/aks/gpu/osu_bw,azure,aks,gpu,4
780,2097152.0,10209.1,azure/aks/gpu/osu_bw,azure,aks,gpu,4
781,4194304.0,10285.06,azure/aks/gpu/osu_bw,azure,aks,gpu,4
782,1.0,4.28,azure/aks/gpu/osu_bw,azure,aks,gpu,4
783,2.0,8.73,azure/aks/gpu/osu_bw,azure,aks,gpu,4
784,4.0,17.41,azure/aks/gpu/osu_bw,azure,aks,gpu,4
785,8.0,34.69,azure/aks/gpu/osu_bw,azure,aks,gpu,4
786,16.0,69.74,azure/aks/gpu/osu_bw,azure,aks,gpu,4
787,32.0,138.58,azure/aks/gpu/osu_bw,azure,aks,gpu,4
788,64.0,217.54,azure/aks/gpu/osu_bw,azure,aks,gpu,4
789,128.0,393.8,azure/aks/gpu/osu_bw,azure,aks,gpu,4
790,256.0,731.51,azure/aks/gpu/osu_bw,azure,aks,gpu,4
791,512.0,1091.62,azure/aks/gpu/osu_bw,azure,aks,gpu,4
792,1024.0,2034.22,azure/aks/gpu/osu_bw,azure,aks,gpu,4
793,2048.0,3260.66,azure/aks/gpu/osu_bw,azure,aks,gpu,4
794,4096.0,4852.79,azure/aks/gpu/osu_bw,azure,aks,gpu,4
795,8192.0,6734.44,azure/aks/gpu/osu_bw,azure,aks,gpu,4
796,16384.0,10091.93,azure/aks/gpu/osu_bw,azure,aks,gpu,4
797,32768.0,10664.68,azure/aks/gpu/osu_bw,azure,aks,gpu,4
798,65536.0,10856.54,azure/aks/gpu/osu_bw,azure,aks,gpu,4
799,131072.0,11037.31,azure/aks/gpu/osu_bw,azure,aks,gpu,4
800,262144.0,11086.69,azure/aks/gpu/osu_bw,azure,aks,gpu,4
801,524288.0,11083.71,azure/aks/gpu/osu_bw,azure,aks,gpu,4
802,1048576.0,10060.82,azure/aks/gpu/osu_bw,azure,aks,gpu,4
803,2097152.0,10360.33,azure/aks/gpu/osu_bw,azure,aks,gpu,4
804,4194304.0,10243.7,azure/aks/gpu/osu_bw,azure,aks,gpu,4
805,1.0,4.26,azure/aks/gpu/osu_bw,azure,aks,gpu,4
806,2.0,8.7,azure/aks/gpu/osu_bw,azure,aks,gpu,4
807,4.0,17.25,azure/aks/gpu/osu_bw,azure,aks,gpu,4
808,8.0,34.56,azure/aks/gpu/osu_bw,azure,aks,gpu,4
809,16.0,68.72,azure/aks/gpu/osu_bw,azure,aks,gpu,4
810,32.0,138.57,azure/aks/gpu/osu_bw,azure,aks,gpu,4
811,64.0,215.43,azure/aks/gpu/osu_bw,azure,aks,gpu,4
812,128.0,398.69,azure/aks/gpu/osu_bw,azure,aks,gpu,4
813,256.0,740.71,azure/aks/gpu/osu_bw,azure,aks,gpu,4
814,512.0,1098.55,azure/aks/gpu/osu_bw,azure,aks,gpu,4
815,1024.0,2039.87,azure/aks/gpu/osu_bw,azure,aks,gpu,4
816,2048.0,3243.02,azure/aks/gpu/osu_bw,azure,aks,gpu,4
817,4096.0,4835.28,azure/aks/gpu/osu_bw,azure,aks,gpu,4
818,8192.0,6726.45,azure/aks/gpu/osu_bw,azure,aks,gpu,4
819,16384.0,10140.81,azure/aks/gpu/osu_bw,azure,aks,gpu,4
820,32768.0,10637.99,azure/aks/gpu/osu_bw,azure,aks,gpu,4
821,65536.0,10845.12,azure/aks/gpu/osu_bw,azure,aks,gpu,4
822,131072.0,11035.95,azure/aks/gpu/osu_bw,azure,aks,gpu,4
823,262144.0,9782.48,azure/aks/gpu/osu_bw,azure,aks,gpu,4
824,524288.0,9687.4,azure/aks/gpu/osu_bw,azure,aks,gpu,4
825,1048576.0,9734.68,azure/aks/gpu/osu_bw,azure,aks,gpu,4
826,2097152.0,10304.68,azure/aks/gpu/osu_bw,azure,aks,gpu,4
827,4194304.0,9923.46,azure/aks/gpu/osu_bw,azure,aks,gpu,4
